,Estandar1,CIE DL,CIE Da,CIE Db,CIE DC,CIE DH,Is_outlier,multiclase1
0,1,0.39,0.12,0.12,-0.11,0.13,0,1
1,1,-0.08,0.08,0.05,-0.04,0.08,0,1
2,1,0.62,-0.01,0.03,-0.03,-0.01,0,1
3,1,0.01,0.1,0.09,-0.08,0.11,0,1
4,1,-0.53,-0.02,-0.01,0.01,-0.02,1,1
5,1,-0.49,0.06,-0.01,0.01,0.06,0,1
6,1,-0.59,0.08,0.0,0.0,0.08,0,1
7,1,0.89,0.07,0.15,-0.15,0.08,0,1
8,1,-0.11,0.06,0.08,-0.08,0.07,0,1
9,1,0.15,0.21,0.2,-0.17,0.23,0,1
10,1,0.15,0.27,0.13,-0.09,0.29,0,1
11,1,0.45,0.25,0.17,-0.14,0.27,0,1
12,1,-0.36,0.2,0.18,-0.16,0.22,0,1
13,1,0.57,0.14,0.12,-0.1,0.16,0,1
14,1,0.21,0.19,0.09,-0.06,0.2,0,1
15,1,-0.93,0.15,0.06,-0.05,0.16,0,1
16,1,0.41,0.28,0.03,0.01,0.28,0,1
17,1,-1.3,0.15,0.11,-0.09,0.16,0,1
18,1,0.12,0.24,-0.03,0.06,0.24,0,1
19,1,0.86,0.19,0.03,-0.01,0.2,0,1
20,1,0.41,0.13,0.05,-0.04,0.13,0,1
21,1,0.02,0.22,0.13,-0.1,0.24,0,1
22,1,0.22,0.13,0.11,-0.09,0.14,0,1
23,1,0.07,0.1,-0.04,0.05,0.09,0,1
24,1,0.09,0.23,0.02,0.0,0.23,0,1
25,1,0.38,0.2,0.02,0.0,0.2,0,1
26,1,0.22,0.3,0.01,0.03,0.3,0,1
27,1,0.08,0.19,0.03,-0.01,0.19,0,1
28,1,0.02,0.28,0.1,-0.06,0.29,0,1
29,1,-0.11,0.24,0.05,-0.02,0.24,0,1
30,1,-0.1,0.21,0.11,-0.09,0.22,0,1
31,1,0.17,0.2,0.09,-0.07,0.21,0,1
32,1,0.34,0.21,-0.06,0.08,0.2,0,1
33,1,0.43,0.24,0.06,-0.03,0.24,0,1
34,1,0.56,0.19,-0.01,0.03,0.19,0,1
35,1,0.28,0.19,-0.08,0.1,0.18,0,1
36,1,0.3,0.27,-0.04,0.07,0.26,0,1
37,1,0.54,0.27,-0.03,0.07,0.27,0,1
38,1,0.88,0.05,0.01,-0.01,0.05,0,1
39,1,0.56,0.03,0.01,-0.01,0.03,0,1
40,1,0.48,0.23,-0.08,0.11,0.21,0,1
41,1,0.76,0.18,-0.13,0.14,0.16,0,1
42,1,0.61,0.15,-0.05,0.07,0.14,0,1
43,1,0.76,0.14,-0.11,0.13,0.13,0,1
44,1,0.51,0.18,-0.01,0.03,0.18,0,1
45,1,0.8,0.15,-0.12,0.13,0.14,0,1
46,1,0.52,0.19,-0.06,0.08,0.18,0,1
47,1,0.56,0.17,-0.08,0.1,0.16,0,1
48,1,0.36,0.21,-0.08,0.1,0.2,0,1
49,1,-0.5,0.05,0.0,0.01,0.05,0,1
50,1,1.9,0.16,-0.15,0.17,0.14,1,1
51,1,0.16,0.34,0.55,-0.47,0.44,1,1
52,1,-0.02,0.31,0.37,-0.3,0.37,0,1
53,1,0.04,0.26,0.12,-0.09,0.27,0,1
54,1,-0.48,0.35,0.07,-0.01,0.35,0,1
55,1,1.21,0.37,0.46,-0.37,0.45,1,1
56,1,-0.81,0.31,-0.02,0.07,0.31,0,1
57,1,-0.68,0.3,0.22,-0.17,0.33,0,1
58,1,-0.63,0.3,0.24,-0.19,0.34,0,1
59,1,-0.47,0.26,0.2,-0.16,0.28,0,1
60,1,-0.34,0.26,0.21,-0.17,0.29,0,1
61,1,-0.82,0.22,0.03,-0.01,0.22,0,1
62,1,-1.15,0.27,-0.12,0.15,0.25,0,1
63,1,-1.36,0.31,0.04,0.01,0.31,0,1
64,1,-0.81,0.31,0.08,-0.03,0.32,0,1
65,1,-0.52,0.27,0.03,0.01,0.27,0,1
66,1,-0.89,0.2,0.26,-0.23,0.23,0,1
67,1,-0.79,0.23,0.13,-0.1,0.25,0,1
68,1,-0.72,0.26,0.19,-0.15,0.28,0,1
69,1,-0.21,0.32,0.1,-0.05,0.33,0,1
70,1,-0.04,0.23,0.12,-0.09,0.24,0,1
71,1,-0.47,0.14,0.32,-0.31,0.17,0,1
72,1,-0.78,0.26,0.23,-0.19,0.29,0,1
73,1,-0.86,0.18,0.3,-0.28,0.21,0,1
74,1,-0.84,0.27,0.27,-0.22,0.31,0,1
75,1,-0.79,0.31,0.27,-0.21,0.35,0,1
76,1,-0.84,0.15,0.14,-0.12,0.17,0,1
77,1,-0.81,0.36,-0.11,0.17,0.34,1,1
78,1,-0.55,0.23,-0.01,0.04,0.23,0,1
79,1,-0.79,0.19,0.23,-0.2,0.22,0,1
80,1,-0.69,0.23,0.19,-0.16,0.26,0,1
81,1,-0.83,0.27,0.2,-0.16,0.29,0,1
82,1,-0.51,0.24,0.18,-0.14,0.26,0,1
83,1,-0.46,0.32,-0.11,0.16,0.3,0,1
84,1,-0.95,0.28,-0.25,0.28,0.24,1,1
85,1,-0.53,0.29,-0.12,0.16,0.27,0,1
86,1,-0.52,0.31,-0.12,0.17,0.29,0,1
87,1,-0.46,0.28,-0.01,0.05,0.28,0,1
88,1,-0.16,0.38,-0.03,0.09,0.37,0,1
89,1,-0.48,0.23,0.11,-0.07,0.24,0,1
90,1,-0.8,0.26,0.14,-0.11,0.28,0,1
91,1,-0.72,0.22,0.07,-0.04,0.23,0,1
92,1,-0.65,0.16,0.12,-0.1,0.17,0,1
93,1,-0.5,0.2,0.07,-0.04,0.21,0,1
94,1,-0.76,0.24,0.01,0.02,0.24,0,1
95,1,-0.83,0.29,0.02,0.02,0.29,0,1
96,1,-1.01,0.26,0.16,-0.12,0.28,0,1
97,1,-0.98,0.18,0.33,-0.31,0.22,0,1
98,1,-0.49,0.2,0.1,-0.08,0.21,0,1
99,1,-0.15,0.15,0.04,-0.03,0.15,0,1
100,1,-0.15,0.15,0.04,-0.03,0.15,0,1
101,1,-1.0,0.22,-0.04,0.06,0.21,0,1
102,1,-0.53,0.24,0.08,-0.05,0.25,0,1
103,1,-0.52,0.25,0.03,0.0,0.25,0,1
104,1,-0.46,0.3,0.17,-0.12,0.32,0,1
105,1,-1.24,0.24,0.07,-0.04,0.25,0,1
106,1,-0.59,0.27,0.16,-0.12,0.29,0,1
107,1,-0.51,0.3,0.13,-0.08,0.31,0,1
108,1,-0.17,0.3,0.15,-0.1,0.32,0,1
109,1,-0.28,0.31,0.19,-0.13,0.34,0,1
110,1,-0.49,0.29,0.25,-0.2,0.33,0,1
111,1,-0.52,0.31,0.16,-0.11,0.33,0,1
112,1,-0.71,0.26,0.2,-0.16,0.29,0,1
113,1,-0.75,0.36,0.2,-0.14,0.39,0,1
114,1,-0.5,0.23,0.17,-0.14,0.26,0,1
115,1,-0.57,0.24,0.23,-0.2,0.27,0,1
116,1,-0.58,0.29,0.14,-0.09,0.31,0,1
117,1,-0.64,0.22,0.22,-0.19,0.25,0,1
118,1,-0.37,0.28,0.26,-0.22,0.31,0,1
119,1,-0.81,0.32,0.17,-0.12,0.35,0,1
120,1,-0.65,0.3,0.2,-0.14,0.33,0,1
121,1,-0.63,0.26,0.19,-0.15,0.28,0,1
122,1,-0.52,0.31,0.16,-0.11,0.33,0,1
123,1,-0.52,0.24,0.29,-0.25,0.28,0,1
124,1,-1.48,0.14,0.25,-0.24,0.17,1,1
125,1,-0.47,0.14,0.32,-0.31,0.17,0,1
126,1,-0.87,0.09,0.23,-0.22,0.11,0,1
127,1,-1.59,0.31,0.51,-0.45,0.4,1,1
128,1,-0.9,0.25,0.26,-0.22,0.28,0,1
129,1,-0.88,0.24,0.25,-0.21,0.27,0,1
130,1,-1.08,0.25,0.24,-0.2,0.28,0,1
131,1,-1.41,0.29,0.37,-0.31,0.35,0,1
132,1,-0.98,0.27,0.27,-0.22,0.3,0,1
133,1,-1.04,0.26,0.24,-0.19,0.3,0,1
134,1,-0.82,0.29,0.27,-0.22,0.33,0,1
135,1,-0.81,0.33,0.28,-0.22,0.38,0,1
136,1,-1.94,0.33,0.34,-0.28,0.39,1,1
137,1,-0.86,0.29,0.28,-0.23,0.33,0,1
138,1,0.18,0.3,0.14,-0.09,0.31,0,1
139,1,-1.14,0.28,0.33,-0.28,0.33,0,1
140,1,-0.18,0.31,0.22,-0.17,0.34,0,1
141,1,-1.33,0.3,0.47,-0.4,0.38,1,1
142,1,-0.91,0.26,0.27,-0.23,0.3,0,1
143,1,-0.9,0.22,0.13,-0.1,0.24,0,1
144,1,-0.8,0.32,0.24,-0.18,0.35,0,1
145,1,-1.57,0.26,0.42,-0.37,0.33,1,1
146,1,-0.79,0.31,0.24,-0.19,0.34,0,1
147,1,-0.64,0.23,0.27,-0.24,0.27,0,1
148,1,-0.78,0.16,0.16,-0.14,0.17,0,1
149,1,-0.72,0.12,0.25,-0.24,0.14,0,1
150,1,-0.5,0.26,0.25,-0.21,0.29,0,1
151,1,-0.48,0.22,0.22,-0.19,0.25,0,1
152,1,-0.42,0.24,0.25,-0.21,0.27,0,1
153,1,-0.43,0.25,0.18,-0.14,0.27,0,1
154,1,-0.39,0.26,0.19,-0.15,0.29,0,1
155,1,-0.83,0.24,0.28,-0.25,0.28,0,1
156,1,-0.36,0.26,0.23,-0.19,0.29,0,1
157,1,-0.3,0.28,0.24,-0.2,0.31,0,1
158,1,-0.58,0.24,0.24,-0.2,0.27,0,1
159,1,-0.53,0.21,0.28,-0.25,0.24,0,1
160,1,-0.24,0.16,0.1,-0.08,0.17,0,1
161,1,-1.28,0.28,0.45,-0.4,0.36,1,1
162,1,-0.97,0.23,0.29,-0.25,0.27,0,1
163,1,-0.71,0.27,0.27,-0.22,0.31,0,1
164,1,-0.85,0.1,0.17,-0.16,0.11,0,1
165,1,-1.13,0.29,0.37,-0.32,0.35,0,1
166,1,0.05,0.33,0.0,0.06,0.33,0,1
167,1,-0.86,0.23,0.02,0.01,0.23,0,1
168,1,0.32,0.23,0.32,-0.29,0.27,0,1
169,1,0.06,0.24,0.34,-0.3,0.29,0,1
170,1,0.13,0.25,0.31,-0.27,0.29,0,1
171,1,0.47,0.09,0.28,-0.27,0.11,0,1
172,1,0.44,0.11,0.28,-0.27,0.14,0,1
173,1,0.11,0.21,0.37,-0.34,0.26,0,1
174,1,0.19,0.22,0.38,-0.35,0.27,0,1
175,1,0.37,0.23,0.37,-0.33,0.28,0,1
176,1,0.3,0.2,0.41,-0.38,0.25,0,1
177,1,0.09,0.21,0.31,-0.28,0.25,0,1
178,1,-0.53,0.23,0.28,-0.24,0.26,0,1
179,1,0.26,0.2,0.26,-0.24,0.23,0,1
180,1,-0.01,0.23,0.26,-0.22,0.27,0,1
181,1,0.11,0.23,0.29,-0.25,0.27,0,1
182,1,0.05,0.26,0.27,-0.23,0.3,0,1
183,1,0.01,0.23,0.24,-0.21,0.26,0,1
184,1,-0.46,0.19,0.35,-0.33,0.23,0,1
185,1,-0.08,0.2,0.37,-0.34,0.24,0,1
186,1,0.06,0.2,0.34,-0.31,0.24,0,1
187,1,-0.07,0.21,0.36,-0.33,0.26,0,1
188,1,-0.17,0.21,0.34,-0.31,0.26,0,1
189,1,-0.04,0.21,0.37,-0.33,0.26,0,1
190,1,0.28,0.22,0.3,-0.27,0.25,0,1
191,1,0.22,0.24,0.3,-0.26,0.28,0,1
192,1,0.27,0.21,0.32,-0.29,0.25,0,1
193,1,0.13,0.22,0.28,-0.25,0.25,0,1
194,1,-0.35,0.2,0.37,-0.34,0.25,0,1
195,1,0.03,0.2,0.32,-0.29,0.24,0,1
196,1,0.09,0.25,0.38,-0.34,0.3,0,1
197,1,-0.38,0.21,0.35,-0.32,0.25,0,1
198,1,-0.06,0.22,0.32,-0.29,0.27,0,1
199,1,0.08,0.23,0.37,-0.33,0.28,0,1
200,1,-0.57,0.21,0.26,-0.23,0.25,0,1
201,1,-0.51,0.24,0.27,-0.24,0.27,0,1
202,1,0.19,0.21,0.32,-0.29,0.25,0,1
203,1,0.0,0.19,0.36,-0.33,0.24,0,1
204,1,-0.01,0.22,0.36,-0.33,0.27,0,1
205,1,-0.04,0.21,0.37,-0.34,0.26,0,1
206,1,-0.36,0.26,0.21,-0.17,0.28,0,1
207,1,0.72,0.24,0.25,-0.21,0.27,0,1
208,1,0.06,0.31,0.31,-0.25,0.35,0,1
209,1,-0.03,0.31,0.33,-0.27,0.36,0,1
210,1,-0.54,0.27,0.21,-0.17,0.3,0,1
211,1,0.76,0.23,0.23,-0.2,0.26,0,1
212,1,-0.04,0.31,0.34,-0.28,0.36,0,1
213,1,-0.04,0.34,0.26,-0.2,0.38,0,1
214,1,-0.17,0.34,0.28,-0.21,0.39,0,1
215,1,-0.27,0.35,0.24,-0.17,0.39,0,1
216,1,-0.33,0.24,0.23,-0.2,0.27,0,1
217,1,-0.07,0.3,0.36,-0.3,0.35,0,1
218,1,0.13,0.31,0.33,-0.27,0.36,0,1
219,1,-0.34,0.25,0.18,-0.15,0.28,0,1
220,1,0.14,0.3,0.28,-0.23,0.34,0,1
221,1,0.0,0.31,0.31,-0.25,0.36,0,1
222,1,0.15,0.31,0.31,-0.25,0.36,0,1
223,1,0.07,0.27,0.24,-0.2,0.3,0,1
224,1,-0.21,0.28,0.36,-0.3,0.33,0,1
225,1,0.34,0.19,0.3,-0.27,0.22,0,1
226,1,0.6,0.1,0.28,-0.27,0.12,0,1
227,1,0.36,0.09,0.33,-0.32,0.12,0,1
228,1,0.1,0.22,0.31,-0.28,0.26,0,1
229,1,0.07,0.23,0.31,-0.28,0.27,0,1
230,1,0.0,0.28,0.34,-0.29,0.33,0,1
231,1,-0.25,0.27,0.41,-0.36,0.33,0,1
232,1,0.18,0.26,0.3,-0.26,0.3,0,1
233,1,0.12,0.22,0.31,-0.28,0.26,0,1
234,1,-0.03,0.24,0.25,-0.21,0.28,0,1
235,1,0.01,0.27,0.26,-0.22,0.31,0,1
236,1,0.78,0.22,0.27,-0.23,0.25,0,1
237,1,-0.28,0.25,0.19,-0.15,0.27,0,1
238,1,0.1,0.27,0.29,-0.25,0.32,0,1
239,1,0.02,0.29,0.23,-0.19,0.32,0,1
240,1,-0.08,0.35,0.26,-0.19,0.39,0,1
241,1,0.05,0.22,0.25,-0.22,0.25,0,1
242,1,-0.29,0.2,0.24,-0.21,0.23,0,1
243,1,-0.21,0.21,0.36,-0.32,0.25,0,1
244,1,-0.17,0.19,0.22,-0.2,0.22,0,1
245,1,-0.43,0.23,0.23,-0.2,0.26,0,1
246,1,0.27,0.34,0.24,-0.18,0.37,0,1
247,1,0.18,0.28,0.3,-0.25,0.32,0,1
248,1,0.15,0.29,0.2,-0.16,0.31,0,1
249,1,0.31,0.23,0.35,-0.31,0.28,0,1
250,1,0.04,0.29,0.15,-0.11,0.31,0,1
251,1,0.3,0.24,0.35,-0.31,0.29,0,1
252,1,0.21,0.26,0.35,-0.3,0.31,0,1
253,1,-0.07,0.26,0.1,-0.07,0.27,0,1
254,1,-0.21,0.21,0.29,-0.26,0.25,0,1
255,1,0.45,0.13,0.29,-0.27,0.16,0,1
256,1,0.23,0.18,0.28,-0.25,0.21,0,1
257,1,0.27,0.2,0.23,-0.2,0.23,0,1
258,1,0.27,0.16,0.31,-0.29,0.19,0,1
259,1,0.41,0.14,0.33,-0.31,0.18,0,1
260,1,0.12,0.19,0.33,-0.3,0.23,0,1
261,1,0.11,0.34,0.36,-0.29,0.4,0,1
262,1,-0.33,0.42,0.26,-0.17,0.47,0,1
263,1,0.15,0.33,0.02,0.03,0.33,0,1
264,1,-0.27,0.33,-0.02,0.07,0.33,0,1
265,1,-0.14,0.27,-0.07,0.1,0.26,0,1
266,1,0.11,0.42,-0.04,0.12,0.41,1,1
267,1,-0.35,0.34,0.17,-0.11,0.36,0,1
268,1,0.16,0.4,0.12,-0.04,0.41,1,1
269,1,0.0,0.24,0.0,0.03,0.24,0,1
270,1,0.15,0.3,0.03,0.02,0.3,0,1
271,1,-0.02,0.3,0.07,-0.02,0.31,0,1
272,1,-0.05,0.32,0.34,-0.28,0.37,0,1
273,1,-0.34,0.39,0.29,-0.21,0.44,0,1
274,1,-0.78,0.32,0.1,-0.05,0.33,0,1
275,1,0.01,0.34,0.04,0.01,0.34,0,1
276,1,-0.42,0.34,0.06,0.0,0.35,0,1
277,1,-0.56,0.31,0.13,-0.08,0.32,0,1
278,1,0.29,0.32,0.29,-0.23,0.37,0,1
279,1,0.29,0.31,0.31,-0.25,0.36,0,1
280,1,0.24,0.34,0.29,-0.22,0.39,0,1
281,1,-0.13,0.28,0.36,-0.31,0.33,0,1
282,1,0.17,0.31,0.31,-0.25,0.36,0,1
283,1,-0.04,0.25,0.35,-0.3,0.3,0,1
284,1,-0.18,0.27,0.36,-0.31,0.32,0,1
285,1,-0.12,0.2,0.28,-0.25,0.23,0,1
286,1,-0.33,0.25,0.32,-0.28,0.3,0,1
287,1,0.33,0.2,0.24,-0.21,0.23,0,1
288,1,0.44,0.24,0.23,-0.19,0.27,0,1
289,1,0.33,0.2,0.24,-0.21,0.23,0,1
290,1,-0.12,0.31,0.32,-0.26,0.36,0,1
291,1,0.11,0.3,0.33,-0.28,0.36,0,1
292,1,-0.22,0.22,0.28,-0.25,0.26,0,1
293,1,-0.63,0.25,0.31,-0.27,0.29,0,1
294,1,-0.46,0.25,0.34,-0.3,0.3,0,1
295,1,-0.52,0.31,0.28,-0.22,0.35,0,1
296,1,-0.49,0.31,0.34,-0.28,0.37,0,1
297,1,-0.41,0.3,0.34,-0.28,0.35,0,1
298,1,0.52,0.26,0.3,-0.26,0.31,0,1
299,1,0.33,0.24,0.35,-0.31,0.29,0,1
300,1,0.38,0.23,0.33,-0.3,0.27,0,1
301,1,0.37,0.27,0.31,-0.27,0.31,0,1
302,1,0.18,0.21,0.39,-0.36,0.26,0,1
303,1,0.1,0.25,0.37,-0.32,0.3,0,1
304,1,0.08,0.3,0.39,-0.33,0.37,0,1
305,1,-0.37,0.24,0.19,-0.16,0.26,0,1
306,1,0.15,0.3,0.33,-0.28,0.35,0,1
307,1,0.03,0.27,0.37,-0.32,0.33,0,1
308,1,-0.81,0.29,0.34,-0.29,0.34,0,1
309,1,-0.77,0.28,0.3,-0.26,0.32,0,1
310,1,-0.34,0.34,0.34,-0.27,0.4,0,1
311,1,-0.08,0.19,0.33,-0.3,0.23,0,1
312,1,-0.24,0.17,0.39,-0.37,0.21,0,1
313,1,-0.36,0.29,0.41,-0.35,0.36,0,1
314,1,-0.22,0.3,0.37,-0.31,0.36,0,1
315,1,0.44,0.19,0.31,-0.29,0.23,0,1
316,1,0.46,0.21,0.27,-0.24,0.24,0,1
317,1,0.25,0.19,0.28,-0.25,0.22,0,1
318,1,0.28,0.21,0.28,-0.25,0.24,0,1
319,1,-0.02,0.24,0.26,-0.23,0.27,0,1
320,1,-0.05,0.22,0.26,-0.23,0.26,0,1
321,1,-0.34,0.22,0.23,-0.2,0.25,0,1
322,1,-0.14,0.22,0.31,-0.28,0.25,0,1
323,1,-0.12,0.22,0.28,-0.25,0.25,0,1
324,1,0.51,0.21,0.28,-0.25,0.25,0,1
325,1,0.54,0.24,0.27,-0.24,0.28,0,1
326,1,0.36,0.23,0.29,-0.25,0.27,0,1
327,1,0.68,0.25,0.25,-0.21,0.29,0,1
328,1,0.02,0.3,0.33,-0.27,0.35,0,1
329,1,0.15,0.29,0.32,-0.26,0.34,0,1
330,1,-0.27,0.31,0.34,-0.28,0.36,0,1
331,1,-0.12,0.24,0.18,-0.15,0.26,0,1
332,1,0.19,0.23,0.26,-0.23,0.26,0,1
333,1,-0.3,0.22,0.25,-0.21,0.26,0,1
334,1,0.34,0.26,-0.14,0.17,0.24,0,1
335,1,0.25,0.23,0.21,-0.18,0.26,0,1
336,1,0.63,0.21,0.18,-0.15,0.23,0,1
337,1,0.47,0.24,0.17,-0.14,0.26,0,1
338,1,-0.11,0.28,0.38,-0.33,0.34,0,1
339,1,0.01,0.28,0.33,-0.28,0.33,0,1
340,1,0.37,0.22,0.1,-0.07,0.23,0,1
341,1,0.06,0.31,0.34,-0.28,0.37,0,1
342,1,0.52,0.22,0.1,-0.07,0.23,0,1
343,1,0.33,0.19,0.11,-0.09,0.2,0,1
344,1,0.22,0.26,0.28,-0.24,0.3,0,1
345,1,0.53,0.27,0.26,-0.21,0.31,0,1
346,1,0.31,0.27,0.23,-0.18,0.3,0,1
347,1,0.0,0.23,0.21,-0.18,0.25,0,1
348,1,0.37,0.2,0.21,-0.19,0.23,0,1
349,1,0.25,0.19,0.23,-0.2,0.21,0,1
350,1,0.53,0.19,0.21,-0.19,0.21,0,1
351,1,0.75,0.12,0.24,-0.23,0.14,0,1
352,1,0.48,0.11,0.23,-0.22,0.13,0,1
353,1,0.5,0.14,0.26,-0.24,0.16,0,1
354,1,0.52,0.14,0.24,-0.22,0.16,0,1
355,1,0.52,0.23,0.2,-0.17,0.26,0,1
356,1,0.36,0.23,0.16,-0.13,0.25,0,1
357,1,0.62,0.2,0.16,-0.13,0.22,0,1
358,1,0.61,0.18,0.16,-0.14,0.2,0,1
359,1,0.32,0.24,0.25,-0.22,0.27,0,1
360,1,-0.08,0.23,0.23,-0.2,0.26,0,1
361,1,-0.26,0.22,0.24,-0.21,0.25,0,1
362,1,0.11,0.21,0.25,-0.22,0.25,0,1
363,1,0.2,0.2,0.25,-0.23,0.23,0,1
364,1,0.0,0.25,0.22,-0.18,0.28,0,1
365,1,-0.14,0.21,0.08,-0.05,0.22,0,1
366,1,-0.06,0.23,0.09,-0.06,0.24,0,1
367,1,-0.03,0.21,0.07,-0.05,0.22,0,1
368,1,0.13,0.17,0.22,-0.2,0.2,0,1
369,1,0.34,0.17,0.21,-0.19,0.19,0,1
370,1,0.06,0.18,0.23,-0.21,0.21,0,1
371,1,0.21,0.24,0.26,-0.22,0.27,0,1
372,1,0.26,0.22,0.28,-0.25,0.25,0,1
373,1,0.17,0.22,0.28,-0.25,0.25,0,1
374,1,-0.07,0.16,0.14,-0.12,0.17,0,1
375,1,-0.07,0.18,0.11,-0.09,0.19,0,1
376,1,0.05,0.19,0.12,-0.1,0.2,0,1
377,1,-0.34,0.23,0.29,-0.26,0.27,0,1
378,1,-0.02,0.27,0.03,0.01,0.27,0,1
379,1,0.03,0.38,0.09,-0.02,0.39,0,1
380,1,0.01,0.34,0.04,0.01,0.34,0,1
381,1,-0.42,0.34,0.06,0.0,0.35,0,1
382,1,-0.56,0.31,0.13,-0.08,0.32,0,1
383,1,-0.48,0.34,0.12,-0.07,0.35,0,1
384,1,-0.48,0.29,0.14,-0.09,0.31,0,1
385,1,-0.84,0.23,0.17,-0.14,0.25,0,1
386,1,-0.14,0.31,0.15,-0.1,0.33,0,1
387,1,0.34,0.33,0.1,-0.05,0.34,0,1
388,1,-0.52,0.2,0.13,-0.11,0.21,0,1
389,1,-0.71,0.19,0.08,-0.06,0.19,0,1
390,1,-0.67,0.28,0.16,-0.11,0.3,0,1
391,1,0.32,0.34,0.08,-0.02,0.35,0,1
392,1,-0.31,0.26,0.0,0.03,0.26,0,1
393,1,-0.36,0.34,0.01,0.05,0.33,1,1
394,1,-0.56,0.31,0.15,-0.1,0.33,0,1
395,1,-0.89,0.23,-0.06,0.09,0.22,0,1
396,1,-0.3,0.3,0.12,-0.08,0.32,0,1
397,1,-0.36,0.38,0.11,-0.04,0.39,0,1
398,1,-0.67,0.34,0.2,-0.14,0.37,0,1
399,1,-0.01,0.22,0.25,-0.22,0.25,0,1
400,1,-0.44,0.26,0.37,-0.33,0.32,0,1
401,1,-0.28,0.22,0.26,-0.22,0.26,0,1
402,1,0.11,0.06,0.22,-0.21,0.07,1,1
403,1,-0.76,0.18,0.23,-0.21,0.21,0,1
404,1,-0.87,0.22,0.23,-0.2,0.25,0,1
405,1,-0.74,0.17,0.28,-0.26,0.21,0,1
406,1,-0.98,0.28,0.24,-0.19,0.31,0,1
407,1,-0.28,0.35,0.1,-0.04,0.36,0,1
408,1,0.0,0.34,0.1,-0.04,0.36,0,1
409,1,-0.62,0.24,0.22,-0.19,0.26,0,1
410,1,-0.51,0.24,0.18,-0.14,0.26,0,1
411,1,-0.41,0.16,0.13,-0.11,0.18,0,1
412,1,-0.25,0.27,0.12,-0.08,0.28,0,1
413,1,-0.81,0.23,0.22,-0.19,0.26,0,1
414,1,-0.49,0.17,0.27,-0.25,0.19,0,1
415,1,-0.57,0.17,0.22,-0.2,0.19,0,1
416,1,0.05,0.33,0.0,0.06,0.33,0,1
417,1,-0.16,0.34,0.03,0.02,0.34,0,1
418,1,0.08,0.33,0.11,-0.06,0.35,0,1
419,1,-0.25,0.35,0.06,0.0,0.36,0,1
420,1,0.23,0.36,0.0,0.05,0.35,0,1
421,1,-0.17,0.36,0.05,0.01,0.37,0,1
422,1,-0.02,0.35,0.01,0.04,0.35,0,1
423,1,0.1,0.31,0.01,0.04,0.31,0,1
424,1,-0.03,0.23,-0.01,0.03,0.23,0,1
425,1,-0.7,0.22,-0.01,0.03,0.22,0,1
426,1,-0.08,0.24,0.03,0.0,0.24,0,1
427,1,-0.32,0.26,0.1,-0.07,0.27,0,1
428,1,-0.8,0.35,0.1,-0.04,0.36,0,1
429,1,-0.93,0.36,0.1,-0.04,0.37,0,1
430,1,-1.15,0.35,0.03,0.03,0.35,0,1
431,1,-0.84,0.38,0.1,-0.03,0.4,0,1
432,1,0.69,0.11,0.07,-0.06,0.12,0,1
433,1,-0.01,0.06,0.01,-0.01,0.06,0,1
434,1,0.68,-0.18,-0.13,0.13,-0.18,1,1
435,1,0.36,0.03,-0.03,0.03,0.03,0,1
436,1,0.3,0.04,-0.04,0.04,0.04,0,1
437,1,0.32,0.03,-0.04,0.04,0.03,0,1
438,1,-0.78,0.41,0.09,-0.01,0.42,1,1
439,1,-0.43,0.07,0.07,-0.07,0.07,0,1
440,1,-0.12,0.0,0.0,0.0,0.0,0,1
441,1,0.22,-0.02,0.04,-0.04,-0.02,1,1
442,1,0.25,0.03,-0.05,0.05,0.03,0,1
443,1,0.29,0.05,-0.08,0.08,0.05,0,1
444,1,0.17,0.03,-0.03,0.04,0.03,0,1
445,1,0.22,0.04,-0.08,0.08,0.03,0,1
446,1,0.26,-0.02,0.06,-0.06,-0.02,1,1
447,1,0.38,-0.01,0.03,-0.03,-0.01,0,1
448,1,0.05,-0.04,0.0,0.0,-0.04,1,1
449,1,0.15,0.11,0.11,-0.1,0.12,0,1
450,1,0.44,-0.04,0.01,-0.01,-0.04,1,1
451,1,-0.26,0.11,0.16,-0.15,0.12,0,1
452,1,-0.05,0.13,0.14,-0.13,0.14,0,1
453,1,0.03,0.12,0.14,-0.13,0.13,0,1
454,1,0.13,0.0,-0.04,0.04,0.0,0,1
455,1,-0.06,0.04,-0.05,0.05,0.03,0,1
456,1,0.08,0.03,-0.06,0.06,0.03,0,1
457,1,-0.04,0.07,-0.03,0.04,0.06,0,1
458,1,0.62,0.01,-0.15,0.15,0.01,1,1
459,1,0.55,0.03,-0.14,0.14,0.02,0,1
460,1,0.7,0.0,-0.2,0.2,-0.01,1,1
461,1,0.62,0.01,-0.14,0.14,0.01,1,1
462,1,0.25,0.04,-0.08,0.08,0.04,0,1
463,1,-0.27,0.08,0.05,-0.04,0.08,0,1
464,1,-0.95,0.27,0.08,-0.05,0.27,0,1
465,1,-0.15,0.06,0.03,-0.03,0.06,0,1
466,1,0.48,0.28,0.11,-0.07,0.29,0,1
467,1,0.73,0.04,-0.34,0.34,0.03,1,1
468,1,0.66,0.03,-0.31,0.31,0.01,1,1
469,1,0.47,0.04,-0.17,0.18,0.03,1,1
470,1,0.37,0.03,-0.21,0.21,0.02,1,1
471,1,-0.22,0.07,-0.08,0.08,0.07,0,1
472,1,-0.58,0.13,-0.01,0.02,0.13,0,1
473,1,-0.57,0.1,-0.02,0.03,0.09,0,1
474,1,-0.7,0.21,-0.04,0.06,0.2,0,1
475,1,-0.87,0.1,0.0,0.01,0.1,0,1
476,1,-0.61,0.06,0.07,-0.07,0.07,0,1
477,1,-0.74,0.07,0.02,-0.01,0.07,0,1
478,1,-0.57,0.12,-0.03,0.04,0.12,0,1
479,1,-0.33,0.07,-0.11,0.12,0.06,0,1
480,1,-0.67,0.1,-0.08,0.09,0.09,0,1
481,1,-0.71,-0.08,0.1,-0.1,-0.07,1,1
482,1,-0.83,0.07,0.02,-0.01,0.07,0,1
483,1,-0.59,0.12,-0.06,0.07,0.12,0,1
484,1,-0.14,0.02,0.02,-0.02,0.02,0,1
485,1,-0.49,0.0,-0.04,0.04,0.0,0,1
486,1,-0.04,0.12,-0.15,0.16,0.1,0,1
487,1,-0.45,0.02,-0.04,0.04,0.02,0,1
488,1,-0.56,0.12,-0.07,0.08,0.12,0,1
489,1,-0.88,0.12,-0.05,0.06,0.12,0,1
490,1,-0.66,0.01,-0.06,0.06,0.01,0,1
491,1,-1.12,0.11,-0.03,0.04,0.1,0,1
492,1,-0.5,0.05,0.0,0.01,0.05,0,1
493,1,-0.55,0.03,-0.07,0.07,0.03,0,1
494,1,-0.62,0.07,-0.05,0.05,0.07,0,1
495,1,-0.45,0.07,-0.05,0.06,0.07,0,1
496,1,-0.67,0.11,-0.04,0.05,0.11,0,1
497,1,0.75,0.01,-0.33,0.33,0.0,1,1
498,1,-0.6,0.09,-0.02,0.03,0.09,0,1
499,1,0.02,0.1,-0.1,0.11,0.09,0,1
500,1,-0.4,0.15,0.0,0.01,0.15,0,1
501,1,-0.34,0.37,0.49,-0.4,0.47,1,1
502,1,0.55,0.27,-0.02,0.06,0.27,0,1
503,1,0.15,0.27,0.04,0.0,0.28,0,1
504,1,0.23,0.31,0.09,-0.04,0.32,0,1
505,1,0.48,0.25,-0.03,0.06,0.24,0,1
506,1,0.33,0.31,0.05,-0.01,0.31,0,1
507,1,0.32,0.25,0.08,-0.05,0.26,0,1
508,1,0.35,0.22,0.01,0.02,0.22,0,1
509,1,0.12,0.3,0.17,-0.12,0.33,0,1
510,1,-0.79,0.05,0.0,0.0,0.05,0,1
511,1,-0.53,0.07,0.04,-0.03,0.08,0,1
512,1,-0.22,0.07,-0.05,0.06,0.07,0,1
513,1,-0.19,0.07,-0.04,0.05,0.06,0,1
514,1,-0.9,0.3,0.44,-0.38,0.37,0,1
515,1,-0.74,0.29,0.37,-0.32,0.35,0,1
516,1,-0.8,0.3,0.33,-0.28,0.36,0,1
517,1,-0.91,0.32,0.42,-0.35,0.39,0,1
518,1,-1.02,0.48,0.59,-0.44,0.62,1,1
519,1,-1.05,0.29,0.55,-0.48,0.39,1,1
520,1,-0.88,0.31,0.53,-0.46,0.41,1,1
521,1,-0.91,0.4,0.56,-0.45,0.52,1,1
522,1,-0.97,0.27,0.55,-0.5,0.36,1,1
523,1,0.3,0.12,0.01,0.0,0.12,0,1
524,1,0.02,0.26,0.04,-0.01,0.26,0,1
525,1,-0.03,0.18,-0.02,0.03,0.18,0,1
526,1,0.18,0.21,-0.03,0.05,0.2,0,1
527,1,0.44,0.16,-0.16,0.17,0.15,1,1
528,1,0.34,0.12,-0.02,0.03,0.12,0,1
529,1,0.61,0.06,0.03,-0.02,0.07,0,1
530,1,0.39,0.16,-0.11,0.12,0.14,0,1
531,1,0.32,0.32,0.03,0.01,0.32,0,1
532,1,0.34,0.15,0.01,0.01,0.15,0,1
533,1,0.44,0.16,0.02,0.0,0.16,0,1
534,1,0.31,0.15,-0.03,0.04,0.14,0,1
535,1,0.65,0.18,-0.06,0.08,0.17,0,1
536,1,0.73,-0.04,0.06,-0.06,-0.04,1,1
537,2,1.16,0.05,0.41,-0.41,0.08,0,2
538,2,-0.94,-0.08,-0.24,0.24,-0.09,1,2
539,2,1.21,0.01,1.09,-1.08,0.1,0,2
540,2,0.78,-0.08,0.86,-0.86,-0.02,0,2
541,2,0.78,-0.08,0.86,-0.86,-0.02,0,2
542,2,1.55,0.07,0.53,-0.52,0.11,0,2
543,2,0.75,0.11,0.68,-0.67,0.16,0,2
544,2,1.45,0.14,0.59,-0.57,0.19,0,2
545,2,0.88,0.2,0.3,-0.28,0.22,0,2
546,2,1.1,0.03,0.94,-0.93,0.11,0,2
547,2,0.74,-0.01,1.04,-1.04,0.07,0,2
548,2,1.3,-0.26,0.82,-0.83,-0.2,0,2
549,2,1.31,0.06,0.59,-0.59,0.11,0,2
550,2,0.8,0.16,0.53,-0.51,0.2,0,2
551,2,1.54,0.08,0.19,-0.18,0.1,0,2
552,2,0.88,0.19,0.21,-0.19,0.2,0,2
553,2,0.24,-0.06,1.24,-1.24,0.04,0,2
554,2,0.27,-0.15,0.92,-0.92,-0.09,0,2
555,2,-0.14,-0.11,1.31,-1.31,-0.01,0,2
556,2,1.05,-0.15,0.73,-0.74,-0.1,0,2
557,2,0.18,0.3,0.97,-0.94,0.39,0,2
558,2,0.25,0.08,1.07,-1.06,0.17,0,2
559,2,0.04,0.06,1.16,-1.15,0.16,0,2
560,2,1.47,0.0,0.38,-0.38,0.02,0,2
561,2,0.16,0.12,1.1,-1.09,0.21,0,2
562,2,0.16,0.12,1.1,-1.09,0.21,0,2
563,2,2.24,-0.15,0.75,-0.75,-0.1,0,2
564,2,1.89,-0.1,0.77,-0.77,-0.05,0,2
565,2,1.83,0.02,0.44,-0.44,0.05,0,2
566,2,0.93,0.03,0.16,-0.16,0.04,0,2
567,2,3.47,0.42,-1.32,1.35,0.3,1,2
568,2,0.47,0.15,0.14,-0.13,0.16,0,2
569,2,1.27,-0.08,0.1,-0.11,-0.07,0,2
570,2,0.6,0.08,0.4,-0.39,0.11,0,2
571,2,0.51,-0.05,0.38,-0.39,-0.02,0,2
572,2,1.22,-0.05,0.15,-0.15,-0.04,0,2
573,2,0.48,0.02,0.33,-0.33,0.04,0,2
574,2,0.66,0.0,0.26,-0.26,0.02,0,2
575,2,0.21,0.19,0.78,-0.76,0.26,0,2
576,2,0.63,0.0,0.68,-0.68,0.05,0,2
577,2,0.61,0.21,0.46,-0.44,0.24,0,2
578,2,0.54,0.22,0.49,-0.47,0.26,0,2
579,2,0.33,0.19,0.63,-0.61,0.24,0,2
580,2,0.54,0.16,0.46,-0.44,0.2,0,2
581,2,2.07,0.31,-0.63,0.66,0.25,1,2
582,2,0.04,0.25,0.68,-0.65,0.31,0,2
583,2,1.12,0.01,0.83,-0.82,0.07,0,2
584,2,1.25,0.23,0.67,-0.65,0.28,0,2
585,2,1.24,0.01,0.77,-0.76,0.07,0,2
586,2,0.4,-0.04,0.78,-0.78,0.01,0,2
587,2,0.71,-0.02,0.92,-0.92,0.05,0,2
588,2,0.49,0.04,0.66,-0.66,0.1,0,2
589,2,0.86,0.04,0.63,-0.63,0.09,0,2
590,2,0.86,-0.02,0.87,-0.87,0.05,0,2
591,2,2.03,-0.3,0.69,-0.71,-0.26,0,2
592,2,1.32,-0.02,0.71,-0.71,0.04,0,2
593,2,1.25,-0.04,0.73,-0.73,0.02,0,2
594,2,0.81,0.18,0.28,-0.26,0.2,0,2
595,2,1.55,0.05,0.31,-0.31,0.08,0,2
596,2,1.63,0.06,0.47,-0.46,0.1,0,2
597,2,1.67,0.07,0.44,-0.43,0.11,0,2
598,2,1.25,0.02,0.42,-0.42,0.05,0,2
599,2,1.6,0.01,0.47,-0.47,0.05,0,2
600,2,1.47,0.12,0.33,-0.32,0.15,0,2
601,2,0.56,0.06,-0.36,0.36,0.03,0,2
602,2,-0.29,0.41,0.53,-0.49,0.46,0,2
603,2,-0.44,-0.04,0.99,-0.99,0.04,0,2
604,2,0.05,-0.02,0.73,-0.73,0.03,0,2
605,2,-0.57,0.33,1.08,-1.04,0.44,1,2
606,2,-0.71,0.37,0.96,-0.92,0.47,1,2
607,2,0.71,0.1,0.33,-0.32,0.13,0,2
608,2,1.64,0.04,0.47,-0.47,0.07,0,2
609,2,0.71,0.06,0.65,-0.64,0.11,0,2
610,2,1.57,0.03,0.0,0.0,0.03,0,2
611,2,0.17,-0.08,1.17,-1.18,0.01,0,2
612,2,1.51,0.08,-0.38,0.38,0.05,0,2
613,2,0.85,0.16,-0.41,0.42,0.13,0,2
614,2,0.68,0.1,-0.25,0.26,0.08,0,2
615,2,0.85,0.09,-0.35,0.36,0.07,1,2
616,2,1.41,0.05,-0.18,0.18,0.04,0,2
617,2,0.69,-0.09,0.41,-0.41,-0.06,0,2
618,2,1.69,0.4,0.25,-0.21,0.42,0,2
619,2,1.85,0.66,0.05,0.02,0.66,1,2
620,2,1.38,0.0,1.19,-1.19,0.1,0,2
621,2,1.29,-0.04,1.26,-1.26,0.06,0,2
622,2,1.35,0.01,1.09,-1.09,0.1,0,2
623,2,1.12,-0.09,1.24,-1.24,0.0,0,2
624,2,0.54,0.44,1.27,-1.22,0.57,1,2
625,2,1.42,0.02,0.53,-0.53,0.06,0,2
626,2,1.74,0.06,0.44,-0.44,0.09,0,2
627,2,1.77,0.02,0.47,-0.47,0.05,0,2
628,2,1.63,0.05,0.44,-0.43,0.08,0,2
629,2,1.52,0.07,0.48,-0.47,0.11,0,2
630,2,1.48,0.07,0.48,-0.47,0.1,0,2
631,2,1.48,-0.05,0.51,-0.51,-0.01,0,2
632,2,1.31,-0.02,0.49,-0.49,0.01,0,2
633,2,1.28,-0.07,0.45,-0.45,-0.04,0,2
634,2,1.68,-0.24,0.69,-0.7,-0.19,0,2
635,2,2.06,-0.25,0.75,-0.76,-0.2,0,2
636,2,2.1,-0.32,0.38,-0.39,-0.3,1,2
637,2,2.61,-0.14,0.47,-0.48,-0.1,0,2
638,2,1.76,-0.25,0.71,-0.73,-0.21,0,2
639,2,1.95,-0.21,0.6,-0.61,-0.17,0,2
640,2,1.88,-0.17,0.75,-0.76,-0.12,0,2
641,2,1.47,-0.07,0.18,-0.18,-0.05,0,2
642,2,1.15,0.06,0.37,-0.36,0.09,0,2
643,2,-0.49,0.03,0.48,-0.47,0.06,1,2
644,2,1.43,0.02,0.08,-0.08,0.03,0,2
645,2,0.93,0.15,0.49,-0.47,0.19,0,2
646,2,1.56,0.06,0.04,-0.03,0.06,0,2
647,2,0.97,0.04,0.21,-0.21,0.06,0,2
648,2,1.2,-0.05,1.27,-1.27,0.05,0,2
649,2,1.49,-0.07,1.14,-1.14,0.02,0,2
650,2,-0.15,0.15,0.66,-0.65,0.21,0,2
651,2,0.85,0.64,-0.38,0.45,0.59,1,2
652,2,1.11,0.12,0.21,-0.2,0.13,0,2
653,2,1.11,0.12,0.21,-0.2,0.13,0,2
654,2,0.78,0.06,0.47,-0.47,0.1,0,2
655,2,1.5,0.0,0.02,-0.02,0.0,0,2
656,2,0.08,0.19,0.79,-0.77,0.26,0,2
657,2,0.56,0.18,0.82,-0.8,0.25,0,2
658,2,1.52,0.05,0.26,-0.26,0.07,0,2
659,2,0.99,0.16,0.37,-0.35,0.19,0,2
660,2,1.0,0.23,0.24,-0.22,0.25,0,2
661,2,0.26,-0.1,0.56,-0.56,-0.06,0,2
662,2,1.07,0.26,0.69,-0.66,0.32,0,2
663,2,1.12,0.27,0.7,-0.67,0.33,0,2
664,2,1.6,-0.03,0.38,-0.38,0.0,0,2
665,2,0.93,0.36,0.54,-0.5,0.41,0,2
666,2,1.09,0.41,0.48,-0.44,0.45,0,2
667,2,0.65,0.53,0.53,-0.47,0.58,1,2
668,2,1.31,0.36,0.47,-0.43,0.41,0,2
669,2,0.97,0.36,0.45,-0.42,0.4,0,2
670,2,1.06,0.3,0.38,-0.35,0.33,0,2
671,2,1.18,0.16,0.44,-0.43,0.2,0,2
672,2,1.09,0.11,0.6,-0.58,0.16,0,2
673,2,0.51,0.15,0.71,-0.69,0.21,0,2
674,2,0.13,0.14,0.73,-0.72,0.21,0,2
675,2,0.65,0.2,0.47,-0.45,0.24,0,2
676,2,0.66,0.19,0.47,-0.46,0.23,0,2
677,2,1.33,0.03,0.32,-0.32,0.06,0,2
678,2,1.33,0.03,0.32,-0.32,0.06,0,2
679,2,0.21,0.0,0.91,-0.91,0.07,0,2
680,2,0.56,-0.03,1.03,-1.03,0.05,0,2
681,2,1.02,0.0,0.61,-0.61,0.05,0,2
682,2,0.65,-0.03,0.49,-0.5,0.01,0,2
683,2,0.31,-0.05,0.56,-0.56,-0.01,0,2
684,2,1.04,0.04,0.7,-0.7,0.1,0,2
685,2,-0.34,-0.01,1.04,-1.04,0.07,0,2
686,2,0.69,0.21,0.81,-0.79,0.28,0,2
687,2,0.74,0.56,-0.08,0.14,0.55,1,2
688,2,0.33,0.07,1.09,-1.08,0.16,0,2
689,2,0.74,0.15,0.62,-0.6,0.21,0,2
690,2,0.33,0.2,0.66,-0.64,0.26,0,2
691,2,0.62,0.33,0.95,-0.92,0.42,0,2
692,2,0.23,-0.07,0.8,-0.8,-0.01,0,2
693,2,0.57,-0.01,0.86,-0.86,0.05,0,2
694,2,0.56,-0.03,0.74,-0.74,0.03,0,2
695,2,0.14,-0.1,1.07,-1.07,-0.02,0,2
696,3,1.56,-0.15,0.52,0.54,0.06,0,3
697,3,2.23,-0.55,-0.41,0.6,0.33,1,3
698,3,2.16,-0.51,-0.34,0.53,0.31,1,3
699,3,1.89,-0.03,0.24,0.24,0.03,0,3
700,3,1.61,0.11,0.14,0.17,-0.05,0,3
701,3,2.46,-0.01,-0.05,-0.05,0.0,0,3
702,3,2.63,0.02,-0.2,0.1,-0.17,1,3
703,3,0.99,-0.22,0.18,0.26,0.11,0,3
704,3,0.72,0.1,0.17,0.19,-0.04,0,3
705,3,1.37,0.06,0.32,0.33,-0.01,0,3
706,3,2.11,0.11,0.28,0.3,-0.03,0,3
707,3,0.99,0.17,0.09,0.18,-0.08,0,3
708,3,1.67,0.32,0.23,0.38,-0.11,0,3
709,3,0.99,-0.22,0.18,0.26,0.11,0,3
710,3,1.72,0.39,0.32,0.49,-0.12,0,3
711,3,1.39,0.12,0.14,0.18,-0.05,0,3
712,3,1.62,0.13,0.17,0.21,-0.05,0,3
713,3,2.11,0.13,0.22,0.25,-0.04,0,3
714,3,1.91,0.0,0.35,0.35,0.02,0,3
715,3,1.41,0.22,0.06,0.2,-0.11,0,3
716,3,1.66,0.18,0.19,0.26,-0.07,0,3
717,3,0.81,0.22,0.31,0.37,-0.07,0,3
718,3,2.11,0.24,0.29,0.37,-0.08,0,3
719,3,0.99,-0.22,0.18,0.26,0.11,0,3
720,3,2.23,0.19,0.0,0.15,-0.12,0,3
721,3,1.39,0.12,0.14,0.18,-0.05,0,3
722,3,1.61,0.25,0.52,0.58,-0.05,0,3
723,3,2.05,0.13,0.25,0.28,-0.04,0,3
724,3,1.62,0.13,0.17,0.21,-0.05,0,3
725,3,1.65,0.38,0.27,0.45,-0.12,0,3
726,3,0.87,0.11,0.03,0.09,-0.07,0,3
727,3,1.82,0.08,0.27,0.28,-0.02,0,3
728,3,0.82,0.15,-0.02,0.11,-0.11,0,3
729,3,2.63,0.07,0.0,0.04,-0.06,0,3
730,3,1.68,-0.08,-0.39,0.29,0.27,0,3
731,3,1.77,-0.09,-0.4,0.31,0.27,0,3
732,3,1.8,-0.02,-0.21,0.11,-0.18,1,3
733,3,2.4,0.22,0.53,0.58,-0.04,0,3
734,3,2.26,0.29,0.55,0.62,-0.06,0,3
735,3,2.22,-0.14,0.43,0.45,0.06,0,3
736,3,0.97,0.19,-0.04,0.15,-0.13,0,3
737,3,2.22,0.18,0.75,0.77,-0.02,0,3
738,3,2.03,0.36,0.8,0.88,-0.06,1,3
739,3,2.66,0.03,0.82,0.82,0.01,1,3
740,3,0.95,0.16,0.01,0.12,-0.1,0,3
741,3,2.59,0.07,0.58,0.58,0.0,0,3
742,3,1.27,-0.1,0.11,0.14,0.06,0,3
743,3,1.18,-0.14,-0.04,0.08,0.12,0,3
744,3,0.6,-0.09,0.01,0.05,0.07,0,3
745,3,1.65,-0.1,0.05,0.08,0.07,0,3
746,3,1.61,-0.1,0.11,0.14,0.06,0,3
747,3,1.07,-0.07,0.13,0.14,0.04,0,3
748,3,2.92,0.23,0.31,0.38,-0.07,0,3
749,3,2.7,0.17,0.28,0.33,-0.05,0,3
750,3,1.0,0.17,-0.02,0.12,-0.12,0,3
751,3,1.68,0.04,0.12,0.12,-0.01,0,3
752,3,1.46,0.25,-0.14,0.22,-0.19,0,3
753,3,-0.07,0.08,0.61,0.62,0.0,1,3
754,3,1.07,-0.08,0.09,0.11,0.06,0,3
755,3,2.02,-0.14,0.15,0.19,0.08,0,3
756,3,2.15,0.18,0.12,0.2,-0.08,0,3
757,3,1.64,-0.13,0.18,0.21,0.07,0,3
758,3,1.46,0.26,0.29,0.38,-0.08,0,3
759,3,0.76,-0.1,0.03,0.08,0.07,0,3
760,3,0.61,-0.15,0.06,0.13,0.1,0,3
761,3,0.94,-0.03,0.02,0.03,0.03,0,3
762,3,1.0,-0.14,0.04,0.11,0.1,0,3
763,3,1.3,-0.06,-0.12,0.04,0.13,0,3
764,3,1.36,-0.05,-0.24,0.14,0.2,0,3
765,3,0.99,-0.07,-0.23,0.14,0.2,0,3
766,3,1.81,-0.01,-0.08,-0.02,-0.08,0,3
767,3,1.77,-0.34,-0.27,0.35,0.26,0,3
768,3,1.88,-0.37,-0.36,0.42,0.29,0,3
769,3,1.04,-0.03,0.21,0.21,0.02,0,3
770,3,1.52,0.0,0.1,0.1,0.01,0,3
771,3,2.01,-0.04,-0.23,0.13,0.19,0,3
772,3,2.0,-0.17,-0.29,0.23,0.24,0,3
773,3,1.98,0.09,0.15,0.17,-0.03,0,3
774,3,1.33,0.0,0.16,0.16,0.01,0,3
775,3,1.45,0.12,0.08,0.14,-0.06,0,3
776,3,1.33,0.3,-0.38,0.39,-0.28,1,3
777,3,0.26,0.04,-0.02,0.0,-0.04,0,3
778,3,1.09,-0.06,-0.37,0.27,0.26,0,3
779,3,1.84,-0.07,-0.3,0.21,0.23,0,3
780,3,1.65,0.0,0.35,0.35,0.02,0,3
781,3,1.52,-0.19,0.01,0.14,0.13,0,3
782,3,1.42,-0.06,-0.16,0.07,0.16,0,3
783,3,1.39,-0.07,-0.27,0.18,0.22,0,3
784,3,1.39,-0.14,-0.27,0.2,0.23,0,3
785,3,1.55,-0.22,-0.2,0.21,0.21,0,3
786,3,2.36,-0.09,-0.28,0.19,0.23,0,3
787,3,1.49,-0.01,0.2,0.2,0.01,0,3
788,3,1.78,-0.09,0.21,0.22,0.05,0,3
789,3,1.27,-0.04,0.36,0.36,0.03,0,3
790,3,0.9,0.22,0.0,0.18,-0.13,0,3
791,3,2.02,0.1,0.53,0.54,-0.01,0,3
792,3,0.82,0.18,0.0,0.14,-0.11,0,3
793,3,1.29,-0.04,0.25,0.26,0.03,0,3
794,3,2.02,0.01,0.57,0.57,0.01,0,3
795,3,0.95,0.17,-0.03,0.12,-0.12,0,3
796,3,1.26,-0.02,0.07,0.07,0.02,0,3
797,3,1.7,0.07,0.19,0.2,-0.02,0,3
798,3,2.18,0.05,0.5,0.51,0.0,0,3
799,3,2.12,0.38,0.11,0.36,-0.15,0,3
800,3,1.68,0.31,0.23,0.37,-0.11,0,3
801,3,1.44,-0.23,0.1,0.21,0.12,0,3
802,3,0.29,-0.1,-0.07,0.05,0.12,0,3
803,3,1.98,0.32,0.18,0.35,-0.12,0,3
804,3,1.17,0.18,0.06,0.17,-0.1,0,3
805,3,1.61,0.21,0.08,0.2,-0.1,0,3
806,3,1.99,0.07,0.0,0.04,-0.06,0,3
807,3,1.35,-0.44,-0.4,0.5,0.32,1,3
808,3,1.87,-0.38,-0.32,0.41,0.29,0,3
809,3,2.45,-0.14,-0.43,0.35,0.29,0,3
810,3,1.53,-0.04,-0.44,0.34,-0.29,1,3
811,4,0.05,0.07,0.85,0.37,-0.77,0,4
812,4,0.76,-0.08,0.51,0.32,-0.41,0,4
813,4,0.1,-0.05,0.41,0.24,-0.33,0,4
814,4,0.48,-0.05,-0.03,0.03,0.05,0,4
815,4,1.16,-0.19,0.76,0.54,-0.56,0,4
816,4,0.81,-0.35,0.54,0.57,-0.3,0,4
817,4,-0.03,0.2,1.17,0.42,-1.11,0,4
818,4,-0.21,0.28,1.15,0.34,-1.13,0,4
819,4,-0.22,0.26,1.29,0.43,-1.24,0,4
820,4,0.37,0.0,0.83,0.42,-0.72,0,4
821,4,-0.71,-0.18,1.46,0.9,-1.16,0,4
822,4,0.21,0.02,1.13,0.55,-0.98,0,4
823,4,0.22,0.05,1.23,0.58,-1.08,0,4
824,4,0.48,-0.04,0.71,0.38,-0.6,0,4
825,4,0.65,-0.11,0.22,0.21,-0.14,0,4
826,4,1.12,0.51,1.96,0.61,-1.93,0,4
827,4,0.64,0.13,0.94,0.36,-0.88,0,4
828,4,0.26,0.07,1.52,0.72,-1.34,0,4
829,4,-0.36,0.28,0.44,-0.03,-0.52,0,4
830,4,-0.1,0.65,1.35,0.14,-1.48,0,4
831,4,0.03,0.62,1.41,0.2,-1.53,0,4
832,4,0.23,0.53,1.39,0.26,-1.46,0,4
833,4,0.05,0.61,1.28,0.14,-1.41,0,4
834,4,-0.19,0.47,1.41,0.33,-1.45,0,4
835,4,0.33,0.0,1.39,0.71,-1.19,0,4
836,4,1.41,-0.09,0.53,0.34,-0.41,0,4
837,4,1.04,-0.24,0.37,0.39,-0.21,0,4
838,4,0.46,-0.12,0.32,0.26,-0.23,0,4
839,4,0.65,0.0,0.95,0.48,-0.82,0,4
840,4,1.26,-0.02,0.79,0.41,-0.68,0,4
841,4,0.69,0.46,1.5,0.39,-1.52,0,4
842,4,1.04,0.4,1.46,0.41,-1.46,0,4
843,4,0.61,0.41,1.43,0.38,-1.44,0,4
844,4,1.31,0.43,1.32,0.31,-1.35,0,4
845,4,-0.6,0.38,1.2,0.29,-1.22,0,4
846,4,0.19,0.77,-0.4,-0.87,-0.01,0,4
847,4,0.6,0.58,-0.01,-0.51,-0.27,0,4
848,4,1.26,0.2,1.12,0.39,-1.07,0,4
849,4,0.37,0.36,0.54,-0.05,-0.65,0,4
850,4,0.83,0.21,0.85,0.25,-0.84,0,4
851,4,0.54,0.15,0.36,0.04,-0.39,0,4
852,4,0.46,0.18,-0.37,-0.33,0.24,0,4
853,4,0.81,-0.05,0.56,0.32,-0.46,0,4
854,4,0.19,0.29,-0.11,-0.31,-0.04,0,4
855,4,1.34,-0.06,0.43,0.26,-0.35,0,4
856,4,0.94,-0.06,0.58,0.34,-0.48,0,4
857,4,0.35,0.22,-0.31,-0.34,0.17,0,4
858,4,0.25,0.32,-0.15,-0.35,-0.02,0,4
859,4,1.01,-0.15,0.72,0.49,-0.55,0,4
860,4,0.85,-0.01,0.54,0.27,-0.47,0,4
861,4,1.32,-0.05,0.89,0.48,-0.75,0,4
862,4,0.79,-0.02,-1.37,-0.59,1.24,1,4
863,4,1.33,0.78,0.4,-0.48,-0.74,0,4
864,4,-0.5,0.28,0.48,-0.01,-0.56,0,4
865,4,0.5,0.02,1.27,0.63,-1.1,0,4
866,4,1.27,-0.3,1.19,0.85,-0.88,0,4
867,4,0.46,-0.47,0.24,0.53,0.01,0,4
868,4,0.94,-0.57,0.22,0.61,0.07,0,4
869,4,0.5,-0.29,0.17,0.34,-0.01,0,4
870,4,0.22,-0.6,0.42,0.73,-0.08,0,4
871,4,0.7,0.03,1.12,0.53,-0.98,0,4
872,4,-0.17,0.4,1.47,0.42,-1.47,0,4
873,4,0.71,0.4,2.21,0.84,-2.08,1,4
874,4,0.93,0.28,2.12,0.89,-1.95,1,4
875,4,1.0,0.3,1.57,0.55,-1.5,0,4
876,4,0.52,0.32,1.22,0.34,-1.21,0,4
877,4,0.38,0.47,1.7,0.49,-1.7,0,4
878,4,0.54,0.28,0.12,-0.19,-0.25,0,4
879,4,2.67,-0.53,0.58,0.74,-0.25,0,4
880,4,0.89,0.31,-0.01,-0.28,-0.14,0,4
881,4,-2.29,0.37,-0.33,-0.48,0.11,1,4
882,4,-0.67,-0.03,-0.05,0.01,0.06,0,4
883,4,0.95,0.72,0.51,-0.37,-0.8,0,4
884,4,1.05,0.69,0.52,-0.34,-0.8,0,4
885,4,0.78,-0.03,-0.41,-0.16,0.37,0,4
886,4,0.83,0.55,1.67,0.41,-1.71,0,4
887,4,1.64,0.32,0.1,-0.24,-0.24,0,4
888,4,0.66,-0.02,-0.39,-0.16,0.35,0,4
889,4,-0.5,0.24,1.15,0.38,-1.11,0,4
890,4,0.61,0.12,1.0,0.4,-0.92,0,4
891,4,-0.02,-0.08,0.64,0.38,-0.52,0,4
892,4,0.32,-0.32,0.69,0.62,-0.44,0,4
893,4,0.28,0.25,0.37,-0.04,-0.44,0,4
894,4,0.14,0.27,-0.27,-0.37,0.11,0,4
895,4,0.42,0.66,1.45,0.19,-1.58,0,4
896,4,0.0,0.71,1.38,0.11,-1.55,0,4
897,4,0.63,-0.03,-0.81,-0.34,0.74,0,4
898,4,0.48,0.07,-0.77,-0.42,0.65,0,4
899,4,0.49,0.01,-0.51,-0.25,0.44,0,4
900,4,-0.79,-0.17,0.17,0.23,-0.06,0,4
901,4,-0.25,-0.2,-0.53,-0.07,0.56,0,4
902,4,0.48,0.15,0.82,0.28,-0.79,0,4
903,4,0.82,0.08,0.94,0.4,-0.85,0,4
904,4,0.02,-0.06,0.85,0.47,-0.71,0,4
905,4,0.83,0.07,0.34,0.11,-0.33,0,4
906,4,0.7,-0.76,-0.18,0.59,0.51,0,4
907,4,0.12,0.84,2.16,0.45,-2.27,1,4
908,4,-0.2,0.89,2.37,0.54,-2.47,1,4
909,4,2.75,-1.07,-0.08,0.91,0.57,1,4
910,4,-1.08,0.76,1.01,-0.14,-1.26,0,4
911,4,-0.97,0.9,0.09,-0.74,-0.52,0,4
912,4,1.44,-0.06,0.43,0.26,-0.35,0,4
913,4,1.57,-0.09,0.26,0.2,-0.19,0,4
914,4,1.42,0.11,0.72,0.26,-0.68,0,4
915,4,-0.45,0.54,0.54,-0.2,-0.74,0,4
916,4,-0.98,0.22,0.58,0.1,-0.61,0,4
917,4,-0.91,0.2,0.59,0.12,-0.61,0,4
918,4,-0.33,0.07,0.68,0.28,-0.62,0,4
919,4,-0.5,0.42,0.16,-0.29,-0.34,0,4
920,4,1.57,-0.32,-0.1,0.24,0.24,0,4
921,4,1.45,-0.4,-0.17,0.27,0.34,0,4
922,4,2.07,-0.54,-0.07,0.44,0.32,0,4
923,4,0.31,0.29,0.69,0.09,-0.74,0,4
924,4,1.75,-0.42,0.0,0.37,0.2,0,4
925,4,1.84,-0.44,0.07,0.42,0.15,0,4
926,4,1.28,-0.4,-0.1,0.3,0.28,0,4
927,4,0.21,0.23,0.24,-0.09,-0.32,0,4
928,4,0.81,0.2,1.65,0.68,-1.51,0,4
929,4,0.51,0.36,1.39,0.4,-1.38,0,4
930,4,0.48,-1.78,0.04,1.6,0.77,1,4
931,4,0.33,-1.77,0.06,1.6,0.75,1,4
932,4,0.26,-1.74,0.02,1.56,0.78,1,4
933,4,1.0,0.3,1.38,0.45,-1.34,0,4
934,4,-0.42,0.96,-0.18,-0.93,-0.31,0,4
935,4,-0.45,0.96,-0.19,-0.93,-0.3,0,4
936,4,-0.15,0.82,-0.1,-0.76,-0.31,0,4
937,4,0.36,-0.54,-0.52,0.24,0.71,0,4
938,4,0.42,0.12,-0.89,-0.51,0.74,0,4
939,4,0.25,0.62,-0.92,-0.97,0.53,0,4
940,4,1.0,-0.9,0.55,1.05,-0.05,0,4
941,4,0.08,0.2,1.02,0.34,-0.98,0,4
942,4,0.16,-0.01,0.19,0.1,-0.16,0,4
943,4,-0.03,-0.02,0.79,0.41,-0.68,0,4
944,4,0.6,-0.4,-0.48,0.13,0.61,0,4
945,4,-0.08,-0.03,0.87,0.46,-0.74,0,4
946,4,-0.17,0.15,0.41,0.07,-0.43,0,4
947,4,0.84,-0.9,0.36,0.97,0.11,0,4
948,4,1.18,-0.11,1.41,0.81,-1.15,0,4
949,4,1.38,-0.22,1.46,0.94,-1.15,0,4
950,4,1.35,-0.2,1.53,0.95,-1.21,0,4
951,4,-1.06,0.14,0.24,0.0,-0.27,0,4
952,4,1.51,0.21,0.52,0.08,-0.56,0,4
953,4,1.14,0.25,-0.02,-0.23,-0.11,0,4
954,4,2.06,-1.34,1.81,2.07,-0.9,1,4
955,4,1.24,-0.65,0.5,0.82,-0.13,0,4
956,4,2.24,-1.33,1.56,1.93,-0.69,1,4
957,4,1.34,-0.65,0.73,0.92,-0.33,0,4
958,4,1.38,0.05,-0.14,-0.11,0.1,0,4
959,4,-1.29,-1.69,0.65,1.8,0.22,1,4
960,4,0.26,0.34,0.13,-0.24,-0.28,0,4
961,4,1.62,-0.12,-0.27,-0.02,0.29,0,4
962,4,0.05,0.53,0.08,-0.42,-0.33,0,4
963,4,-0.2,-2.3,1.24,2.61,0.01,1,4
964,4,0.12,0.44,0.38,-0.2,-0.55,0,4
965,4,-1.51,-1.67,0.72,1.81,0.16,1,4
966,4,0.49,-0.1,-1.63,-0.62,1.51,1,4
967,4,0.51,0.41,-0.62,-0.65,0.36,0,4
968,4,1.14,0.37,0.3,-0.17,-0.44,0,4
969,4,1.01,0.22,1.08,0.35,-1.04,0,4
970,4,0.29,0.31,0.13,-0.21,-0.26,0,4
971,5,0.64,-1.24,-1.24,-1.5,-0.9,0,5
972,5,0.7,-0.91,-0.65,-1.04,-0.4,0,5
973,5,0.45,-0.87,-1.24,-1.15,-0.99,0,5
974,5,0.89,-0.19,-0.8,-0.38,-0.73,0,5
975,5,1.12,-0.25,-0.6,-0.39,-0.52,0,5
976,5,-0.38,-2.49,-1.51,-2.79,-0.85,1,5
977,5,0.54,-1.88,-1.43,-2.17,-0.92,0,5
978,5,0.86,0.04,-0.51,-0.09,-0.5,0,5
979,5,0.76,-0.5,-0.62,-0.64,-0.47,0,5
980,5,1.35,1.21,-0.61,1.02,-0.89,0,5
981,5,0.48,-0.2,-0.35,-0.28,-0.28,0,5
982,5,-0.75,0.51,0.11,0.52,-0.02,1,5
983,5,-0.53,0.57,0.06,0.57,-0.09,0,5
984,5,0.47,0.18,-0.26,0.11,-0.3,0,5
985,5,1.13,-0.32,-0.39,-0.41,-0.3,0,5
986,5,0.95,-0.79,0.26,-0.69,0.46,1,5
987,5,0.67,-0.74,0.3,-0.64,0.48,0,5
988,5,1.59,0.07,-1.07,-0.19,-1.06,0,5
989,5,1.04,0.29,-0.43,0.17,-0.49,0,5
990,5,1.48,0.23,0.64,0.39,0.55,0,5
991,5,0.65,-0.12,-1.04,-0.37,-0.98,0,5
992,5,-0.05,-0.69,-1.13,-0.95,-0.93,0,5
993,5,0.61,-0.14,-1.06,-0.39,-1.0,0,5
994,5,0.16,-0.82,-1.47,-1.15,-1.23,0,5
995,5,0.49,-0.98,-1.35,-1.28,-1.07,0,5
996,5,0.47,-0.58,-1.11,-0.83,-0.93,0,5
997,5,1.15,-0.06,-0.44,-0.17,-0.42,0,5
998,5,1.04,0.29,-0.43,0.17,-0.49,0,5
999,5,0.69,0.75,-0.31,0.65,-0.49,0,5
1000,5,1.84,0.18,-0.32,0.1,-0.36,0,5
1001,5,-0.4,0.05,-0.14,0.01,-0.15,0,5
1002,5,0.79,0.16,-0.28,0.08,-0.31,0,5
1003,5,0.75,-0.32,-0.93,-0.54,-0.82,0,5
1004,5,1.06,-0.06,-0.5,-0.19,-0.47,0,5
1005,5,1.26,1.16,-0.08,1.1,-0.37,0,5
1006,5,1.69,1.93,-0.16,1.83,-0.63,0,5
1007,5,1.31,-0.68,-0.45,-0.77,-0.26,0,5
1008,5,-0.13,-1.47,-1.36,-1.75,-0.96,0,5
1009,5,-0.37,-1.68,-1.87,-2.07,-1.42,1,5
1010,5,0.36,-1.36,-1.96,-1.78,-1.58,1,5
1011,5,1.09,0.47,-0.11,0.43,-0.22,0,5
1012,5,1.24,0.55,-0.05,0.52,-0.19,0,5
1013,5,0.33,0.75,0.13,0.75,-0.07,0,5
1014,5,0.92,0.3,-0.77,0.1,-0.82,0,5
1015,5,1.16,1.99,0.2,1.98,-0.31,0,5
1016,5,1.23,2.53,0.38,2.54,-0.26,0,5
1017,5,1.12,2.59,0.56,2.65,-0.11,0,5
1018,5,1.21,2.68,0.51,2.72,-0.18,0,5
1019,5,1.22,2.57,0.53,2.62,-0.14,0,5
1020,5,1.11,2.58,0.62,2.65,-0.06,0,5
1021,5,1.07,-0.43,-1.75,-0.83,-1.6,0,5
1022,5,0.63,-1.66,-2.59,-2.21,-2.14,1,5
1023,5,1.31,-0.98,-0.94,-1.18,-0.67,0,5
1024,5,1.18,0.24,-0.45,0.12,-0.5,0,5
1025,5,0.52,0.35,0.08,0.36,-0.02,0,5
1026,5,1.43,0.67,-0.15,0.61,-0.31,0,5
1027,5,1.53,0.2,-0.85,-0.02,-0.87,0,5
1028,5,1.53,0.04,-0.8,-0.16,-0.78,0,5
1029,5,1.43,0.24,-1.03,-0.02,-1.05,0,5
1030,5,1.6,0.92,-0.17,0.85,-0.4,0,5
1031,5,0.38,0.22,0.27,0.28,0.2,0,5
1032,5,0.68,-0.04,-0.2,-0.09,-0.19,0,5
1033,5,1.11,0.8,0.47,0.9,0.25,0,5
1034,5,0.72,0.42,-0.05,0.39,-0.16,0,5
1035,5,1.68,1.33,0.85,1.51,0.47,1,5
1036,5,1.66,1.23,0.72,1.37,0.38,0,5
1037,5,0.77,0.44,0.59,0.58,0.45,0,5
1038,5,0.93,0.46,0.71,0.63,0.56,0,5
1039,5,1.03,0.44,0.68,0.6,0.54,0,5
1040,5,0.83,0.49,0.19,0.52,0.06,0,5
1041,5,0.55,1.43,0.48,1.5,0.1,0,5
1042,5,0.32,1.18,0.46,1.25,0.14,0,5
1043,5,0.37,1.22,0.44,1.29,0.11,0,5
1044,5,0.91,1.45,-0.32,1.33,-0.67,0,5
1045,5,1.83,1.44,-0.53,1.27,-0.87,0,5
1046,5,0.76,-0.5,-0.62,-0.64,-0.47,0,5
1047,5,1.78,1.57,-0.32,1.45,-0.7,0,5
1048,5,1.81,1.42,-0.49,1.26,-0.82,0,5
1049,5,1.81,1.42,-0.49,1.26,-0.82,0,5
1050,5,0.39,0.56,0.13,0.58,-0.02,0,5
1051,5,0.36,0.39,-0.04,0.36,-0.14,0,5
1052,5,0.94,1.55,-0.16,1.46,-0.54,0,5
1053,5,0.69,1.41,-0.06,1.35,-0.41,0,5
1054,5,0.87,1.42,-0.15,1.34,-0.5,0,5
1055,5,2.22,1.8,0.43,1.85,-0.04,0,5
1056,5,1.98,1.97,0.46,2.03,-0.05,0,5
1057,5,1.05,1.65,0.89,1.82,0.43,0,5
1058,5,2.05,1.9,0.03,1.85,-0.44,0,5
1059,5,0.98,0.74,-0.12,0.68,-0.3,0,5
1060,5,1.49,0.06,-0.34,-0.03,-0.35,0,5
1061,5,1.41,-0.04,-0.7,-0.21,-0.67,0,5
1062,5,1.59,0.38,-0.25,0.31,-0.34,0,5
1063,5,1.64,0.46,-0.27,0.38,-0.37,0,5
1064,5,1.66,0.44,-0.07,0.41,-0.18,0,5
1065,5,1.18,0.18,0.08,0.2,0.03,0,5
1066,5,1.51,0.05,0.27,0.11,0.25,0,5
1067,5,1.56,0.15,-0.25,0.08,-0.28,0,5
1068,6,0.43,-0.25,0.37,-0.05,0.44,0,6
1069,6,0.75,-0.33,0.29,-0.15,0.42,0,6
1070,6,0.87,-0.31,0.25,-0.16,0.37,0,6
1071,6,0.6,-0.23,0.27,-0.07,0.34,0,6
1072,6,0.66,-0.9,-0.3,-0.94,0.16,0,6
1073,6,0.21,-0.6,-0.28,-0.66,0.03,0,6
1074,6,0.87,-0.34,0.07,-0.27,0.22,0,6
1075,6,1.29,-1.73,-0.76,-1.89,0.14,0,6
1076,6,1.04,-0.41,0.61,-0.07,0.73,0,6
1077,6,0.97,-0.27,1.04,0.26,1.05,0,6
1078,6,0.99,-0.22,0.77,0.17,0.78,0,6
1079,6,0.29,-0.24,-0.13,-0.28,0.0,0,6
1080,6,0.95,-0.51,1.09,0.07,1.2,0,6
1081,6,-0.25,-1.02,-0.83,-1.29,-0.26,0,6
1082,6,1.12,-1.12,0.01,-0.98,0.53,0,6
1083,6,1.85,-1.93,-0.82,-2.09,0.18,1,6
1084,6,1.14,-0.45,0.05,-0.38,0.25,0,6
1085,6,1.63,-0.32,0.98,0.18,1.02,0,6
1086,6,0.48,-0.91,-0.82,-1.19,-0.31,0,6
1087,6,0.83,-0.33,0.16,-0.21,0.3,0,6
1088,6,1.11,-0.46,0.13,-0.35,0.34,0,6
1089,6,0.44,-0.88,-0.61,-1.06,-0.13,0,6
1090,6,1.5,-1.04,0.16,-0.84,0.63,0,6
1091,6,1.33,-0.74,0.31,-0.51,0.62,0,6
1092,6,1.55,-1.28,-0.07,-1.16,0.55,0,6
1093,6,1.14,-0.06,0.1,-0.01,0.12,0,6
1094,6,1.13,-0.58,0.13,-0.46,0.39,0,6
1095,6,0.78,0.8,1.45,1.4,0.9,0,6
1096,6,0.42,-1.06,-0.44,-1.15,0.11,0,6
1097,6,0.36,-1.7,-0.44,-1.71,0.41,0,6
1098,6,-0.48,-1.75,0.09,-1.5,0.91,1,6
1099,6,0.52,-1.05,0.22,-0.82,0.69,0,6
1100,6,-0.12,-1.17,0.09,-0.99,0.63,0,6
1101,6,0.24,-1.01,0.18,-0.81,0.64,0,6
1102,6,0.56,-0.65,0.62,-0.28,0.85,0,6
1103,7,0.62,-0.27,-1.92,-1.94,-0.04,0,7
1104,7,0.63,-0.34,-2.26,-2.28,-0.02,0,7
1105,7,0.63,-0.34,-2.26,-2.28,-0.02,0,7
1106,7,0.92,-1.67,-2.29,-2.51,1.3,1,7
1107,7,0.55,0.56,-2.1,-1.98,-0.89,0,7
1108,7,0.33,-1.46,-4.06,-4.24,0.82,1,7
1109,7,0.35,0.45,-3.03,-2.92,-0.95,0,7
1110,7,-0.31,0.58,-2.49,-2.36,-0.98,0,7
1111,7,-0.03,2.11,-1.73,-1.34,-2.38,0,7
1112,7,0.09,1.74,-1.95,-1.62,-2.05,0,7
1113,7,0.6,-0.32,-2.02,-2.04,-0.01,0,7
1114,7,0.78,-0.55,-2.11,-2.17,0.21,0,7
1115,7,0.67,-0.46,-1.93,-1.98,0.15,0,7
1116,7,0.71,0.0,-1.89,-1.86,-0.31,0,7
1117,7,0.57,0.09,-2.03,-1.99,-0.42,0,7
1118,7,-0.54,1.02,-2.57,-2.36,-1.44,0,7
1119,7,0.37,-0.22,-2.27,-2.27,-0.14,0,7
1120,7,0.69,-0.4,-2.75,-2.78,-0.04,0,7
1121,7,0.46,-0.11,-1.99,-1.98,-0.21,0,7
1122,7,3.59,2.64,4.92,5.3,-1.77,0,7
1123,7,3.71,2.4,4.59,4.93,-1.59,0,7
1124,7,3.76,2.46,5.05,5.39,-1.58,0,7
1125,7,3.7,2.76,5.39,5.78,-1.8,0,7
1126,7,-0.25,2.59,-2.65,-2.14,-3.02,1,7
1127,7,0.39,0.01,-1.79,-1.76,-0.3,0,7
1128,7,0.47,0.16,-1.07,-1.03,-0.33,0,7
1129,8,-0.41,0.02,1.54,-1.46,-0.51,0,8
1130,8,-0.57,-0.1,1.63,-1.49,-0.66,0,8
1131,8,-0.37,0.2,0.62,-0.65,-0.02,0,8
1132,8,-0.56,-0.08,1.54,-1.41,-0.61,0,8
1133,8,-1.27,0.01,1.41,-1.32,-0.47,0,8
1134,8,-0.51,0.04,-0.25,0.23,0.12,0,8
1135,8,0.08,0.13,-0.12,0.08,0.16,0,8
1136,8,0.58,0.14,1.75,-1.69,-0.47,0,8
1137,8,0.57,0.14,1.82,-1.76,-0.49,0,8
1138,8,0.33,0.57,1.0,-1.13,0.22,0,8
1139,8,0.13,0.2,1.54,-1.51,-0.33,0,8
1140,8,1.43,0.05,1.46,-1.39,-0.46,0,8
1141,8,0.45,0.54,0.84,-0.97,0.25,0,8
1142,8,0.3,0.54,0.74,-0.87,0.28,0,8
1143,8,0.4,-0.06,1.22,-1.13,-0.48,0,8
1144,8,0.11,-0.18,1.79,-1.61,-0.8,0,8
1145,8,0.53,0.12,1.87,-1.8,-0.53,0,8
1146,8,0.61,0.21,1.88,-1.84,-0.44,0,8
1147,8,0.47,-0.03,1.8,-1.68,-0.65,0,8
1148,8,0.41,0.37,0.33,-0.43,0.24,0,8
1149,8,0.53,0.03,2.48,-2.33,-0.85,1,8
1150,8,0.82,0.38,2.03,-2.04,-0.33,0,8
1151,8,-0.16,0.11,1.46,-1.42,-0.39,0,8
1152,8,-0.04,0.21,1.26,-1.26,-0.22,0,8
1153,8,0.13,0.21,1.28,-1.27,-0.23,0,8
1154,8,0.18,0.68,0.75,-0.92,0.41,0,8
1155,8,-0.18,0.42,0.59,-0.69,0.21,0,8
1156,8,0.51,0.17,0.41,-0.44,0.03,0,8
1157,8,0.51,0.17,0.41,-0.44,0.03,0,8
1158,8,-0.16,0.37,-0.42,0.28,0.48,1,8
1159,8,-1.67,0.66,0.69,-0.87,0.42,1,8
1160,8,0.2,0.4,0.55,-0.65,0.21,0,8
1161,8,0.36,0.04,2.19,-2.07,-0.73,0,8
1162,8,0.18,0.03,1.43,-1.36,-0.46,0,8
1163,9,-1.18,0.23,0.12,0.24,0.1,0,9
1164,9,-1.54,0.72,0.16,0.73,0.08,0,9
1165,9,-1.12,0.4,-0.27,0.37,-0.31,0,9
1166,9,-1.02,0.51,-0.03,0.5,-0.08,0,9
1167,9,-1.61,-0.22,0.34,-0.18,0.36,0,9
1168,9,-1.03,0.06,-0.01,0.06,-0.02,0,9
1169,9,-1.15,0.15,0.33,0.19,0.31,0,9
1170,9,-1.02,0.05,0.04,0.05,0.03,0,9
1171,9,-1.46,0.23,0.42,0.28,0.39,0,9
1172,9,-0.55,-1.01,0.32,-0.96,0.45,0,9
1173,9,-1.1,0.35,-0.02,0.34,-0.06,0,9
1174,9,-1.39,0.51,0.62,0.59,0.55,0,9
1175,9,-1.19,-0.73,0.96,-0.58,1.06,1,9
1176,9,-1.4,0.59,0.56,0.65,0.48,0,9
1177,9,-1.16,0.32,0.56,0.39,0.51,0,9
1178,9,-1.46,0.44,-0.11,0.43,-0.16,0,9
1179,9,-1.18,0.23,0.12,0.24,0.1,0,9
