,CIE DL,CIE Da,CIE Db,CIE DC,CIE DH
0,0.39,0.12,0.12,-0.11,0.13
1,-0.08,0.08,0.05,-0.04,0.08
2,0.62,-0.01,0.03,-0.03,-0.01
3,0.01,0.1,0.09,-0.08,0.11
5,-0.49,0.06,-0.01,0.01,0.06
6,-0.59,0.08,0.0,0.0,0.08
7,0.89,0.07,0.15,-0.15,0.08
8,-0.11,0.06,0.08,-0.08,0.07
9,0.15,0.21,0.2,-0.17,0.23
10,0.15,0.27,0.13,-0.09,0.29
11,0.45,0.25,0.17,-0.14,0.27
12,-0.36,0.2,0.18,-0.16,0.22
13,0.57,0.14,0.12,-0.1,0.16
14,0.21,0.19,0.09,-0.06,0.2
15,-0.93,0.15,0.06,-0.05,0.16
16,0.41,0.28,0.03,0.01,0.28
17,-1.3,0.15,0.11,-0.09,0.16
18,0.12,0.24,-0.03,0.06,0.24
19,0.86,0.19,0.03,-0.01,0.2
20,0.41,0.13,0.05,-0.04,0.13
21,0.02,0.22,0.13,-0.1,0.24
22,0.22,0.13,0.11,-0.09,0.14
23,0.07,0.1,-0.04,0.05,0.09
24,0.09,0.23,0.02,0.0,0.23
25,0.38,0.2,0.02,0.0,0.2
26,0.22,0.3,0.01,0.03,0.3
27,0.08,0.19,0.03,-0.01,0.19
28,0.02,0.28,0.1,-0.06,0.29
29,-0.11,0.24,0.05,-0.02,0.24
30,-0.1,0.21,0.11,-0.09,0.22
31,0.17,0.2,0.09,-0.07,0.21
32,0.34,0.21,-0.06,0.08,0.2
33,0.43,0.24,0.06,-0.03,0.24
34,0.56,0.19,-0.01,0.03,0.19
35,0.28,0.19,-0.08,0.1,0.18
36,0.3,0.27,-0.04,0.07,0.26
37,0.54,0.27,-0.03,0.07,0.27
38,0.88,0.05,0.01,-0.01,0.05
39,0.56,0.03,0.01,-0.01,0.03
40,0.48,0.23,-0.08,0.11,0.21
41,0.76,0.18,-0.13,0.14,0.16
42,0.61,0.15,-0.05,0.07,0.14
43,0.76,0.14,-0.11,0.13,0.13
44,0.51,0.18,-0.01,0.03,0.18
45,0.8,0.15,-0.12,0.13,0.14
46,0.52,0.19,-0.06,0.08,0.18
47,0.56,0.17,-0.08,0.1,0.16
48,0.36,0.21,-0.08,0.1,0.2
49,-0.5,0.05,0.0,0.01,0.05
52,-0.02,0.31,0.37,-0.3,0.37
53,0.04,0.26,0.12,-0.09,0.27
54,-0.48,0.35,0.07,-0.01,0.35
56,-0.81,0.31,-0.02,0.07,0.31
57,-0.68,0.3,0.22,-0.17,0.33
58,-0.63,0.3,0.24,-0.19,0.34
59,-0.47,0.26,0.2,-0.16,0.28
60,-0.34,0.26,0.21,-0.17,0.29
61,-0.82,0.22,0.03,-0.01,0.22
62,-1.15,0.27,-0.12,0.15,0.25
63,-1.36,0.31,0.04,0.01,0.31
64,-0.81,0.31,0.08,-0.03,0.32
65,-0.52,0.27,0.03,0.01,0.27
66,-0.89,0.2,0.26,-0.23,0.23
67,-0.79,0.23,0.13,-0.1,0.25
68,-0.72,0.26,0.19,-0.15,0.28
69,-0.21,0.32,0.1,-0.05,0.33
70,-0.04,0.23,0.12,-0.09,0.24
71,-0.47,0.14,0.32,-0.31,0.17
72,-0.78,0.26,0.23,-0.19,0.29
73,-0.86,0.18,0.3,-0.28,0.21
74,-0.84,0.27,0.27,-0.22,0.31
75,-0.79,0.31,0.27,-0.21,0.35
76,-0.84,0.15,0.14,-0.12,0.17
78,-0.55,0.23,-0.01,0.04,0.23
79,-0.79,0.19,0.23,-0.2,0.22
80,-0.69,0.23,0.19,-0.16,0.26
81,-0.83,0.27,0.2,-0.16,0.29
82,-0.51,0.24,0.18,-0.14,0.26
83,-0.46,0.32,-0.11,0.16,0.3
85,-0.53,0.29,-0.12,0.16,0.27
86,-0.52,0.31,-0.12,0.17,0.29
87,-0.46,0.28,-0.01,0.05,0.28
88,-0.16,0.38,-0.03,0.09,0.37
89,-0.48,0.23,0.11,-0.07,0.24
90,-0.8,0.26,0.14,-0.11,0.28
91,-0.72,0.22,0.07,-0.04,0.23
92,-0.65,0.16,0.12,-0.1,0.17
93,-0.5,0.2,0.07,-0.04,0.21
94,-0.76,0.24,0.01,0.02,0.24
95,-0.83,0.29,0.02,0.02,0.29
96,-1.01,0.26,0.16,-0.12,0.28
97,-0.98,0.18,0.33,-0.31,0.22
98,-0.49,0.2,0.1,-0.08,0.21
99,-0.15,0.15,0.04,-0.03,0.15
100,-0.15,0.15,0.04,-0.03,0.15
101,-1.0,0.22,-0.04,0.06,0.21
102,-0.53,0.24,0.08,-0.05,0.25
103,-0.52,0.25,0.03,0.0,0.25
104,-0.46,0.3,0.17,-0.12,0.32
105,-1.24,0.24,0.07,-0.04,0.25
106,-0.59,0.27,0.16,-0.12,0.29
107,-0.51,0.3,0.13,-0.08,0.31
108,-0.17,0.3,0.15,-0.1,0.32
109,-0.28,0.31,0.19,-0.13,0.34
110,-0.49,0.29,0.25,-0.2,0.33
111,-0.52,0.31,0.16,-0.11,0.33
112,-0.71,0.26,0.2,-0.16,0.29
113,-0.75,0.36,0.2,-0.14,0.39
114,-0.5,0.23,0.17,-0.14,0.26
115,-0.57,0.24,0.23,-0.2,0.27
116,-0.58,0.29,0.14,-0.09,0.31
117,-0.64,0.22,0.22,-0.19,0.25
118,-0.37,0.28,0.26,-0.22,0.31
119,-0.81,0.32,0.17,-0.12,0.35
120,-0.65,0.3,0.2,-0.14,0.33
121,-0.63,0.26,0.19,-0.15,0.28
122,-0.52,0.31,0.16,-0.11,0.33
123,-0.52,0.24,0.29,-0.25,0.28
125,-0.47,0.14,0.32,-0.31,0.17
126,-0.87,0.09,0.23,-0.22,0.11
128,-0.9,0.25,0.26,-0.22,0.28
129,-0.88,0.24,0.25,-0.21,0.27
130,-1.08,0.25,0.24,-0.2,0.28
131,-1.41,0.29,0.37,-0.31,0.35
132,-0.98,0.27,0.27,-0.22,0.3
133,-1.04,0.26,0.24,-0.19,0.3
134,-0.82,0.29,0.27,-0.22,0.33
135,-0.81,0.33,0.28,-0.22,0.38
137,-0.86,0.29,0.28,-0.23,0.33
138,0.18,0.3,0.14,-0.09,0.31
139,-1.14,0.28,0.33,-0.28,0.33
140,-0.18,0.31,0.22,-0.17,0.34
142,-0.91,0.26,0.27,-0.23,0.3
143,-0.9,0.22,0.13,-0.1,0.24
144,-0.8,0.32,0.24,-0.18,0.35
146,-0.79,0.31,0.24,-0.19,0.34
147,-0.64,0.23,0.27,-0.24,0.27
148,-0.78,0.16,0.16,-0.14,0.17
149,-0.72,0.12,0.25,-0.24,0.14
150,-0.5,0.26,0.25,-0.21,0.29
151,-0.48,0.22,0.22,-0.19,0.25
152,-0.42,0.24,0.25,-0.21,0.27
153,-0.43,0.25,0.18,-0.14,0.27
154,-0.39,0.26,0.19,-0.15,0.29
155,-0.83,0.24,0.28,-0.25,0.28
156,-0.36,0.26,0.23,-0.19,0.29
157,-0.3,0.28,0.24,-0.2,0.31
158,-0.58,0.24,0.24,-0.2,0.27
159,-0.53,0.21,0.28,-0.25,0.24
160,-0.24,0.16,0.1,-0.08,0.17
162,-0.97,0.23,0.29,-0.25,0.27
163,-0.71,0.27,0.27,-0.22,0.31
164,-0.85,0.1,0.17,-0.16,0.11
165,-1.13,0.29,0.37,-0.32,0.35
166,0.05,0.33,0.0,0.06,0.33
167,-0.86,0.23,0.02,0.01,0.23
168,0.32,0.23,0.32,-0.29,0.27
169,0.06,0.24,0.34,-0.3,0.29
170,0.13,0.25,0.31,-0.27,0.29
171,0.47,0.09,0.28,-0.27,0.11
172,0.44,0.11,0.28,-0.27,0.14
173,0.11,0.21,0.37,-0.34,0.26
174,0.19,0.22,0.38,-0.35,0.27
175,0.37,0.23,0.37,-0.33,0.28
176,0.3,0.2,0.41,-0.38,0.25
177,0.09,0.21,0.31,-0.28,0.25
178,-0.53,0.23,0.28,-0.24,0.26
179,0.26,0.2,0.26,-0.24,0.23
180,-0.01,0.23,0.26,-0.22,0.27
181,0.11,0.23,0.29,-0.25,0.27
182,0.05,0.26,0.27,-0.23,0.3
183,0.01,0.23,0.24,-0.21,0.26
184,-0.46,0.19,0.35,-0.33,0.23
185,-0.08,0.2,0.37,-0.34,0.24
186,0.06,0.2,0.34,-0.31,0.24
187,-0.07,0.21,0.36,-0.33,0.26
188,-0.17,0.21,0.34,-0.31,0.26
189,-0.04,0.21,0.37,-0.33,0.26
190,0.28,0.22,0.3,-0.27,0.25
191,0.22,0.24,0.3,-0.26,0.28
192,0.27,0.21,0.32,-0.29,0.25
193,0.13,0.22,0.28,-0.25,0.25
194,-0.35,0.2,0.37,-0.34,0.25
195,0.03,0.2,0.32,-0.29,0.24
196,0.09,0.25,0.38,-0.34,0.3
197,-0.38,0.21,0.35,-0.32,0.25
198,-0.06,0.22,0.32,-0.29,0.27
199,0.08,0.23,0.37,-0.33,0.28
200,-0.57,0.21,0.26,-0.23,0.25
201,-0.51,0.24,0.27,-0.24,0.27
202,0.19,0.21,0.32,-0.29,0.25
203,0.0,0.19,0.36,-0.33,0.24
204,-0.01,0.22,0.36,-0.33,0.27
205,-0.04,0.21,0.37,-0.34,0.26
206,-0.36,0.26,0.21,-0.17,0.28
207,0.72,0.24,0.25,-0.21,0.27
208,0.06,0.31,0.31,-0.25,0.35
209,-0.03,0.31,0.33,-0.27,0.36
210,-0.54,0.27,0.21,-0.17,0.3
211,0.76,0.23,0.23,-0.2,0.26
212,-0.04,0.31,0.34,-0.28,0.36
213,-0.04,0.34,0.26,-0.2,0.38
214,-0.17,0.34,0.28,-0.21,0.39
215,-0.27,0.35,0.24,-0.17,0.39
216,-0.33,0.24,0.23,-0.2,0.27
217,-0.07,0.3,0.36,-0.3,0.35
218,0.13,0.31,0.33,-0.27,0.36
219,-0.34,0.25,0.18,-0.15,0.28
220,0.14,0.3,0.28,-0.23,0.34
221,0.0,0.31,0.31,-0.25,0.36
222,0.15,0.31,0.31,-0.25,0.36
223,0.07,0.27,0.24,-0.2,0.3
224,-0.21,0.28,0.36,-0.3,0.33
225,0.34,0.19,0.3,-0.27,0.22
226,0.6,0.1,0.28,-0.27,0.12
227,0.36,0.09,0.33,-0.32,0.12
228,0.1,0.22,0.31,-0.28,0.26
229,0.07,0.23,0.31,-0.28,0.27
230,0.0,0.28,0.34,-0.29,0.33
231,-0.25,0.27,0.41,-0.36,0.33
232,0.18,0.26,0.3,-0.26,0.3
233,0.12,0.22,0.31,-0.28,0.26
234,-0.03,0.24,0.25,-0.21,0.28
235,0.01,0.27,0.26,-0.22,0.31
236,0.78,0.22,0.27,-0.23,0.25
237,-0.28,0.25,0.19,-0.15,0.27
238,0.1,0.27,0.29,-0.25,0.32
239,0.02,0.29,0.23,-0.19,0.32
240,-0.08,0.35,0.26,-0.19,0.39
241,0.05,0.22,0.25,-0.22,0.25
242,-0.29,0.2,0.24,-0.21,0.23
243,-0.21,0.21,0.36,-0.32,0.25
244,-0.17,0.19,0.22,-0.2,0.22
245,-0.43,0.23,0.23,-0.2,0.26
246,0.27,0.34,0.24,-0.18,0.37
247,0.18,0.28,0.3,-0.25,0.32
248,0.15,0.29,0.2,-0.16,0.31
249,0.31,0.23,0.35,-0.31,0.28
250,0.04,0.29,0.15,-0.11,0.31
251,0.3,0.24,0.35,-0.31,0.29
252,0.21,0.26,0.35,-0.3,0.31
253,-0.07,0.26,0.1,-0.07,0.27
254,-0.21,0.21,0.29,-0.26,0.25
255,0.45,0.13,0.29,-0.27,0.16
256,0.23,0.18,0.28,-0.25,0.21
257,0.27,0.2,0.23,-0.2,0.23
258,0.27,0.16,0.31,-0.29,0.19
259,0.41,0.14,0.33,-0.31,0.18
260,0.12,0.19,0.33,-0.3,0.23
261,0.11,0.34,0.36,-0.29,0.4
262,-0.33,0.42,0.26,-0.17,0.47
263,0.15,0.33,0.02,0.03,0.33
264,-0.27,0.33,-0.02,0.07,0.33
265,-0.14,0.27,-0.07,0.1,0.26
267,-0.35,0.34,0.17,-0.11,0.36
269,0.0,0.24,0.0,0.03,0.24
270,0.15,0.3,0.03,0.02,0.3
271,-0.02,0.3,0.07,-0.02,0.31
272,-0.05,0.32,0.34,-0.28,0.37
273,-0.34,0.39,0.29,-0.21,0.44
274,-0.78,0.32,0.1,-0.05,0.33
275,0.01,0.34,0.04,0.01,0.34
276,-0.42,0.34,0.06,0.0,0.35
277,-0.56,0.31,0.13,-0.08,0.32
278,0.29,0.32,0.29,-0.23,0.37
279,0.29,0.31,0.31,-0.25,0.36
280,0.24,0.34,0.29,-0.22,0.39
281,-0.13,0.28,0.36,-0.31,0.33
282,0.17,0.31,0.31,-0.25,0.36
283,-0.04,0.25,0.35,-0.3,0.3
284,-0.18,0.27,0.36,-0.31,0.32
285,-0.12,0.2,0.28,-0.25,0.23
286,-0.33,0.25,0.32,-0.28,0.3
287,0.33,0.2,0.24,-0.21,0.23
288,0.44,0.24,0.23,-0.19,0.27
289,0.33,0.2,0.24,-0.21,0.23
290,-0.12,0.31,0.32,-0.26,0.36
291,0.11,0.3,0.33,-0.28,0.36
292,-0.22,0.22,0.28,-0.25,0.26
293,-0.63,0.25,0.31,-0.27,0.29
294,-0.46,0.25,0.34,-0.3,0.3
295,-0.52,0.31,0.28,-0.22,0.35
296,-0.49,0.31,0.34,-0.28,0.37
297,-0.41,0.3,0.34,-0.28,0.35
298,0.52,0.26,0.3,-0.26,0.31
299,0.33,0.24,0.35,-0.31,0.29
300,0.38,0.23,0.33,-0.3,0.27
301,0.37,0.27,0.31,-0.27,0.31
302,0.18,0.21,0.39,-0.36,0.26
303,0.1,0.25,0.37,-0.32,0.3
304,0.08,0.3,0.39,-0.33,0.37
305,-0.37,0.24,0.19,-0.16,0.26
306,0.15,0.3,0.33,-0.28,0.35
307,0.03,0.27,0.37,-0.32,0.33
308,-0.81,0.29,0.34,-0.29,0.34
309,-0.77,0.28,0.3,-0.26,0.32
310,-0.34,0.34,0.34,-0.27,0.4
311,-0.08,0.19,0.33,-0.3,0.23
312,-0.24,0.17,0.39,-0.37,0.21
313,-0.36,0.29,0.41,-0.35,0.36
314,-0.22,0.3,0.37,-0.31,0.36
315,0.44,0.19,0.31,-0.29,0.23
316,0.46,0.21,0.27,-0.24,0.24
317,0.25,0.19,0.28,-0.25,0.22
318,0.28,0.21,0.28,-0.25,0.24
319,-0.02,0.24,0.26,-0.23,0.27
320,-0.05,0.22,0.26,-0.23,0.26
321,-0.34,0.22,0.23,-0.2,0.25
322,-0.14,0.22,0.31,-0.28,0.25
323,-0.12,0.22,0.28,-0.25,0.25
324,0.51,0.21,0.28,-0.25,0.25
325,0.54,0.24,0.27,-0.24,0.28
326,0.36,0.23,0.29,-0.25,0.27
327,0.68,0.25,0.25,-0.21,0.29
328,0.02,0.3,0.33,-0.27,0.35
329,0.15,0.29,0.32,-0.26,0.34
330,-0.27,0.31,0.34,-0.28,0.36
331,-0.12,0.24,0.18,-0.15,0.26
332,0.19,0.23,0.26,-0.23,0.26
333,-0.3,0.22,0.25,-0.21,0.26
334,0.34,0.26,-0.14,0.17,0.24
335,0.25,0.23,0.21,-0.18,0.26
336,0.63,0.21,0.18,-0.15,0.23
337,0.47,0.24,0.17,-0.14,0.26
338,-0.11,0.28,0.38,-0.33,0.34
339,0.01,0.28,0.33,-0.28,0.33
340,0.37,0.22,0.1,-0.07,0.23
341,0.06,0.31,0.34,-0.28,0.37
342,0.52,0.22,0.1,-0.07,0.23
343,0.33,0.19,0.11,-0.09,0.2
344,0.22,0.26,0.28,-0.24,0.3
345,0.53,0.27,0.26,-0.21,0.31
346,0.31,0.27,0.23,-0.18,0.3
347,0.0,0.23,0.21,-0.18,0.25
348,0.37,0.2,0.21,-0.19,0.23
349,0.25,0.19,0.23,-0.2,0.21
350,0.53,0.19,0.21,-0.19,0.21
351,0.75,0.12,0.24,-0.23,0.14
352,0.48,0.11,0.23,-0.22,0.13
353,0.5,0.14,0.26,-0.24,0.16
354,0.52,0.14,0.24,-0.22,0.16
355,0.52,0.23,0.2,-0.17,0.26
356,0.36,0.23,0.16,-0.13,0.25
357,0.62,0.2,0.16,-0.13,0.22
358,0.61,0.18,0.16,-0.14,0.2
359,0.32,0.24,0.25,-0.22,0.27
360,-0.08,0.23,0.23,-0.2,0.26
361,-0.26,0.22,0.24,-0.21,0.25
362,0.11,0.21,0.25,-0.22,0.25
363,0.2,0.2,0.25,-0.23,0.23
364,0.0,0.25,0.22,-0.18,0.28
365,-0.14,0.21,0.08,-0.05,0.22
366,-0.06,0.23,0.09,-0.06,0.24
367,-0.03,0.21,0.07,-0.05,0.22
368,0.13,0.17,0.22,-0.2,0.2
369,0.34,0.17,0.21,-0.19,0.19
370,0.06,0.18,0.23,-0.21,0.21
371,0.21,0.24,0.26,-0.22,0.27
372,0.26,0.22,0.28,-0.25,0.25
373,0.17,0.22,0.28,-0.25,0.25
374,-0.07,0.16,0.14,-0.12,0.17
375,-0.07,0.18,0.11,-0.09,0.19
376,0.05,0.19,0.12,-0.1,0.2
377,-0.34,0.23,0.29,-0.26,0.27
378,-0.02,0.27,0.03,0.01,0.27
379,0.03,0.38,0.09,-0.02,0.39
380,0.01,0.34,0.04,0.01,0.34
381,-0.42,0.34,0.06,0.0,0.35
382,-0.56,0.31,0.13,-0.08,0.32
383,-0.48,0.34,0.12,-0.07,0.35
384,-0.48,0.29,0.14,-0.09,0.31
385,-0.84,0.23,0.17,-0.14,0.25
386,-0.14,0.31,0.15,-0.1,0.33
387,0.34,0.33,0.1,-0.05,0.34
388,-0.52,0.2,0.13,-0.11,0.21
389,-0.71,0.19,0.08,-0.06,0.19
390,-0.67,0.28,0.16,-0.11,0.3
391,0.32,0.34,0.08,-0.02,0.35
392,-0.31,0.26,0.0,0.03,0.26
394,-0.56,0.31,0.15,-0.1,0.33
395,-0.89,0.23,-0.06,0.09,0.22
396,-0.3,0.3,0.12,-0.08,0.32
397,-0.36,0.38,0.11,-0.04,0.39
398,-0.67,0.34,0.2,-0.14,0.37
399,-0.01,0.22,0.25,-0.22,0.25
400,-0.44,0.26,0.37,-0.33,0.32
401,-0.28,0.22,0.26,-0.22,0.26
403,-0.76,0.18,0.23,-0.21,0.21
404,-0.87,0.22,0.23,-0.2,0.25
405,-0.74,0.17,0.28,-0.26,0.21
406,-0.98,0.28,0.24,-0.19,0.31
407,-0.28,0.35,0.1,-0.04,0.36
408,0.0,0.34,0.1,-0.04,0.36
409,-0.62,0.24,0.22,-0.19,0.26
410,-0.51,0.24,0.18,-0.14,0.26
411,-0.41,0.16,0.13,-0.11,0.18
412,-0.25,0.27,0.12,-0.08,0.28
413,-0.81,0.23,0.22,-0.19,0.26
414,-0.49,0.17,0.27,-0.25,0.19
415,-0.57,0.17,0.22,-0.2,0.19
416,0.05,0.33,0.0,0.06,0.33
417,-0.16,0.34,0.03,0.02,0.34
418,0.08,0.33,0.11,-0.06,0.35
419,-0.25,0.35,0.06,0.0,0.36
420,0.23,0.36,0.0,0.05,0.35
421,-0.17,0.36,0.05,0.01,0.37
422,-0.02,0.35,0.01,0.04,0.35
423,0.1,0.31,0.01,0.04,0.31
424,-0.03,0.23,-0.01,0.03,0.23
425,-0.7,0.22,-0.01,0.03,0.22
426,-0.08,0.24,0.03,0.0,0.24
427,-0.32,0.26,0.1,-0.07,0.27
428,-0.8,0.35,0.1,-0.04,0.36
429,-0.93,0.36,0.1,-0.04,0.37
430,-1.15,0.35,0.03,0.03,0.35
431,-0.84,0.38,0.1,-0.03,0.4
432,0.69,0.11,0.07,-0.06,0.12
433,-0.01,0.06,0.01,-0.01,0.06
435,0.36,0.03,-0.03,0.03,0.03
436,0.3,0.04,-0.04,0.04,0.04
437,0.32,0.03,-0.04,0.04,0.03
439,-0.43,0.07,0.07,-0.07,0.07
440,-0.12,0.0,0.0,0.0,0.0
442,0.25,0.03,-0.05,0.05,0.03
443,0.29,0.05,-0.08,0.08,0.05
444,0.17,0.03,-0.03,0.04,0.03
445,0.22,0.04,-0.08,0.08,0.03
447,0.38,-0.01,0.03,-0.03,-0.01
449,0.15,0.11,0.11,-0.1,0.12
451,-0.26,0.11,0.16,-0.15,0.12
452,-0.05,0.13,0.14,-0.13,0.14
453,0.03,0.12,0.14,-0.13,0.13
454,0.13,0.0,-0.04,0.04,0.0
455,-0.06,0.04,-0.05,0.05,0.03
456,0.08,0.03,-0.06,0.06,0.03
457,-0.04,0.07,-0.03,0.04,0.06
459,0.55,0.03,-0.14,0.14,0.02
462,0.25,0.04,-0.08,0.08,0.04
463,-0.27,0.08,0.05,-0.04,0.08
464,-0.95,0.27,0.08,-0.05,0.27
465,-0.15,0.06,0.03,-0.03,0.06
466,0.48,0.28,0.11,-0.07,0.29
471,-0.22,0.07,-0.08,0.08,0.07
472,-0.58,0.13,-0.01,0.02,0.13
473,-0.57,0.1,-0.02,0.03,0.09
474,-0.7,0.21,-0.04,0.06,0.2
475,-0.87,0.1,0.0,0.01,0.1
476,-0.61,0.06,0.07,-0.07,0.07
477,-0.74,0.07,0.02,-0.01,0.07
478,-0.57,0.12,-0.03,0.04,0.12
479,-0.33,0.07,-0.11,0.12,0.06
480,-0.67,0.1,-0.08,0.09,0.09
482,-0.83,0.07,0.02,-0.01,0.07
483,-0.59,0.12,-0.06,0.07,0.12
484,-0.14,0.02,0.02,-0.02,0.02
485,-0.49,0.0,-0.04,0.04,0.0
486,-0.04,0.12,-0.15,0.16,0.1
487,-0.45,0.02,-0.04,0.04,0.02
488,-0.56,0.12,-0.07,0.08,0.12
489,-0.88,0.12,-0.05,0.06,0.12
490,-0.66,0.01,-0.06,0.06,0.01
491,-1.12,0.11,-0.03,0.04,0.1
492,-0.5,0.05,0.0,0.01,0.05
493,-0.55,0.03,-0.07,0.07,0.03
494,-0.62,0.07,-0.05,0.05,0.07
495,-0.45,0.07,-0.05,0.06,0.07
496,-0.67,0.11,-0.04,0.05,0.11
498,-0.6,0.09,-0.02,0.03,0.09
499,0.02,0.1,-0.1,0.11,0.09
500,-0.4,0.15,0.0,0.01,0.15
502,0.55,0.27,-0.02,0.06,0.27
503,0.15,0.27,0.04,0.0,0.28
504,0.23,0.31,0.09,-0.04,0.32
505,0.48,0.25,-0.03,0.06,0.24
506,0.33,0.31,0.05,-0.01,0.31
507,0.32,0.25,0.08,-0.05,0.26
508,0.35,0.22,0.01,0.02,0.22
509,0.12,0.3,0.17,-0.12,0.33
510,-0.79,0.05,0.0,0.0,0.05
511,-0.53,0.07,0.04,-0.03,0.08
512,-0.22,0.07,-0.05,0.06,0.07
513,-0.19,0.07,-0.04,0.05,0.06
514,-0.9,0.3,0.44,-0.38,0.37
515,-0.74,0.29,0.37,-0.32,0.35
516,-0.8,0.3,0.33,-0.28,0.36
517,-0.91,0.32,0.42,-0.35,0.39
523,0.3,0.12,0.01,0.0,0.12
524,0.02,0.26,0.04,-0.01,0.26
525,-0.03,0.18,-0.02,0.03,0.18
526,0.18,0.21,-0.03,0.05,0.2
528,0.34,0.12,-0.02,0.03,0.12
529,0.61,0.06,0.03,-0.02,0.07
530,0.39,0.16,-0.11,0.12,0.14
531,0.32,0.32,0.03,0.01,0.32
532,0.34,0.15,0.01,0.01,0.15
533,0.44,0.16,0.02,0.0,0.16
534,0.31,0.15,-0.03,0.04,0.14
535,0.65,0.18,-0.06,0.08,0.17
537,1.16,0.05,0.41,-0.41,0.08
538,-0.94,-0.08,-0.24,0.24,-0.09
539,1.21,0.01,1.09,-1.08,0.1
540,0.78,-0.08,0.86,-0.86,-0.02
541,0.78,-0.08,0.86,-0.86,-0.02
542,1.55,0.07,0.53,-0.52,0.11
543,0.75,0.11,0.68,-0.67,0.16
544,1.45,0.14,0.59,-0.57,0.19
545,0.88,0.2,0.3,-0.28,0.22
546,1.1,0.03,0.94,-0.93,0.11
547,0.74,-0.01,1.04,-1.04,0.07
548,1.3,-0.26,0.82,-0.83,-0.2
549,1.31,0.06,0.59,-0.59,0.11
550,0.8,0.16,0.53,-0.51,0.2
551,1.54,0.08,0.19,-0.18,0.1
552,0.88,0.19,0.21,-0.19,0.2
553,0.24,-0.06,1.24,-1.24,0.04
554,0.27,-0.15,0.92,-0.92,-0.09
555,-0.14,-0.11,1.31,-1.31,-0.01
556,1.05,-0.15,0.73,-0.74,-0.1
557,0.18,0.3,0.97,-0.94,0.39
558,0.25,0.08,1.07,-1.06,0.17
559,0.04,0.06,1.16,-1.15,0.16
560,1.47,0.0,0.38,-0.38,0.02
561,0.16,0.12,1.1,-1.09,0.21
562,0.16,0.12,1.1,-1.09,0.21
563,2.24,-0.15,0.75,-0.75,-0.1
564,1.89,-0.1,0.77,-0.77,-0.05
565,1.83,0.02,0.44,-0.44,0.05
566,0.93,0.03,0.16,-0.16,0.04
567,3.47,0.42,-1.32,1.35,0.3
568,0.47,0.15,0.14,-0.13,0.16
569,1.27,-0.08,0.1,-0.11,-0.07
570,0.6,0.08,0.4,-0.39,0.11
571,0.51,-0.05,0.38,-0.39,-0.02
572,1.22,-0.05,0.15,-0.15,-0.04
573,0.48,0.02,0.33,-0.33,0.04
574,0.66,0.0,0.26,-0.26,0.02
575,0.21,0.19,0.78,-0.76,0.26
576,0.63,0.0,0.68,-0.68,0.05
577,0.61,0.21,0.46,-0.44,0.24
578,0.54,0.22,0.49,-0.47,0.26
579,0.33,0.19,0.63,-0.61,0.24
580,0.54,0.16,0.46,-0.44,0.2
581,2.07,0.31,-0.63,0.66,0.25
582,0.04,0.25,0.68,-0.65,0.31
583,1.12,0.01,0.83,-0.82,0.07
584,1.25,0.23,0.67,-0.65,0.28
585,1.24,0.01,0.77,-0.76,0.07
586,0.4,-0.04,0.78,-0.78,0.01
587,0.71,-0.02,0.92,-0.92,0.05
588,0.49,0.04,0.66,-0.66,0.1
589,0.86,0.04,0.63,-0.63,0.09
590,0.86,-0.02,0.87,-0.87,0.05
591,2.03,-0.3,0.69,-0.71,-0.26
592,1.32,-0.02,0.71,-0.71,0.04
593,1.25,-0.04,0.73,-0.73,0.02
594,0.81,0.18,0.28,-0.26,0.2
595,1.55,0.05,0.31,-0.31,0.08
596,1.63,0.06,0.47,-0.46,0.1
597,1.67,0.07,0.44,-0.43,0.11
598,1.25,0.02,0.42,-0.42,0.05
599,1.6,0.01,0.47,-0.47,0.05
600,1.47,0.12,0.33,-0.32,0.15
601,0.56,0.06,-0.36,0.36,0.03
602,-0.29,0.41,0.53,-0.49,0.46
603,-0.44,-0.04,0.99,-0.99,0.04
604,0.05,-0.02,0.73,-0.73,0.03
605,-0.57,0.33,1.08,-1.04,0.44
606,-0.71,0.37,0.96,-0.92,0.47
607,0.71,0.1,0.33,-0.32,0.13
608,1.64,0.04,0.47,-0.47,0.07
609,0.71,0.06,0.65,-0.64,0.11
610,1.57,0.03,0.0,0.0,0.03
611,0.17,-0.08,1.17,-1.18,0.01
612,1.51,0.08,-0.38,0.38,0.05
613,0.85,0.16,-0.41,0.42,0.13
614,0.68,0.1,-0.25,0.26,0.08
615,0.85,0.09,-0.35,0.36,0.07
616,1.41,0.05,-0.18,0.18,0.04
617,0.69,-0.09,0.41,-0.41,-0.06
618,1.69,0.4,0.25,-0.21,0.42
619,1.85,0.66,0.05,0.02,0.66
620,1.38,0.0,1.19,-1.19,0.1
621,1.29,-0.04,1.26,-1.26,0.06
622,1.35,0.01,1.09,-1.09,0.1
623,1.12,-0.09,1.24,-1.24,0.0
624,0.54,0.44,1.27,-1.22,0.57
625,1.42,0.02,0.53,-0.53,0.06
626,1.74,0.06,0.44,-0.44,0.09
627,1.77,0.02,0.47,-0.47,0.05
628,1.63,0.05,0.44,-0.43,0.08
629,1.52,0.07,0.48,-0.47,0.11
630,1.48,0.07,0.48,-0.47,0.1
631,1.48,-0.05,0.51,-0.51,-0.01
632,1.31,-0.02,0.49,-0.49,0.01
633,1.28,-0.07,0.45,-0.45,-0.04
634,1.68,-0.24,0.69,-0.7,-0.19
635,2.06,-0.25,0.75,-0.76,-0.2
636,2.1,-0.32,0.38,-0.39,-0.3
637,2.61,-0.14,0.47,-0.48,-0.1
638,1.76,-0.25,0.71,-0.73,-0.21
639,1.95,-0.21,0.6,-0.61,-0.17
640,1.88,-0.17,0.75,-0.76,-0.12
641,1.47,-0.07,0.18,-0.18,-0.05
642,1.15,0.06,0.37,-0.36,0.09
643,-0.49,0.03,0.48,-0.47,0.06
644,1.43,0.02,0.08,-0.08,0.03
645,0.93,0.15,0.49,-0.47,0.19
646,1.56,0.06,0.04,-0.03,0.06
647,0.97,0.04,0.21,-0.21,0.06
648,1.2,-0.05,1.27,-1.27,0.05
649,1.49,-0.07,1.14,-1.14,0.02
650,-0.15,0.15,0.66,-0.65,0.21
651,0.85,0.64,-0.38,0.45,0.59
652,1.11,0.12,0.21,-0.2,0.13
653,1.11,0.12,0.21,-0.2,0.13
654,0.78,0.06,0.47,-0.47,0.1
655,1.5,0.0,0.02,-0.02,0.0
656,0.08,0.19,0.79,-0.77,0.26
657,0.56,0.18,0.82,-0.8,0.25
658,1.52,0.05,0.26,-0.26,0.07
659,0.99,0.16,0.37,-0.35,0.19
660,1.0,0.23,0.24,-0.22,0.25
661,0.26,-0.1,0.56,-0.56,-0.06
662,1.07,0.26,0.69,-0.66,0.32
663,1.12,0.27,0.7,-0.67,0.33
664,1.6,-0.03,0.38,-0.38,0.0
665,0.93,0.36,0.54,-0.5,0.41
666,1.09,0.41,0.48,-0.44,0.45
667,0.65,0.53,0.53,-0.47,0.58
668,1.31,0.36,0.47,-0.43,0.41
669,0.97,0.36,0.45,-0.42,0.4
670,1.06,0.3,0.38,-0.35,0.33
671,1.18,0.16,0.44,-0.43,0.2
672,1.09,0.11,0.6,-0.58,0.16
673,0.51,0.15,0.71,-0.69,0.21
674,0.13,0.14,0.73,-0.72,0.21
675,0.65,0.2,0.47,-0.45,0.24
676,0.66,0.19,0.47,-0.46,0.23
677,1.33,0.03,0.32,-0.32,0.06
678,1.33,0.03,0.32,-0.32,0.06
679,0.21,0.0,0.91,-0.91,0.07
680,0.56,-0.03,1.03,-1.03,0.05
681,1.02,0.0,0.61,-0.61,0.05
682,0.65,-0.03,0.49,-0.5,0.01
683,0.31,-0.05,0.56,-0.56,-0.01
684,1.04,0.04,0.7,-0.7,0.1
685,-0.34,-0.01,1.04,-1.04,0.07
686,0.69,0.21,0.81,-0.79,0.28
687,0.74,0.56,-0.08,0.14,0.55
688,0.33,0.07,1.09,-1.08,0.16
689,0.74,0.15,0.62,-0.6,0.21
690,0.33,0.2,0.66,-0.64,0.26
691,0.62,0.33,0.95,-0.92,0.42
692,0.23,-0.07,0.8,-0.8,-0.01
693,0.57,-0.01,0.86,-0.86,0.05
694,0.56,-0.03,0.74,-0.74,0.03
695,0.14,-0.1,1.07,-1.07,-0.02
696,1.56,-0.15,0.52,0.54,0.06
697,2.23,-0.55,-0.41,0.6,0.33
698,2.16,-0.51,-0.34,0.53,0.31
699,1.89,-0.03,0.24,0.24,0.03
700,1.61,0.11,0.14,0.17,-0.05
701,2.46,-0.01,-0.05,-0.05,0.0
702,2.63,0.02,-0.2,0.1,-0.17
703,0.99,-0.22,0.18,0.26,0.11
704,0.72,0.1,0.17,0.19,-0.04
705,1.37,0.06,0.32,0.33,-0.01
706,2.11,0.11,0.28,0.3,-0.03
707,0.99,0.17,0.09,0.18,-0.08
708,1.67,0.32,0.23,0.38,-0.11
709,0.99,-0.22,0.18,0.26,0.11
710,1.72,0.39,0.32,0.49,-0.12
711,1.39,0.12,0.14,0.18,-0.05
712,1.62,0.13,0.17,0.21,-0.05
713,2.11,0.13,0.22,0.25,-0.04
714,1.91,0.0,0.35,0.35,0.02
715,1.41,0.22,0.06,0.2,-0.11
716,1.66,0.18,0.19,0.26,-0.07
717,0.81,0.22,0.31,0.37,-0.07
718,2.11,0.24,0.29,0.37,-0.08
719,0.99,-0.22,0.18,0.26,0.11
720,2.23,0.19,0.0,0.15,-0.12
721,1.39,0.12,0.14,0.18,-0.05
722,1.61,0.25,0.52,0.58,-0.05
723,2.05,0.13,0.25,0.28,-0.04
724,1.62,0.13,0.17,0.21,-0.05
725,1.65,0.38,0.27,0.45,-0.12
726,0.87,0.11,0.03,0.09,-0.07
727,1.82,0.08,0.27,0.28,-0.02
728,0.82,0.15,-0.02,0.11,-0.11
729,2.63,0.07,0.0,0.04,-0.06
730,1.68,-0.08,-0.39,0.29,0.27
731,1.77,-0.09,-0.4,0.31,0.27
732,1.8,-0.02,-0.21,0.11,-0.18
733,2.4,0.22,0.53,0.58,-0.04
734,2.26,0.29,0.55,0.62,-0.06
735,2.22,-0.14,0.43,0.45,0.06
736,0.97,0.19,-0.04,0.15,-0.13
737,2.22,0.18,0.75,0.77,-0.02
738,2.03,0.36,0.8,0.88,-0.06
739,2.66,0.03,0.82,0.82,0.01
740,0.95,0.16,0.01,0.12,-0.1
741,2.59,0.07,0.58,0.58,0.0
742,1.27,-0.1,0.11,0.14,0.06
743,1.18,-0.14,-0.04,0.08,0.12
744,0.6,-0.09,0.01,0.05,0.07
745,1.65,-0.1,0.05,0.08,0.07
746,1.61,-0.1,0.11,0.14,0.06
747,1.07,-0.07,0.13,0.14,0.04
748,2.92,0.23,0.31,0.38,-0.07
749,2.7,0.17,0.28,0.33,-0.05
750,1.0,0.17,-0.02,0.12,-0.12
751,1.68,0.04,0.12,0.12,-0.01
752,1.46,0.25,-0.14,0.22,-0.19
753,-0.07,0.08,0.61,0.62,0.0
754,1.07,-0.08,0.09,0.11,0.06
755,2.02,-0.14,0.15,0.19,0.08
756,2.15,0.18,0.12,0.2,-0.08
757,1.64,-0.13,0.18,0.21,0.07
758,1.46,0.26,0.29,0.38,-0.08
759,0.76,-0.1,0.03,0.08,0.07
760,0.61,-0.15,0.06,0.13,0.1
761,0.94,-0.03,0.02,0.03,0.03
762,1.0,-0.14,0.04,0.11,0.1
763,1.3,-0.06,-0.12,0.04,0.13
764,1.36,-0.05,-0.24,0.14,0.2
765,0.99,-0.07,-0.23,0.14,0.2
766,1.81,-0.01,-0.08,-0.02,-0.08
767,1.77,-0.34,-0.27,0.35,0.26
768,1.88,-0.37,-0.36,0.42,0.29
769,1.04,-0.03,0.21,0.21,0.02
770,1.52,0.0,0.1,0.1,0.01
771,2.01,-0.04,-0.23,0.13,0.19
772,2.0,-0.17,-0.29,0.23,0.24
773,1.98,0.09,0.15,0.17,-0.03
774,1.33,0.0,0.16,0.16,0.01
775,1.45,0.12,0.08,0.14,-0.06
776,1.33,0.3,-0.38,0.39,-0.28
777,0.26,0.04,-0.02,0.0,-0.04
778,1.09,-0.06,-0.37,0.27,0.26
779,1.84,-0.07,-0.3,0.21,0.23
780,1.65,0.0,0.35,0.35,0.02
781,1.52,-0.19,0.01,0.14,0.13
782,1.42,-0.06,-0.16,0.07,0.16
783,1.39,-0.07,-0.27,0.18,0.22
784,1.39,-0.14,-0.27,0.2,0.23
785,1.55,-0.22,-0.2,0.21,0.21
786,2.36,-0.09,-0.28,0.19,0.23
787,1.49,-0.01,0.2,0.2,0.01
788,1.78,-0.09,0.21,0.22,0.05
789,1.27,-0.04,0.36,0.36,0.03
790,0.9,0.22,0.0,0.18,-0.13
791,2.02,0.1,0.53,0.54,-0.01
792,0.82,0.18,0.0,0.14,-0.11
793,1.29,-0.04,0.25,0.26,0.03
794,2.02,0.01,0.57,0.57,0.01
795,0.95,0.17,-0.03,0.12,-0.12
796,1.26,-0.02,0.07,0.07,0.02
797,1.7,0.07,0.19,0.2,-0.02
798,2.18,0.05,0.5,0.51,0.0
799,2.12,0.38,0.11,0.36,-0.15
800,1.68,0.31,0.23,0.37,-0.11
801,1.44,-0.23,0.1,0.21,0.12
802,0.29,-0.1,-0.07,0.05,0.12
803,1.98,0.32,0.18,0.35,-0.12
804,1.17,0.18,0.06,0.17,-0.1
805,1.61,0.21,0.08,0.2,-0.1
806,1.99,0.07,0.0,0.04,-0.06
807,1.35,-0.44,-0.4,0.5,0.32
808,1.87,-0.38,-0.32,0.41,0.29
809,2.45,-0.14,-0.43,0.35,0.29
810,1.53,-0.04,-0.44,0.34,-0.29
811,0.05,0.07,0.85,0.37,-0.77
812,0.76,-0.08,0.51,0.32,-0.41
813,0.1,-0.05,0.41,0.24,-0.33
814,0.48,-0.05,-0.03,0.03,0.05
815,1.16,-0.19,0.76,0.54,-0.56
816,0.81,-0.35,0.54,0.57,-0.3
817,-0.03,0.2,1.17,0.42,-1.11
818,-0.21,0.28,1.15,0.34,-1.13
819,-0.22,0.26,1.29,0.43,-1.24
820,0.37,0.0,0.83,0.42,-0.72
821,-0.71,-0.18,1.46,0.9,-1.16
822,0.21,0.02,1.13,0.55,-0.98
823,0.22,0.05,1.23,0.58,-1.08
824,0.48,-0.04,0.71,0.38,-0.6
825,0.65,-0.11,0.22,0.21,-0.14
826,1.12,0.51,1.96,0.61,-1.93
827,0.64,0.13,0.94,0.36,-0.88
828,0.26,0.07,1.52,0.72,-1.34
829,-0.36,0.28,0.44,-0.03,-0.52
830,-0.1,0.65,1.35,0.14,-1.48
831,0.03,0.62,1.41,0.2,-1.53
832,0.23,0.53,1.39,0.26,-1.46
833,0.05,0.61,1.28,0.14,-1.41
834,-0.19,0.47,1.41,0.33,-1.45
835,0.33,0.0,1.39,0.71,-1.19
836,1.41,-0.09,0.53,0.34,-0.41
837,1.04,-0.24,0.37,0.39,-0.21
838,0.46,-0.12,0.32,0.26,-0.23
839,0.65,0.0,0.95,0.48,-0.82
840,1.26,-0.02,0.79,0.41,-0.68
841,0.69,0.46,1.5,0.39,-1.52
842,1.04,0.4,1.46,0.41,-1.46
843,0.61,0.41,1.43,0.38,-1.44
844,1.31,0.43,1.32,0.31,-1.35
845,-0.6,0.38,1.2,0.29,-1.22
846,0.19,0.77,-0.4,-0.87,-0.01
847,0.6,0.58,-0.01,-0.51,-0.27
848,1.26,0.2,1.12,0.39,-1.07
849,0.37,0.36,0.54,-0.05,-0.65
850,0.83,0.21,0.85,0.25,-0.84
851,0.54,0.15,0.36,0.04,-0.39
852,0.46,0.18,-0.37,-0.33,0.24
853,0.81,-0.05,0.56,0.32,-0.46
854,0.19,0.29,-0.11,-0.31,-0.04
855,1.34,-0.06,0.43,0.26,-0.35
856,0.94,-0.06,0.58,0.34,-0.48
857,0.35,0.22,-0.31,-0.34,0.17
858,0.25,0.32,-0.15,-0.35,-0.02
859,1.01,-0.15,0.72,0.49,-0.55
860,0.85,-0.01,0.54,0.27,-0.47
861,1.32,-0.05,0.89,0.48,-0.75
862,0.79,-0.02,-1.37,-0.59,1.24
863,1.33,0.78,0.4,-0.48,-0.74
864,-0.5,0.28,0.48,-0.01,-0.56
865,0.5,0.02,1.27,0.63,-1.1
866,1.27,-0.3,1.19,0.85,-0.88
867,0.46,-0.47,0.24,0.53,0.01
868,0.94,-0.57,0.22,0.61,0.07
869,0.5,-0.29,0.17,0.34,-0.01
870,0.22,-0.6,0.42,0.73,-0.08
871,0.7,0.03,1.12,0.53,-0.98
872,-0.17,0.4,1.47,0.42,-1.47
873,0.71,0.4,2.21,0.84,-2.08
874,0.93,0.28,2.12,0.89,-1.95
875,1.0,0.3,1.57,0.55,-1.5
876,0.52,0.32,1.22,0.34,-1.21
877,0.38,0.47,1.7,0.49,-1.7
878,0.54,0.28,0.12,-0.19,-0.25
879,2.67,-0.53,0.58,0.74,-0.25
880,0.89,0.31,-0.01,-0.28,-0.14
881,-2.29,0.37,-0.33,-0.48,0.11
882,-0.67,-0.03,-0.05,0.01,0.06
883,0.95,0.72,0.51,-0.37,-0.8
884,1.05,0.69,0.52,-0.34,-0.8
885,0.78,-0.03,-0.41,-0.16,0.37
886,0.83,0.55,1.67,0.41,-1.71
887,1.64,0.32,0.1,-0.24,-0.24
888,0.66,-0.02,-0.39,-0.16,0.35
889,-0.5,0.24,1.15,0.38,-1.11
890,0.61,0.12,1.0,0.4,-0.92
891,-0.02,-0.08,0.64,0.38,-0.52
892,0.32,-0.32,0.69,0.62,-0.44
893,0.28,0.25,0.37,-0.04,-0.44
894,0.14,0.27,-0.27,-0.37,0.11
895,0.42,0.66,1.45,0.19,-1.58
896,0.0,0.71,1.38,0.11,-1.55
897,0.63,-0.03,-0.81,-0.34,0.74
898,0.48,0.07,-0.77,-0.42,0.65
899,0.49,0.01,-0.51,-0.25,0.44
900,-0.79,-0.17,0.17,0.23,-0.06
901,-0.25,-0.2,-0.53,-0.07,0.56
902,0.48,0.15,0.82,0.28,-0.79
903,0.82,0.08,0.94,0.4,-0.85
904,0.02,-0.06,0.85,0.47,-0.71
905,0.83,0.07,0.34,0.11,-0.33
906,0.7,-0.76,-0.18,0.59,0.51
907,0.12,0.84,2.16,0.45,-2.27
908,-0.2,0.89,2.37,0.54,-2.47
909,2.75,-1.07,-0.08,0.91,0.57
910,-1.08,0.76,1.01,-0.14,-1.26
911,-0.97,0.9,0.09,-0.74,-0.52
912,1.44,-0.06,0.43,0.26,-0.35
913,1.57,-0.09,0.26,0.2,-0.19
914,1.42,0.11,0.72,0.26,-0.68
915,-0.45,0.54,0.54,-0.2,-0.74
916,-0.98,0.22,0.58,0.1,-0.61
917,-0.91,0.2,0.59,0.12,-0.61
918,-0.33,0.07,0.68,0.28,-0.62
919,-0.5,0.42,0.16,-0.29,-0.34
920,1.57,-0.32,-0.1,0.24,0.24
921,1.45,-0.4,-0.17,0.27,0.34
922,2.07,-0.54,-0.07,0.44,0.32
923,0.31,0.29,0.69,0.09,-0.74
924,1.75,-0.42,0.0,0.37,0.2
925,1.84,-0.44,0.07,0.42,0.15
926,1.28,-0.4,-0.1,0.3,0.28
927,0.21,0.23,0.24,-0.09,-0.32
928,0.81,0.2,1.65,0.68,-1.51
929,0.51,0.36,1.39,0.4,-1.38
930,0.48,-1.78,0.04,1.6,0.77
931,0.33,-1.77,0.06,1.6,0.75
932,0.26,-1.74,0.02,1.56,0.78
933,1.0,0.3,1.38,0.45,-1.34
934,-0.42,0.96,-0.18,-0.93,-0.31
935,-0.45,0.96,-0.19,-0.93,-0.3
936,-0.15,0.82,-0.1,-0.76,-0.31
937,0.36,-0.54,-0.52,0.24,0.71
938,0.42,0.12,-0.89,-0.51,0.74
939,0.25,0.62,-0.92,-0.97,0.53
940,1.0,-0.9,0.55,1.05,-0.05
941,0.08,0.2,1.02,0.34,-0.98
942,0.16,-0.01,0.19,0.1,-0.16
943,-0.03,-0.02,0.79,0.41,-0.68
944,0.6,-0.4,-0.48,0.13,0.61
945,-0.08,-0.03,0.87,0.46,-0.74
946,-0.17,0.15,0.41,0.07,-0.43
947,0.84,-0.9,0.36,0.97,0.11
948,1.18,-0.11,1.41,0.81,-1.15
949,1.38,-0.22,1.46,0.94,-1.15
950,1.35,-0.2,1.53,0.95,-1.21
951,-1.06,0.14,0.24,0.0,-0.27
952,1.51,0.21,0.52,0.08,-0.56
953,1.14,0.25,-0.02,-0.23,-0.11
954,2.06,-1.34,1.81,2.07,-0.9
955,1.24,-0.65,0.5,0.82,-0.13
956,2.24,-1.33,1.56,1.93,-0.69
957,1.34,-0.65,0.73,0.92,-0.33
958,1.38,0.05,-0.14,-0.11,0.1
959,-1.29,-1.69,0.65,1.8,0.22
960,0.26,0.34,0.13,-0.24,-0.28
961,1.62,-0.12,-0.27,-0.02,0.29
962,0.05,0.53,0.08,-0.42,-0.33
963,-0.2,-2.3,1.24,2.61,0.01
964,0.12,0.44,0.38,-0.2,-0.55
965,-1.51,-1.67,0.72,1.81,0.16
966,0.49,-0.1,-1.63,-0.62,1.51
967,0.51,0.41,-0.62,-0.65,0.36
968,1.14,0.37,0.3,-0.17,-0.44
969,1.01,0.22,1.08,0.35,-1.04
970,0.29,0.31,0.13,-0.21,-0.26
971,0.64,-1.24,-1.24,-1.5,-0.9
972,0.7,-0.91,-0.65,-1.04,-0.4
973,0.45,-0.87,-1.24,-1.15,-0.99
974,0.89,-0.19,-0.8,-0.38,-0.73
975,1.12,-0.25,-0.6,-0.39,-0.52
976,-0.38,-2.49,-1.51,-2.79,-0.85
977,0.54,-1.88,-1.43,-2.17,-0.92
978,0.86,0.04,-0.51,-0.09,-0.5
979,0.76,-0.5,-0.62,-0.64,-0.47
980,1.35,1.21,-0.61,1.02,-0.89
981,0.48,-0.2,-0.35,-0.28,-0.28
982,-0.75,0.51,0.11,0.52,-0.02
983,-0.53,0.57,0.06,0.57,-0.09
984,0.47,0.18,-0.26,0.11,-0.3
985,1.13,-0.32,-0.39,-0.41,-0.3
986,0.95,-0.79,0.26,-0.69,0.46
987,0.67,-0.74,0.3,-0.64,0.48
988,1.59,0.07,-1.07,-0.19,-1.06
989,1.04,0.29,-0.43,0.17,-0.49
990,1.48,0.23,0.64,0.39,0.55
991,0.65,-0.12,-1.04,-0.37,-0.98
992,-0.05,-0.69,-1.13,-0.95,-0.93
993,0.61,-0.14,-1.06,-0.39,-1.0
994,0.16,-0.82,-1.47,-1.15,-1.23
995,0.49,-0.98,-1.35,-1.28,-1.07
996,0.47,-0.58,-1.11,-0.83,-0.93
997,1.15,-0.06,-0.44,-0.17,-0.42
998,1.04,0.29,-0.43,0.17,-0.49
999,0.69,0.75,-0.31,0.65,-0.49
1000,1.84,0.18,-0.32,0.1,-0.36
1001,-0.4,0.05,-0.14,0.01,-0.15
1002,0.79,0.16,-0.28,0.08,-0.31
1003,0.75,-0.32,-0.93,-0.54,-0.82
1004,1.06,-0.06,-0.5,-0.19,-0.47
1005,1.26,1.16,-0.08,1.1,-0.37
1006,1.69,1.93,-0.16,1.83,-0.63
1007,1.31,-0.68,-0.45,-0.77,-0.26
1008,-0.13,-1.47,-1.36,-1.75,-0.96
1009,-0.37,-1.68,-1.87,-2.07,-1.42
1010,0.36,-1.36,-1.96,-1.78,-1.58
1011,1.09,0.47,-0.11,0.43,-0.22
1012,1.24,0.55,-0.05,0.52,-0.19
1013,0.33,0.75,0.13,0.75,-0.07
1014,0.92,0.3,-0.77,0.1,-0.82
1015,1.16,1.99,0.2,1.98,-0.31
1016,1.23,2.53,0.38,2.54,-0.26
1017,1.12,2.59,0.56,2.65,-0.11
1018,1.21,2.68,0.51,2.72,-0.18
1019,1.22,2.57,0.53,2.62,-0.14
1020,1.11,2.58,0.62,2.65,-0.06
1021,1.07,-0.43,-1.75,-0.83,-1.6
1022,0.63,-1.66,-2.59,-2.21,-2.14
1023,1.31,-0.98,-0.94,-1.18,-0.67
1024,1.18,0.24,-0.45,0.12,-0.5
1025,0.52,0.35,0.08,0.36,-0.02
1026,1.43,0.67,-0.15,0.61,-0.31
1027,1.53,0.2,-0.85,-0.02,-0.87
1028,1.53,0.04,-0.8,-0.16,-0.78
1029,1.43,0.24,-1.03,-0.02,-1.05
1030,1.6,0.92,-0.17,0.85,-0.4
1031,0.38,0.22,0.27,0.28,0.2
1032,0.68,-0.04,-0.2,-0.09,-0.19
1033,1.11,0.8,0.47,0.9,0.25
1034,0.72,0.42,-0.05,0.39,-0.16
1035,1.68,1.33,0.85,1.51,0.47
1036,1.66,1.23,0.72,1.37,0.38
1037,0.77,0.44,0.59,0.58,0.45
1038,0.93,0.46,0.71,0.63,0.56
1039,1.03,0.44,0.68,0.6,0.54
1040,0.83,0.49,0.19,0.52,0.06
1041,0.55,1.43,0.48,1.5,0.1
1042,0.32,1.18,0.46,1.25,0.14
1043,0.37,1.22,0.44,1.29,0.11
1044,0.91,1.45,-0.32,1.33,-0.67
1045,1.83,1.44,-0.53,1.27,-0.87
1046,0.76,-0.5,-0.62,-0.64,-0.47
1047,1.78,1.57,-0.32,1.45,-0.7
1048,1.81,1.42,-0.49,1.26,-0.82
1049,1.81,1.42,-0.49,1.26,-0.82
1050,0.39,0.56,0.13,0.58,-0.02
1051,0.36,0.39,-0.04,0.36,-0.14
1052,0.94,1.55,-0.16,1.46,-0.54
1053,0.69,1.41,-0.06,1.35,-0.41
1054,0.87,1.42,-0.15,1.34,-0.5
1055,2.22,1.8,0.43,1.85,-0.04
1056,1.98,1.97,0.46,2.03,-0.05
1057,1.05,1.65,0.89,1.82,0.43
1058,2.05,1.9,0.03,1.85,-0.44
1059,0.98,0.74,-0.12,0.68,-0.3
1060,1.49,0.06,-0.34,-0.03,-0.35
1061,1.41,-0.04,-0.7,-0.21,-0.67
1062,1.59,0.38,-0.25,0.31,-0.34
1063,1.64,0.46,-0.27,0.38,-0.37
1064,1.66,0.44,-0.07,0.41,-0.18
1065,1.18,0.18,0.08,0.2,0.03
1066,1.51,0.05,0.27,0.11,0.25
1067,1.56,0.15,-0.25,0.08,-0.28
1068,0.43,-0.25,0.37,-0.05,0.44
1069,0.75,-0.33,0.29,-0.15,0.42
1070,0.87,-0.31,0.25,-0.16,0.37
1071,0.6,-0.23,0.27,-0.07,0.34
1072,0.66,-0.9,-0.3,-0.94,0.16
1073,0.21,-0.6,-0.28,-0.66,0.03
1074,0.87,-0.34,0.07,-0.27,0.22
1075,1.29,-1.73,-0.76,-1.89,0.14
1076,1.04,-0.41,0.61,-0.07,0.73
1077,0.97,-0.27,1.04,0.26,1.05
1078,0.99,-0.22,0.77,0.17,0.78
1079,0.29,-0.24,-0.13,-0.28,0.0
1080,0.95,-0.51,1.09,0.07,1.2
1081,-0.25,-1.02,-0.83,-1.29,-0.26
1082,1.12,-1.12,0.01,-0.98,0.53
1083,1.85,-1.93,-0.82,-2.09,0.18
1084,1.14,-0.45,0.05,-0.38,0.25
1085,1.63,-0.32,0.98,0.18,1.02
1086,0.48,-0.91,-0.82,-1.19,-0.31
1087,0.83,-0.33,0.16,-0.21,0.3
1088,1.11,-0.46,0.13,-0.35,0.34
1089,0.44,-0.88,-0.61,-1.06,-0.13
1090,1.5,-1.04,0.16,-0.84,0.63
1091,1.33,-0.74,0.31,-0.51,0.62
1092,1.55,-1.28,-0.07,-1.16,0.55
1093,1.14,-0.06,0.1,-0.01,0.12
1094,1.13,-0.58,0.13,-0.46,0.39
1095,0.78,0.8,1.45,1.4,0.9
1096,0.42,-1.06,-0.44,-1.15,0.11
1097,0.36,-1.7,-0.44,-1.71,0.41
1098,-0.48,-1.75,0.09,-1.5,0.91
1099,0.52,-1.05,0.22,-0.82,0.69
1100,-0.12,-1.17,0.09,-0.99,0.63
1101,0.24,-1.01,0.18,-0.81,0.64
1102,0.56,-0.65,0.62,-0.28,0.85
1103,0.62,-0.27,-1.92,-1.94,-0.04
1104,0.63,-0.34,-2.26,-2.28,-0.02
1105,0.63,-0.34,-2.26,-2.28,-0.02
1106,0.92,-1.67,-2.29,-2.51,1.3
1107,0.55,0.56,-2.1,-1.98,-0.89
1108,0.33,-1.46,-4.06,-4.24,0.82
1109,0.35,0.45,-3.03,-2.92,-0.95
1110,-0.31,0.58,-2.49,-2.36,-0.98
1111,-0.03,2.11,-1.73,-1.34,-2.38
1112,0.09,1.74,-1.95,-1.62,-2.05
1113,0.6,-0.32,-2.02,-2.04,-0.01
1114,0.78,-0.55,-2.11,-2.17,0.21
1115,0.67,-0.46,-1.93,-1.98,0.15
1116,0.71,0.0,-1.89,-1.86,-0.31
1117,0.57,0.09,-2.03,-1.99,-0.42
1118,-0.54,1.02,-2.57,-2.36,-1.44
1119,0.37,-0.22,-2.27,-2.27,-0.14
1120,0.69,-0.4,-2.75,-2.78,-0.04
1121,0.46,-0.11,-1.99,-1.98,-0.21
1122,3.59,2.64,4.92,5.3,-1.77
1123,3.71,2.4,4.59,4.93,-1.59
1124,3.76,2.46,5.05,5.39,-1.58
1125,3.7,2.76,5.39,5.78,-1.8
1126,-0.25,2.59,-2.65,-2.14,-3.02
1127,0.39,0.01,-1.79,-1.76,-0.3
1128,0.47,0.16,-1.07,-1.03,-0.33
1129,-0.41,0.02,1.54,-1.46,-0.51
1130,-0.57,-0.1,1.63,-1.49,-0.66
1131,-0.37,0.2,0.62,-0.65,-0.02
1132,-0.56,-0.08,1.54,-1.41,-0.61
1133,-1.27,0.01,1.41,-1.32,-0.47
1134,-0.51,0.04,-0.25,0.23,0.12
1135,0.08,0.13,-0.12,0.08,0.16
1136,0.58,0.14,1.75,-1.69,-0.47
1137,0.57,0.14,1.82,-1.76,-0.49
1138,0.33,0.57,1.0,-1.13,0.22
1139,0.13,0.2,1.54,-1.51,-0.33
1140,1.43,0.05,1.46,-1.39,-0.46
1141,0.45,0.54,0.84,-0.97,0.25
1142,0.3,0.54,0.74,-0.87,0.28
1143,0.4,-0.06,1.22,-1.13,-0.48
1144,0.11,-0.18,1.79,-1.61,-0.8
1145,0.53,0.12,1.87,-1.8,-0.53
1146,0.61,0.21,1.88,-1.84,-0.44
1147,0.47,-0.03,1.8,-1.68,-0.65
1148,0.41,0.37,0.33,-0.43,0.24
1149,0.53,0.03,2.48,-2.33,-0.85
1150,0.82,0.38,2.03,-2.04,-0.33
1151,-0.16,0.11,1.46,-1.42,-0.39
1152,-0.04,0.21,1.26,-1.26,-0.22
1153,0.13,0.21,1.28,-1.27,-0.23
1154,0.18,0.68,0.75,-0.92,0.41
1155,-0.18,0.42,0.59,-0.69,0.21
1156,0.51,0.17,0.41,-0.44,0.03
1157,0.51,0.17,0.41,-0.44,0.03
1158,-0.16,0.37,-0.42,0.28,0.48
1159,-1.67,0.66,0.69,-0.87,0.42
1160,0.2,0.4,0.55,-0.65,0.21
1161,0.36,0.04,2.19,-2.07,-0.73
1162,0.18,0.03,1.43,-1.36,-0.46
1163,-1.18,0.23,0.12,0.24,0.1
1164,-1.54,0.72,0.16,0.73,0.08
1165,-1.12,0.4,-0.27,0.37,-0.31
1166,-1.02,0.51,-0.03,0.5,-0.08
1167,-1.61,-0.22,0.34,-0.18,0.36
1168,-1.03,0.06,-0.01,0.06,-0.02
1169,-1.15,0.15,0.33,0.19,0.31
1170,-1.02,0.05,0.04,0.05,0.03
1171,-1.46,0.23,0.42,0.28,0.39
1172,-0.55,-1.01,0.32,-0.96,0.45
1173,-1.1,0.35,-0.02,0.34,-0.06
1174,-1.39,0.51,0.62,0.59,0.55
1175,-1.19,-0.73,0.96,-0.58,1.06
1176,-1.4,0.59,0.56,0.65,0.48
1177,-1.16,0.32,0.56,0.39,0.51
1178,-1.46,0.44,-0.11,0.43,-0.16
1179,-1.18,0.23,0.12,0.24,0.1
