,multiclase1,ova_8,ova_6,ova_1,ova_4,ova_7,ova_5,ova_3,ova_2,ova_9
3968,8,1,0,0,0,0,0,0,0,0
3242,6,0,1,0,0,0,0,0,0,0
198,1,0,0,1,0,0,0,0,0,0
2109,4,0,0,0,1,0,0,0,0,0
189,1,0,0,1,0,0,0,0,0,0
3741,7,0,0,0,0,1,0,0,0,0
2541,5,0,0,0,0,0,1,0,0,0
65,1,0,0,1,0,0,0,0,0,0
721,3,0,0,0,0,0,0,1,0,0
858,4,0,0,0,1,0,0,0,0,0
952,4,0,0,0,1,0,0,0,0,0
1535,2,0,0,0,0,0,0,0,1,0
3628,7,0,0,0,0,1,0,0,0,0
1378,2,0,0,0,0,0,0,0,1,0
3079,6,0,1,0,0,0,0,0,0,0
174,1,0,0,1,0,0,0,0,0,0
3564,7,0,0,0,0,1,0,0,0,0
2625,5,0,0,0,0,0,1,0,0,0
4165,8,1,0,0,0,0,0,0,0,0
4344,9,0,0,0,0,0,0,0,0,1
1247,2,0,0,0,0,0,0,0,1,0
937,4,0,0,0,1,0,0,0,0,0
3266,6,0,1,0,0,0,0,0,0,0
3275,6,0,1,0,0,0,0,0,0,0
3988,8,1,0,0,0,0,0,0,0,0
1534,2,0,0,0,0,0,0,0,1,0
3790,7,0,0,0,0,1,0,0,0,0
1090,6,0,1,0,0,0,0,0,0,0
1677,3,0,0,0,0,0,0,1,0,0
2340,4,0,0,0,1,0,0,0,0,0
4096,8,1,0,0,0,0,0,0,0,0
818,4,0,0,0,1,0,0,0,0,0
3686,7,0,0,0,0,1,0,0,0,0
2978,6,0,1,0,0,0,0,0,0,0
3919,8,1,0,0,0,0,0,0,0,0
4230,8,1,0,0,0,0,0,0,0,0
4565,9,0,0,0,0,0,0,0,0,1
3058,6,0,1,0,0,0,0,0,0,0
1271,2,0,0,0,0,0,0,0,1,0
469,1,0,0,1,0,0,0,0,0,0
2413,5,0,0,0,0,0,1,0,0,0
4806,9,0,0,0,0,0,0,0,0,1
1653,3,0,0,0,0,0,0,1,0,0
2144,4,0,0,0,1,0,0,0,0,0
4646,9,0,0,0,0,0,0,0,0,1
541,2,0,0,0,0,0,0,0,1,0
3293,6,0,1,0,0,0,0,0,0,0
2250,4,0,0,0,1,0,0,0,0,0
2792,5,0,0,0,0,0,1,0,0,0
3826,8,1,0,0,0,0,0,0,0,0
159,1,0,0,1,0,0,0,0,0,0
1925,3,0,0,0,0,0,0,1,0,0
416,1,0,0,1,0,0,0,0,0,0
2887,6,0,1,0,0,0,0,0,0,0
1727,3,0,0,0,0,0,0,1,0,0
4465,9,0,0,0,0,0,0,0,0,1
656,2,0,0,0,0,0,0,0,1,0
1019,5,0,0,0,0,0,1,0,0,0
4106,8,1,0,0,0,0,0,0,0,0
1859,3,0,0,0,0,0,0,1,0,0
3279,6,0,1,0,0,0,0,0,0,0
1736,3,0,0,0,0,0,0,1,0,0
333,1,0,0,1,0,0,0,0,0,0
1917,3,0,0,0,0,0,0,1,0,0
1191,2,0,0,0,0,0,0,0,1,0
3084,6,0,1,0,0,0,0,0,0,0
1244,2,0,0,0,0,0,0,0,1,0
1432,2,0,0,0,0,0,0,0,1,0
543,2,0,0,0,0,0,0,0,1,0
2298,4,0,0,0,1,0,0,0,0,0
2686,5,0,0,0,0,0,1,0,0,0
1517,2,0,0,0,0,0,0,0,1,0
790,3,0,0,0,0,0,0,1,0,0
2609,5,0,0,0,0,0,1,0,0,0
3851,8,1,0,0,0,0,0,0,0,0
4783,9,0,0,0,0,0,0,0,0,1
2790,5,0,0,0,0,0,1,0,0,0
1551,2,0,0,0,0,0,0,0,1,0
2637,5,0,0,0,0,0,1,0,0,0
930,4,0,0,0,1,0,0,0,0,0
349,1,0,0,1,0,0,0,0,0,0
4370,9,0,0,0,0,0,0,0,0,1
3237,6,0,1,0,0,0,0,0,0,0
1670,3,0,0,0,0,0,0,1,0,0
2258,4,0,0,0,1,0,0,0,0,0
3814,8,1,0,0,0,0,0,0,0,0
4819,9,0,0,0,0,0,0,0,0,1
1827,3,0,0,0,0,0,0,1,0,0
388,1,0,0,1,0,0,0,0,0,0
4661,9,0,0,0,0,0,0,0,0,1
2668,5,0,0,0,0,0,1,0,0,0
3724,7,0,0,0,0,1,0,0,0,0
3756,7,0,0,0,0,1,0,0,0,0
1920,3,0,0,0,0,0,0,1,0,0
4034,8,1,0,0,0,0,0,0,0,0
4099,8,1,0,0,0,0,0,0,0,0
322,1,0,0,1,0,0,0,0,0,0
1359,2,0,0,0,0,0,0,0,1,0
3989,8,1,0,0,0,0,0,0,0,0
2820,6,0,1,0,0,0,0,0,0,0
2449,5,0,0,0,0,0,1,0,0,0
942,4,0,0,0,1,0,0,0,0,0
593,2,0,0,0,0,0,0,0,1,0
2249,4,0,0,0,1,0,0,0,0,0
1725,3,0,0,0,0,0,0,1,0,0
4623,9,0,0,0,0,0,0,0,0,1
4160,8,1,0,0,0,0,0,0,0,0
848,4,0,0,0,1,0,0,0,0,0
550,2,0,0,0,0,0,0,0,1,0
4643,9,0,0,0,0,0,0,0,0,1
2928,6,0,1,0,0,0,0,0,0,0
3013,6,0,1,0,0,0,0,0,0,0
1058,5,0,0,0,0,0,1,0,0,0
4256,8,1,0,0,0,0,0,0,0,0
4595,9,0,0,0,0,0,0,0,0,1
1257,2,0,0,0,0,0,0,0,1,0
2489,5,0,0,0,0,0,1,0,0,0
805,3,0,0,0,0,0,0,1,0,0
947,4,0,0,0,1,0,0,0,0,0
195,1,0,0,1,0,0,0,0,0,0
2904,6,0,1,0,0,0,0,0,0,0
4086,8,1,0,0,0,0,0,0,0,0
2658,5,0,0,0,0,0,1,0,0,0
1921,3,0,0,0,0,0,0,1,0,0
2253,4,0,0,0,1,0,0,0,0,0
427,1,0,0,1,0,0,0,0,0,0
4549,9,0,0,0,0,0,0,0,0,1
3522,7,0,0,0,0,1,0,0,0,0
3315,7,0,0,0,0,1,0,0,0,0
190,1,0,0,1,0,0,0,0,0,0
3974,8,1,0,0,0,0,0,0,0,0
43,1,0,0,1,0,0,0,0,0,0
3150,6,0,1,0,0,0,0,0,0,0
2023,4,0,0,0,1,0,0,0,0,0
4589,9,0,0,0,0,0,0,0,0,1
1479,2,0,0,0,0,0,0,0,1,0
4044,8,1,0,0,0,0,0,0,0,0
3929,8,1,0,0,0,0,0,0,0,0
2974,6,0,1,0,0,0,0,0,0,0
2503,5,0,0,0,0,0,1,0,0,0
2566,5,0,0,0,0,0,1,0,0,0
1860,3,0,0,0,0,0,0,1,0,0
2712,5,0,0,0,0,0,1,0,0,0
4191,8,1,0,0,0,0,0,0,0,0
3480,7,0,0,0,0,1,0,0,0,0
1222,2,0,0,0,0,0,0,0,1,0
3835,8,1,0,0,0,0,0,0,0,0
2939,6,0,1,0,0,0,0,0,0,0
3598,7,0,0,0,0,1,0,0,0,0
2297,4,0,0,0,1,0,0,0,0,0
667,2,0,0,0,0,0,0,0,1,0
4362,9,0,0,0,0,0,0,0,0,1
2846,6,0,1,0,0,0,0,0,0,0
2832,6,0,1,0,0,0,0,0,0,0
3233,6,0,1,0,0,0,0,0,0,0
1079,6,0,1,0,0,0,0,0,0,0
255,1,0,0,1,0,0,0,0,0,0
1136,8,1,0,0,0,0,0,0,0,0
1849,3,0,0,0,0,0,0,1,0,0
98,1,0,0,1,0,0,0,0,0,0
2911,6,0,1,0,0,0,0,0,0,0
749,3,0,0,0,0,0,0,1,0,0
486,1,0,0,1,0,0,0,0,0,0
2694,5,0,0,0,0,0,1,0,0,0
846,4,0,0,0,1,0,0,0,0,0
19,1,0,0,1,0,0,0,0,0,0
57,1,0,0,1,0,0,0,0,0,0
4359,9,0,0,0,0,0,0,0,0,1
612,2,0,0,0,0,0,0,0,1,0
3740,7,0,0,0,0,1,0,0,0,0
2397,5,0,0,0,0,0,1,0,0,0
456,1,0,0,1,0,0,0,0,0,0
3994,8,1,0,0,0,0,0,0,0,0
881,4,0,0,0,1,0,0,0,0,0
3304,7,0,0,0,0,1,0,0,0,0
4167,8,1,0,0,0,0,0,0,0,0
712,3,0,0,0,0,0,0,1,0,0
3478,7,0,0,0,0,1,0,0,0,0
620,2,0,0,0,0,0,0,0,1,0
1297,2,0,0,0,0,0,0,0,1,0
4774,9,0,0,0,0,0,0,0,0,1
1641,3,0,0,0,0,0,0,1,0,0
1806,3,0,0,0,0,0,0,1,0,0
53,1,0,0,1,0,0,0,0,0,0
1676,3,0,0,0,0,0,0,1,0,0
3899,8,1,0,0,0,0,0,0,0,0
2238,4,0,0,0,1,0,0,0,0,0
676,2,0,0,0,0,0,0,0,1,0
183,1,0,0,1,0,0,0,0,0,0
323,1,0,0,1,0,0,0,0,0,0
4076,8,1,0,0,0,0,0,0,0,0
4776,9,0,0,0,0,0,0,0,0,1
4,1,0,0,1,0,0,0,0,0,0
3762,7,0,0,0,0,1,0,0,0,0
704,3,0,0,0,0,0,0,1,0,0
4334,9,0,0,0,0,0,0,0,0,1
1466,2,0,0,0,0,0,0,0,1,0
489,1,0,0,1,0,0,0,0,0,0
2918,6,0,1,0,0,0,0,0,0,0
2719,5,0,0,0,0,0,1,0,0,0
4311,9,0,0,0,0,0,0,0,0,1
4710,9,0,0,0,0,0,0,0,0,1
426,1,0,0,1,0,0,0,0,0,0
2178,4,0,0,0,1,0,0,0,0,0
452,1,0,0,1,0,0,0,0,0,0
4651,9,0,0,0,0,0,0,0,0,1
574,2,0,0,0,0,0,0,0,1,0
1557,3,0,0,0,0,0,0,1,0,0
3684,7,0,0,0,0,1,0,0,0,0
3629,7,0,0,0,0,1,0,0,0,0
259,1,0,0,1,0,0,0,0,0,0
723,3,0,0,0,0,0,0,1,0,0
1709,3,0,0,0,0,0,0,1,0,0
687,2,0,0,0,0,0,0,0,1,0
1219,2,0,0,0,0,0,0,0,1,0
4827,9,0,0,0,0,0,0,0,0,1
2330,4,0,0,0,1,0,0,0,0,0
138,1,0,0,1,0,0,0,0,0,0
1722,3,0,0,0,0,0,0,1,0,0
753,3,0,0,0,0,0,0,1,0,0
3330,7,0,0,0,0,1,0,0,0,0
800,3,0,0,0,0,0,0,1,0,0
273,1,0,0,1,0,0,0,0,0,0
4325,9,0,0,0,0,0,0,0,0,1
4665,9,0,0,0,0,0,0,0,0,1
3327,7,0,0,0,0,1,0,0,0,0
4158,8,1,0,0,0,0,0,0,0,0
2389,5,0,0,0,0,0,1,0,0,0
1893,3,0,0,0,0,0,0,1,0,0
4598,9,0,0,0,0,0,0,0,0,1
4208,8,1,0,0,0,0,0,0,0,0
4548,9,0,0,0,0,0,0,0,0,1
3520,7,0,0,0,0,1,0,0,0,0
1218,2,0,0,0,0,0,0,0,1,0
798,3,0,0,0,0,0,0,1,0,0
570,2,0,0,0,0,0,0,0,1,0
4378,9,0,0,0,0,0,0,0,0,1
2908,6,0,1,0,0,0,0,0,0,0
752,3,0,0,0,0,0,0,1,0,0
2427,5,0,0,0,0,0,1,0,0,0
1877,3,0,0,0,0,0,0,1,0,0
2703,5,0,0,0,0,0,1,0,0,0
1631,3,0,0,0,0,0,0,1,0,0
1228,2,0,0,0,0,0,0,0,1,0
981,5,0,0,0,0,0,1,0,0,0
4746,9,0,0,0,0,0,0,0,0,1
2855,6,0,1,0,0,0,0,0,0,0
276,1,0,0,1,0,0,0,0,0,0
2538,5,0,0,0,0,0,1,0,0,0
686,2,0,0,0,0,0,0,0,1,0
3674,7,0,0,0,0,1,0,0,0,0
4196,8,1,0,0,0,0,0,0,0,0
2182,4,0,0,0,1,0,0,0,0,0
1739,3,0,0,0,0,0,0,1,0,0
730,3,0,0,0,0,0,0,1,0,0
1876,3,0,0,0,0,0,0,1,0,0
2039,4,0,0,0,1,0,0,0,0,0
2333,4,0,0,0,1,0,0,0,0,0
3241,6,0,1,0,0,0,0,0,0,0
2891,6,0,1,0,0,0,0,0,0,0
3339,7,0,0,0,0,1,0,0,0,0
3287,6,0,1,0,0,0,0,0,0,0
3717,7,0,0,0,0,1,0,0,0,0
3747,7,0,0,0,0,1,0,0,0,0
2788,5,0,0,0,0,0,1,0,0,0
1412,2,0,0,0,0,0,0,0,1,0
685,2,0,0,0,0,0,0,0,1,0
4585,9,0,0,0,0,0,0,0,0,1
3909,8,1,0,0,0,0,0,0,0,0
2632,5,0,0,0,0,0,1,0,0,0
3329,7,0,0,0,0,1,0,0,0,0
949,4,0,0,0,1,0,0,0,0,0
2401,5,0,0,0,0,0,1,0,0,0
168,1,0,0,1,0,0,0,0,0,0
3312,7,0,0,0,0,1,0,0,0,0
807,3,0,0,0,0,0,0,1,0,0
3474,7,0,0,0,0,1,0,0,0,0
2813,6,0,1,0,0,0,0,0,0,0
3653,7,0,0,0,0,1,0,0,0,0
2119,4,0,0,0,1,0,0,0,0,0
3941,8,1,0,0,0,0,0,0,0,0
4010,8,1,0,0,0,0,0,0,0,0
3321,7,0,0,0,0,1,0,0,0,0
2040,4,0,0,0,1,0,0,0,0,0
1907,3,0,0,0,0,0,0,1,0,0
4787,9,0,0,0,0,0,0,0,0,1
290,1,0,0,1,0,0,0,0,0,0
0,1,0,0,1,0,0,0,0,0,0
4660,9,0,0,0,0,0,0,0,0,1
3483,7,0,0,0,0,1,0,0,0,0
3291,6,0,1,0,0,0,0,0,0,0
636,2,0,0,0,0,0,0,0,1,0
110,1,0,0,1,0,0,0,0,0,0
2867,6,0,1,0,0,0,0,0,0,0
3866,8,1,0,0,0,0,0,0,0,0
2361,5,0,0,0,0,0,1,0,0,0
3175,6,0,1,0,0,0,0,0,0,0
3872,8,1,0,0,0,0,0,0,0,0
4526,9,0,0,0,0,0,0,0,0,1
610,2,0,0,0,0,0,0,0,1,0
3357,7,0,0,0,0,1,0,0,0,0
2767,5,0,0,0,0,0,1,0,0,0
1208,2,0,0,0,0,0,0,0,1,0
674,2,0,0,0,0,0,0,0,1,0
3112,6,0,1,0,0,0,0,0,0,0
3957,8,1,0,0,0,0,0,0,0,0
4253,8,1,0,0,0,0,0,0,0,0
2517,5,0,0,0,0,0,1,0,0,0
1924,3,0,0,0,0,0,0,1,0,0
509,1,0,0,1,0,0,0,0,0,0
3263,6,0,1,0,0,0,0,0,0,0
4035,8,1,0,0,0,0,0,0,0,0
4367,9,0,0,0,0,0,0,0,0,1
2364,5,0,0,0,0,0,1,0,0,0
4786,9,0,0,0,0,0,0,0,0,1
3441,7,0,0,0,0,1,0,0,0,0
1769,3,0,0,0,0,0,0,1,0,0
4333,9,0,0,0,0,0,0,0,0,1
453,1,0,0,1,0,0,0,0,0,0
3377,7,0,0,0,0,1,0,0,0,0
3806,7,0,0,0,0,1,0,0,0,0
3516,7,0,0,0,0,1,0,0,0,0
1823,3,0,0,0,0,0,0,1,0,0
2075,4,0,0,0,1,0,0,0,0,0
228,1,0,0,1,0,0,0,0,0,0
3897,8,1,0,0,0,0,0,0,0,0
3936,8,1,0,0,0,0,0,0,0,0
407,1,0,0,1,0,0,0,0,0,0
961,4,0,0,0,1,0,0,0,0,0
1864,3,0,0,0,0,0,0,1,0,0
3485,7,0,0,0,0,1,0,0,0,0
4355,9,0,0,0,0,0,0,0,0,1
3739,7,0,0,0,0,1,0,0,0,0
3671,7,0,0,0,0,1,0,0,0,0
3687,7,0,0,0,0,1,0,0,0,0
2321,4,0,0,0,1,0,0,0,0,0
4045,8,1,0,0,0,0,0,0,0,0
4319,9,0,0,0,0,0,0,0,0,1
2869,6,0,1,0,0,0,0,0,0,0
4457,9,0,0,0,0,0,0,0,0,1
1931,3,0,0,0,0,0,0,1,0,0
4608,9,0,0,0,0,0,0,0,0,1
1227,2,0,0,0,0,0,0,0,1,0
1825,3,0,0,0,0,0,0,1,0,0
1286,2,0,0,0,0,0,0,0,1,0
3667,7,0,0,0,0,1,0,0,0,0
4408,9,0,0,0,0,0,0,0,0,1
1308,2,0,0,0,0,0,0,0,1,0
708,3,0,0,0,0,0,0,1,0,0
638,2,0,0,0,0,0,0,0,1,0
105,1,0,0,1,0,0,0,0,0,0
4676,9,0,0,0,0,0,0,0,0,1
3342,7,0,0,0,0,1,0,0,0,0
4723,9,0,0,0,0,0,0,0,0,1
3578,7,0,0,0,0,1,0,0,0,0
973,5,0,0,0,0,0,1,0,0,0
669,2,0,0,0,0,0,0,0,1,0
951,4,0,0,0,1,0,0,0,0,0
1335,2,0,0,0,0,0,0,0,1,0
4133,8,1,0,0,0,0,0,0,0,0
3565,7,0,0,0,0,1,0,0,0,0
205,1,0,0,1,0,0,0,0,0,0
139,1,0,0,1,0,0,0,0,0,0
305,1,0,0,1,0,0,0,0,0,0
1626,3,0,0,0,0,0,0,1,0,0
342,1,0,0,1,0,0,0,0,0,0
3961,8,1,0,0,0,0,0,0,0,0
2745,5,0,0,0,0,0,1,0,0,0
5,1,0,0,1,0,0,0,0,0,0
2085,4,0,0,0,1,0,0,0,0,0
895,4,0,0,0,1,0,0,0,0,0
2528,5,0,0,0,0,0,1,0,0,0
4132,8,1,0,0,0,0,0,0,0,0
3868,8,1,0,0,0,0,0,0,0,0
1501,2,0,0,0,0,0,0,0,1,0
4768,9,0,0,0,0,0,0,0,0,1
4797,9,0,0,0,0,0,0,0,0,1
3828,8,1,0,0,0,0,0,0,0,0
2707,5,0,0,0,0,0,1,0,0,0
1237,2,0,0,0,0,0,0,0,1,0
2349,4,0,0,0,1,0,0,0,0,0
2756,5,0,0,0,0,0,1,0,0,0
283,1,0,0,1,0,0,0,0,0,0
966,4,0,0,0,1,0,0,0,0,0
2773,5,0,0,0,0,0,1,0,0,0
759,3,0,0,0,0,0,0,1,0,0
3423,7,0,0,0,0,1,0,0,0,0
31,1,0,0,1,0,0,0,0,0,0
1645,3,0,0,0,0,0,0,1,0,0
4433,9,0,0,0,0,0,0,0,0,1
3115,6,0,1,0,0,0,0,0,0,0
2584,5,0,0,0,0,0,1,0,0,0
1661,3,0,0,0,0,0,0,1,0,0
3527,7,0,0,0,0,1,0,0,0,0
547,2,0,0,0,0,0,0,0,1,0
1585,3,0,0,0,0,0,0,1,0,0
3698,7,0,0,0,0,1,0,0,0,0
2693,5,0,0,0,0,0,1,0,0,0
4100,8,1,0,0,0,0,0,0,0,0
3859,8,1,0,0,0,0,0,0,0,0
1293,2,0,0,0,0,0,0,0,1,0
4794,9,0,0,0,0,0,0,0,0,1
3073,6,0,1,0,0,0,0,0,0,0
1007,5,0,0,0,0,0,1,0,0,0
2392,5,0,0,0,0,0,1,0,0,0
440,1,0,0,1,0,0,0,0,0,0
1053,5,0,0,0,0,0,1,0,0,0
1691,3,0,0,0,0,0,0,1,0,0
882,4,0,0,0,1,0,0,0,0,0
4200,8,1,0,0,0,0,0,0,0,0
434,1,0,0,1,0,0,0,0,0,0
3362,7,0,0,0,0,1,0,0,0,0
1906,3,0,0,0,0,0,0,1,0,0
1440,2,0,0,0,0,0,0,0,1,0
716,3,0,0,0,0,0,0,1,0,0
3017,6,0,1,0,0,0,0,0,0,0
1023,5,0,0,0,0,0,1,0,0,0
864,4,0,0,0,1,0,0,0,0,0
2657,5,0,0,0,0,0,1,0,0,0
4418,9,0,0,0,0,0,0,0,0,1
54,1,0,0,1,0,0,0,0,0,0
3993,8,1,0,0,0,0,0,0,0,0
2060,4,0,0,0,1,0,0,0,0,0
3105,6,0,1,0,0,0,0,0,0,0
1958,3,0,0,0,0,0,0,1,0,0
308,1,0,0,1,0,0,0,0,0,0
4187,8,1,0,0,0,0,0,0,0,0
4192,8,1,0,0,0,0,0,0,0,0
3575,7,0,0,0,0,1,0,0,0,0
3875,8,1,0,0,0,0,0,0,0,0
3912,8,1,0,0,0,0,0,0,0,0
2576,5,0,0,0,0,0,1,0,0,0
4518,9,0,0,0,0,0,0,0,0,1
4280,8,1,0,0,0,0,0,0,0,0
3163,6,0,1,0,0,0,0,0,0,0
497,1,0,0,1,0,0,0,0,0,0
3863,8,1,0,0,0,0,0,0,0,0
4616,9,0,0,0,0,0,0,0,0,1
1328,2,0,0,0,0,0,0,0,1,0
4435,9,0,0,0,0,0,0,0,0,1
2077,4,0,0,0,1,0,0,0,0,0
2464,5,0,0,0,0,0,1,0,0,0
3749,7,0,0,0,0,1,0,0,0,0
1044,5,0,0,0,0,0,1,0,0,0
2683,5,0,0,0,0,0,1,0,0,0
2796,6,0,1,0,0,0,0,0,0,0
295,1,0,0,1,0,0,0,0,0,0
728,3,0,0,0,0,0,0,1,0,0
2748,5,0,0,0,0,0,1,0,0,0
3954,8,1,0,0,0,0,0,0,0,0
361,1,0,0,1,0,0,0,0,0,0
173,1,0,0,1,0,0,0,0,0,0
1851,3,0,0,0,0,0,0,1,0,0
44,1,0,0,1,0,0,0,0,0,0
3838,8,1,0,0,0,0,0,0,0,0
4275,8,1,0,0,0,0,0,0,0,0
475,1,0,0,1,0,0,0,0,0,0
588,2,0,0,0,0,0,0,0,1,0
1601,3,0,0,0,0,0,0,1,0,0
1356,2,0,0,0,0,0,0,0,1,0
707,3,0,0,0,0,0,0,1,0,0
4745,9,0,0,0,0,0,0,0,0,1
1638,3,0,0,0,0,0,0,1,0,0
1940,3,0,0,0,0,0,0,1,0,0
3155,6,0,1,0,0,0,0,0,0,0
334,1,0,0,1,0,0,0,0,0,0
4054,8,1,0,0,0,0,0,0,0,0
4030,8,1,0,0,0,0,0,0,0,0
1499,2,0,0,0,0,0,0,0,1,0
2081,4,0,0,0,1,0,0,0,0,0
185,1,0,0,1,0,0,0,0,0,0
762,3,0,0,0,0,0,0,1,0,0
4365,9,0,0,0,0,0,0,0,0,1
1999,4,0,0,0,1,0,0,0,0,0
1614,3,0,0,0,0,0,0,1,0,0
635,2,0,0,0,0,0,0,0,1,0
1618,3,0,0,0,0,0,0,1,0,0
3345,7,0,0,0,0,1,0,0,0,0
1937,3,0,0,0,0,0,0,1,0,0
1762,3,0,0,0,0,0,0,1,0,0
2363,5,0,0,0,0,0,1,0,0,0
3257,6,0,1,0,0,0,0,0,0,0
1444,2,0,0,0,0,0,0,0,1,0
1775,3,0,0,0,0,0,0,1,0,0
2951,6,0,1,0,0,0,0,0,0,0
2466,5,0,0,0,0,0,1,0,0,0
622,2,0,0,0,0,0,0,0,1,0
2139,4,0,0,0,1,0,0,0,0,0
599,2,0,0,0,0,0,0,0,1,0
2863,6,0,1,0,0,0,0,0,0,0
328,1,0,0,1,0,0,0,0,0,0
3206,6,0,1,0,0,0,0,0,0,0
2511,5,0,0,0,0,0,1,0,0,0
1623,3,0,0,0,0,0,0,1,0,0
3822,8,1,0,0,0,0,0,0,0,0
1235,2,0,0,0,0,0,0,0,1,0
103,1,0,0,1,0,0,0,0,0,0
1033,5,0,0,0,0,0,1,0,0,0
4467,9,0,0,0,0,0,0,0,0,1
2307,4,0,0,0,1,0,0,0,0,0
4043,8,1,0,0,0,0,0,0,0,0
363,1,0,0,1,0,0,0,0,0,0
2901,6,0,1,0,0,0,0,0,0,0
4712,9,0,0,0,0,0,0,0,0,1
2317,4,0,0,0,1,0,0,0,0,0
3135,6,0,1,0,0,0,0,0,0,0
579,2,0,0,0,0,0,0,0,1,0
70,1,0,0,1,0,0,0,0,0,0
1814,3,0,0,0,0,0,0,1,0,0
3704,7,0,0,0,0,1,0,0,0,0
3453,7,0,0,0,0,1,0,0,0,0
960,4,0,0,0,1,0,0,0,0,0
851,4,0,0,0,1,0,0,0,0,0
414,1,0,0,1,0,0,0,0,0,0
1692,3,0,0,0,0,0,0,1,0,0
650,2,0,0,0,0,0,0,0,1,0
4500,9,0,0,0,0,0,0,0,0,1
1307,2,0,0,0,0,0,0,0,1,0
3729,7,0,0,0,0,1,0,0,0,0
1158,8,1,0,0,0,0,0,0,0,0
59,1,0,0,1,0,0,0,0,0,0
4544,9,0,0,0,0,0,0,0,0,1
69,1,0,0,1,0,0,0,0,0,0
672,2,0,0,0,0,0,0,0,1,0
545,2,0,0,0,0,0,0,0,1,0
572,2,0,0,0,0,0,0,0,1,0
901,4,0,0,0,1,0,0,0,0,0
3424,7,0,0,0,0,1,0,0,0,0
3100,6,0,1,0,0,0,0,0,0,0
4727,9,0,0,0,0,0,0,0,0,1
58,1,0,0,1,0,0,0,0,0,0
2697,5,0,0,0,0,0,1,0,0,0
3861,8,1,0,0,0,0,0,0,0,0
2155,4,0,0,0,1,0,0,0,0,0
1779,3,0,0,0,0,0,0,1,0,0
2548,5,0,0,0,0,0,1,0,0,0
1207,2,0,0,0,0,0,0,0,1,0
3260,6,0,1,0,0,0,0,0,0,0
39,1,0,0,1,0,0,0,0,0,0
3437,7,0,0,0,0,1,0,0,0,0
1636,3,0,0,0,0,0,0,1,0,0
1684,3,0,0,0,0,0,0,1,0,0
3050,6,0,1,0,0,0,0,0,0,0
4048,8,1,0,0,0,0,0,0,0,0
4668,9,0,0,0,0,0,0,0,0,1
2377,5,0,0,0,0,0,1,0,0,0
3298,7,0,0,0,0,1,0,0,0,0
1193,2,0,0,0,0,0,0,0,1,0
1056,5,0,0,0,0,0,1,0,0,0
3986,8,1,0,0,0,0,0,0,0,0
3205,6,0,1,0,0,0,0,0,0,0
4239,8,1,0,0,0,0,0,0,0,0
4731,9,0,0,0,0,0,0,0,0,1
2131,4,0,0,0,1,0,0,0,0,0
332,1,0,0,1,0,0,0,0,0,0
1579,3,0,0,0,0,0,0,1,0,0
1253,2,0,0,0,0,0,0,0,1,0
631,2,0,0,0,0,0,0,0,1,0
4091,8,1,0,0,0,0,0,0,0,0
2047,4,0,0,0,1,0,0,0,0,0
2876,6,0,1,0,0,0,0,0,0,0
252,1,0,0,1,0,0,0,0,0,0
904,4,0,0,0,1,0,0,0,0,0
683,2,0,0,0,0,0,0,0,1,0
4169,8,1,0,0,0,0,0,0,0,0
4724,9,0,0,0,0,0,0,0,0,1
662,2,0,0,0,0,0,0,0,1,0
2882,6,0,1,0,0,0,0,0,0,0
4038,8,1,0,0,0,0,0,0,0,0
1812,3,0,0,0,0,0,0,1,0,0
4316,9,0,0,0,0,0,0,0,0,1
4364,9,0,0,0,0,0,0,0,0,1
2961,6,0,1,0,0,0,0,0,0,0
1543,2,0,0,0,0,0,0,0,1,0
2772,5,0,0,0,0,0,1,0,0,0
977,5,0,0,0,0,0,1,0,0,0
1697,3,0,0,0,0,0,0,1,0,0
3392,7,0,0,0,0,1,0,0,0,0
3951,8,1,0,0,0,0,0,0,0,0
1886,3,0,0,0,0,0,0,1,0,0
1216,2,0,0,0,0,0,0,0,1,0
3038,6,0,1,0,0,0,0,0,0,0
758,3,0,0,0,0,0,0,1,0,0
3456,7,0,0,0,0,1,0,0,0,0
1364,2,0,0,0,0,0,0,0,1,0
3925,8,1,0,0,0,0,0,0,0,0
3862,8,1,0,0,0,0,0,0,0,0
3754,7,0,0,0,0,1,0,0,0,0
945,4,0,0,0,1,0,0,0,0,0
823,4,0,0,0,1,0,0,0,0,0
413,1,0,0,1,0,0,0,0,0,0
626,2,0,0,0,0,0,0,0,1,0
4108,8,1,0,0,0,0,0,0,0,0
2064,4,0,0,0,1,0,0,0,0,0
1006,5,0,0,0,0,0,1,0,0,0
967,4,0,0,0,1,0,0,0,0,0
74,1,0,0,1,0,0,0,0,0,0
297,1,0,0,1,0,0,0,0,0,0
4079,8,1,0,0,0,0,0,0,0,0
4150,8,1,0,0,0,0,0,0,0,0
542,2,0,0,0,0,0,0,0,1,0
2050,4,0,0,0,1,0,0,0,0,0
1067,6,0,1,0,0,0,0,0,0,0
4281,8,1,0,0,0,0,0,0,0,0
3880,8,1,0,0,0,0,0,0,0,0
2530,5,0,0,0,0,0,1,0,0,0
3244,6,0,1,0,0,0,0,0,0,0
1871,3,0,0,0,0,0,0,1,0,0
231,1,0,0,1,0,0,0,0,0,0
4153,8,1,0,0,0,0,0,0,0,0
969,5,0,0,0,0,0,1,0,0,0
4142,8,1,0,0,0,0,0,0,0,0
2337,4,0,0,0,1,0,0,0,0,0
765,3,0,0,0,0,0,0,1,0,0
80,1,0,0,1,0,0,0,0,0,0
4484,9,0,0,0,0,0,0,0,0,1
530,1,0,0,1,0,0,0,0,0,0
1903,3,0,0,0,0,0,0,1,0,0
2312,4,0,0,0,1,0,0,0,0,0
2857,6,0,1,0,0,0,0,0,0,0
4729,9,0,0,0,0,0,0,0,0,1
3716,7,0,0,0,0,1,0,0,0,0
1299,2,0,0,0,0,0,0,0,1,0
4773,9,0,0,0,0,0,0,0,0,1
2335,4,0,0,0,1,0,0,0,0,0
4560,9,0,0,0,0,0,0,0,0,1
2690,5,0,0,0,0,0,1,0,0,0
4114,8,1,0,0,0,0,0,0,0,0
4753,9,0,0,0,0,0,0,0,0,1
1394,2,0,0,0,0,0,0,0,1,0
444,1,0,0,1,0,0,0,0,0,0
1953,3,0,0,0,0,0,0,1,0,0
4578,9,0,0,0,0,0,0,0,0,1
2281,4,0,0,0,1,0,0,0,0,0
2302,4,0,0,0,1,0,0,0,0,0
4212,8,1,0,0,0,0,0,0,0,0
2487,5,0,0,0,0,0,1,0,0,0
1291,2,0,0,0,0,0,0,0,1,0
3348,7,0,0,0,0,1,0,0,0,0
2153,4,0,0,0,1,0,0,0,0,0
724,3,0,0,0,0,0,0,1,0,0
1793,3,0,0,0,0,0,0,1,0,0
654,2,0,0,0,0,0,0,0,1,0
2506,5,0,0,0,0,0,1,0,0,0
2308,4,0,0,0,1,0,0,0,0,0
3555,7,0,0,0,0,1,0,0,0,0
1773,3,0,0,0,0,0,0,1,0,0
1706,3,0,0,0,0,0,0,1,0,0
2445,5,0,0,0,0,0,1,0,0,0
400,1,0,0,1,0,0,0,0,0,0
1982,4,0,0,0,1,0,0,0,0,0
3311,7,0,0,0,0,1,0,0,0,0
3027,6,0,1,0,0,0,0,0,0,0
627,2,0,0,0,0,0,0,0,1,0
1529,2,0,0,0,0,0,0,0,1,0
2944,6,0,1,0,0,0,0,0,0,0
855,4,0,0,0,1,0,0,0,0,0
2529,5,0,0,0,0,0,1,0,0,0
3463,7,0,0,0,0,1,0,0,0,0
2739,5,0,0,0,0,0,1,0,0,0
2237,4,0,0,0,1,0,0,0,0,0
3137,6,0,1,0,0,0,0,0,0,0
1163,9,0,0,0,0,0,0,0,0,1
4522,9,0,0,0,0,0,0,0,0,1
1525,2,0,0,0,0,0,0,0,1,0
4236,8,1,0,0,0,0,0,0,0,0
2190,4,0,0,0,1,0,0,0,0,0
3886,8,1,0,0,0,0,0,0,0,0
536,2,0,0,0,0,0,0,0,1,0
4684,9,0,0,0,0,0,0,0,0,1
3794,7,0,0,0,0,1,0,0,0,0
511,1,0,0,1,0,0,0,0,0,0
28,1,0,0,1,0,0,0,0,0,0
1573,3,0,0,0,0,0,0,1,0,0
2873,6,0,1,0,0,0,0,0,0,0
3254,6,0,1,0,0,0,0,0,0,0
3825,8,1,0,0,0,0,0,0,0,0
4583,9,0,0,0,0,0,0,0,0,1
428,1,0,0,1,0,0,0,0,0,0
1459,2,0,0,0,0,0,0,0,1,0
474,1,0,0,1,0,0,0,0,0,0
2016,4,0,0,0,1,0,0,0,0,0
3412,7,0,0,0,0,1,0,0,0,0
406,1,0,0,1,0,0,0,0,0,0
4802,9,0,0,0,0,0,0,0,0,1
3143,6,0,1,0,0,0,0,0,0,0
4477,9,0,0,0,0,0,0,0,0,1
3501,7,0,0,0,0,1,0,0,0,0
1386,2,0,0,0,0,0,0,0,1,0
1059,5,0,0,0,0,0,1,0,0,0
597,2,0,0,0,0,0,0,0,1,0
2309,4,0,0,0,1,0,0,0,0,0
2404,5,0,0,0,0,0,1,0,0,0
1091,6,0,1,0,0,0,0,0,0,0
1141,8,1,0,0,0,0,0,0,0,0
594,2,0,0,0,0,0,0,0,1,0
3320,7,0,0,0,0,1,0,0,0,0
538,2,0,0,0,0,0,0,0,1,0
576,2,0,0,0,0,0,0,0,1,0
1292,2,0,0,0,0,0,0,0,1,0
150,1,0,0,1,0,0,0,0,0,0
4764,9,0,0,0,0,0,0,0,0,1
2474,5,0,0,0,0,0,1,0,0,0
565,2,0,0,0,0,0,0,0,1,0
4448,9,0,0,0,0,0,0,0,0,1
2443,5,0,0,0,0,0,1,0,0,0
4748,9,0,0,0,0,0,0,0,0,1
3937,8,1,0,0,0,0,0,0,0,0
2878,6,0,1,0,0,0,0,0,0,0
1107,7,0,0,0,0,1,0,0,0,0
792,3,0,0,0,0,0,0,1,0,0
2420,5,0,0,0,0,0,1,0,0,0
56,1,0,0,1,0,0,0,0,0,0
2695,5,0,0,0,0,0,1,0,0,0
2495,5,0,0,0,0,0,1,0,0,0
1295,2,0,0,0,0,0,0,0,1,0
1649,3,0,0,0,0,0,0,1,0,0
4440,9,0,0,0,0,0,0,0,0,1
2577,5,0,0,0,0,0,1,0,0,0
3768,7,0,0,0,0,1,0,0,0,0
3923,8,1,0,0,0,0,0,0,0,0
1221,2,0,0,0,0,0,0,0,1,0
4361,9,0,0,0,0,0,0,0,0,1
4287,8,1,0,0,0,0,0,0,0,0
3165,6,0,1,0,0,0,0,0,0,0
117,1,0,0,1,0,0,0,0,0,0
3248,6,0,1,0,0,0,0,0,0,0
3560,7,0,0,0,0,1,0,0,0,0
883,4,0,0,0,1,0,0,0,0,0
2642,5,0,0,0,0,0,1,0,0,0
4097,8,1,0,0,0,0,0,0,0,0
4521,9,0,0,0,0,0,0,0,0,1
4747,9,0,0,0,0,0,0,0,0,1
269,1,0,0,1,0,0,0,0,0,0
1745,3,0,0,0,0,0,0,1,0,0
370,1,0,0,1,0,0,0,0,0,0
2948,6,0,1,0,0,0,0,0,0,0
316,1,0,0,1,0,0,0,0,0,0
2615,5,0,0,0,0,0,1,0,0,0
3385,7,0,0,0,0,1,0,0,0,0
66,1,0,0,1,0,0,0,0,0,0
4127,8,1,0,0,0,0,0,0,0,0
4420,9,0,0,0,0,0,0,0,0,1
2345,4,0,0,0,1,0,0,0,0,0
2963,6,0,1,0,0,0,0,0,0,0
1239,2,0,0,0,0,0,0,0,1,0
130,1,0,0,1,0,0,0,0,0,0
4781,9,0,0,0,0,0,0,0,0,1
1296,2,0,0,0,0,0,0,0,1,0
318,1,0,0,1,0,0,0,0,0,0
2608,5,0,0,0,0,0,1,0,0,0
2032,4,0,0,0,1,0,0,0,0,0
2988,6,0,1,0,0,0,0,0,0,0
4615,9,0,0,0,0,0,0,0,0,1
2907,6,0,1,0,0,0,0,0,0,0
396,1,0,0,1,0,0,0,0,0,0
2685,5,0,0,0,0,0,1,0,0,0
2306,4,0,0,0,1,0,0,0,0,0
71,1,0,0,1,0,0,0,0,0,0
3294,6,0,1,0,0,0,0,0,0,0
3014,6,0,1,0,0,0,0,0,0,0
4687,9,0,0,0,0,0,0,0,0,1
3319,7,0,0,0,0,1,0,0,0,0
616,2,0,0,0,0,0,0,0,1,0
3805,7,0,0,0,0,1,0,0,0,0
1047,5,0,0,0,0,0,1,0,0,0
4061,8,1,0,0,0,0,0,0,0,0
4199,8,1,0,0,0,0,0,0,0,0
3476,7,0,0,0,0,1,0,0,0,0
652,2,0,0,0,0,0,0,0,1,0
1698,3,0,0,0,0,0,0,1,0,0
2452,5,0,0,0,0,0,1,0,0,0
1800,3,0,0,0,0,0,0,1,0,0
649,2,0,0,0,0,0,0,0,1,0
1954,3,0,0,0,0,0,0,1,0,0
3074,6,0,1,0,0,0,0,0,0,0
2338,4,0,0,0,1,0,0,0,0,0
1014,5,0,0,0,0,0,1,0,0,0
663,2,0,0,0,0,0,0,0,1,0
2563,5,0,0,0,0,0,1,0,0,0
1520,2,0,0,0,0,0,0,0,1,0
2029,4,0,0,0,1,0,0,0,0,0
4294,8,1,0,0,0,0,0,0,0,0
1657,3,0,0,0,0,0,0,1,0,0
3679,7,0,0,0,0,1,0,0,0,0
1122,7,0,0,0,0,1,0,0,0,0
3652,7,0,0,0,0,1,0,0,0,0
4243,8,1,0,0,0,0,0,0,0,0
2280,4,0,0,0,1,0,0,0,0,0
4075,8,1,0,0,0,0,0,0,0,0
2664,5,0,0,0,0,0,1,0,0,0
4771,9,0,0,0,0,0,0,0,0,1
1666,3,0,0,0,0,0,0,1,0,0
3942,8,1,0,0,0,0,0,0,0,0
271,1,0,0,1,0,0,0,0,0,0
1705,3,0,0,0,0,0,0,1,0,0
2610,5,0,0,0,0,0,1,0,0,0
1434,2,0,0,0,0,0,0,0,1,0
3071,6,0,1,0,0,0,0,0,0,0
1370,2,0,0,0,0,0,0,0,1,0
3455,7,0,0,0,0,1,0,0,0,0
352,1,0,0,1,0,0,0,0,0,0
562,2,0,0,0,0,0,0,0,1,0
2590,5,0,0,0,0,0,1,0,0,0
3494,7,0,0,0,0,1,0,0,0,0
1518,2,0,0,0,0,0,0,0,1,0
3891,8,1,0,0,0,0,0,0,0,0
1020,5,0,0,0,0,0,1,0,0,0
679,2,0,0,0,0,0,0,0,1,0
4749,9,0,0,0,0,0,0,0,0,1
160,1,0,0,1,0,0,0,0,0,0
1767,3,0,0,0,0,0,0,1,0,0
2893,6,0,1,0,0,0,0,0,0,0
3158,6,0,1,0,0,0,0,0,0,0
3142,6,0,1,0,0,0,0,0,0,0
2152,4,0,0,0,1,0,0,0,0,0
1966,3,0,0,0,0,0,0,1,0,0
2946,6,0,1,0,0,0,0,0,0,0
1159,8,1,0,0,0,0,0,0,0,0
382,1,0,0,1,0,0,0,0,0,0
2357,5,0,0,0,0,0,1,0,0,0
2147,4,0,0,0,1,0,0,0,0,0
2972,6,0,1,0,0,0,0,0,0,0
2892,6,0,1,0,0,0,0,0,0,0
4677,9,0,0,0,0,0,0,0,0,1
3469,7,0,0,0,0,1,0,0,0,0
2834,6,0,1,0,0,0,0,0,0,0
2252,4,0,0,0,1,0,0,0,0,0
849,4,0,0,0,1,0,0,0,0,0
2995,6,0,1,0,0,0,0,0,0,0
2225,4,0,0,0,1,0,0,0,0,0
229,1,0,0,1,0,0,0,0,0,0
2295,4,0,0,0,1,0,0,0,0,0
1063,5,0,0,0,0,0,1,0,0,0
242,1,0,0,1,0,0,0,0,0,0
4414,9,0,0,0,0,0,0,0,0,1
1441,2,0,0,0,0,0,0,0,1,0
1996,4,0,0,0,1,0,0,0,0,0
1780,3,0,0,0,0,0,0,1,0,0
4716,9,0,0,0,0,0,0,0,0,1
3386,7,0,0,0,0,1,0,0,0,0
12,1,0,0,1,0,0,0,0,0,0
3823,8,1,0,0,0,0,0,0,0,0
1563,3,0,0,0,0,0,0,1,0,0
2640,5,0,0,0,0,0,1,0,0,0
1453,2,0,0,0,0,0,0,0,1,0
4395,9,0,0,0,0,0,0,0,0,1
2858,6,0,1,0,0,0,0,0,0,0
63,1,0,0,1,0,0,0,0,0,0
3920,8,1,0,0,0,0,0,0,0,0
811,4,0,0,0,1,0,0,0,0,0
284,1,0,0,1,0,0,0,0,0,0
4536,9,0,0,0,0,0,0,0,0,1
4272,8,1,0,0,0,0,0,0,0,0
3766,7,0,0,0,0,1,0,0,0,0
567,2,0,0,0,0,0,0,0,1,0
3853,8,1,0,0,0,0,0,0,0,0
258,1,0,0,1,0,0,0,0,0,0
1135,8,1,0,0,0,0,0,0,0,0
2079,4,0,0,0,1,0,0,0,0,0
2278,4,0,0,0,1,0,0,0,0,0
2679,5,0,0,0,0,0,1,0,0,0
1622,3,0,0,0,0,0,0,1,0,0
3147,6,0,1,0,0,0,0,0,0,0
3723,7,0,0,0,0,1,0,0,0,0
3003,6,0,1,0,0,0,0,0,0,0
463,1,0,0,1,0,0,0,0,0,0
4088,8,1,0,0,0,0,0,0,0,0
1801,3,0,0,0,0,0,0,1,0,0
4315,9,0,0,0,0,0,0,0,0,1
927,4,0,0,0,1,0,0,0,0,0
1726,3,0,0,0,0,0,0,1,0,0
3495,7,0,0,0,0,1,0,0,0,0
2522,5,0,0,0,0,0,1,0,0,0
3053,6,0,1,0,0,0,0,0,0,0
1546,2,0,0,0,0,0,0,0,1,0
3057,6,0,1,0,0,0,0,0,0,0
4201,8,1,0,0,0,0,0,0,0,0
2761,5,0,0,0,0,0,1,0,0,0
4612,9,0,0,0,0,0,0,0,0,1
1270,2,0,0,0,0,0,0,0,1,0
2304,4,0,0,0,1,0,0,0,0,0
2200,4,0,0,0,1,0,0,0,0,0
1480,2,0,0,0,0,0,0,0,1,0
4464,9,0,0,0,0,0,0,0,0,1
2884,6,0,1,0,0,0,0,0,0,0
1689,3,0,0,0,0,0,0,1,0,0
2569,5,0,0,0,0,0,1,0,0,0
1285,2,0,0,0,0,0,0,0,1,0
537,2,0,0,0,0,0,0,0,1,0
3594,7,0,0,0,0,1,0,0,0,0
4029,8,1,0,0,0,0,0,0,0,0
3626,7,0,0,0,0,1,0,0,0,0
4203,8,1,0,0,0,0,0,0,0,0
1949,3,0,0,0,0,0,0,1,0,0
2784,5,0,0,0,0,0,1,0,0,0
706,3,0,0,0,0,0,0,1,0,0
4168,8,1,0,0,0,0,0,0,0,0
4102,8,1,0,0,0,0,0,0,0,0
4772,9,0,0,0,0,0,0,0,0,1
4257,8,1,0,0,0,0,0,0,0,0
4450,9,0,0,0,0,0,0,0,0,1
836,4,0,0,0,1,0,0,0,0,0
490,1,0,0,1,0,0,0,0,0,0
4112,8,1,0,0,0,0,0,0,0,0
3007,6,0,1,0,0,0,0,0,0,0
1355,2,0,0,0,0,0,0,0,1,0
696,3,0,0,0,0,0,0,1,0,0
1212,2,0,0,0,0,0,0,0,1,0
4784,9,0,0,0,0,0,0,0,0,1
1964,3,0,0,0,0,0,0,1,0,0
999,5,0,0,0,0,0,1,0,0,0
710,3,0,0,0,0,0,0,1,0,0
3180,6,0,1,0,0,0,0,0,0,0
4825,9,0,0,0,0,0,0,0,0,1
3059,6,0,1,0,0,0,0,0,0,0
3639,7,0,0,0,0,1,0,0,0,0
2983,6,0,1,0,0,0,0,0,0,0
582,2,0,0,0,0,0,0,0,1,0
75,1,0,0,1,0,0,0,0,0,0
2068,4,0,0,0,1,0,0,0,0,0
3763,7,0,0,0,0,1,0,0,0,0
3091,6,0,1,0,0,0,0,0,0,0
2336,4,0,0,0,1,0,0,0,0,0
1989,4,0,0,0,1,0,0,0,0,0
1883,3,0,0,0,0,0,0,1,0,0
3648,7,0,0,0,0,1,0,0,0,0
2000,4,0,0,0,1,0,0,0,0,0
237,1,0,0,1,0,0,0,0,0,0
3389,7,0,0,0,0,1,0,0,0,0
3804,7,0,0,0,0,1,0,0,0,0
3372,7,0,0,0,0,1,0,0,0,0
2747,5,0,0,0,0,0,1,0,0,0
1360,2,0,0,0,0,0,0,0,1,0
834,4,0,0,0,1,0,0,0,0,0
4131,8,1,0,0,0,0,0,0,0,0
935,4,0,0,0,1,0,0,0,0,0
1051,5,0,0,0,0,0,1,0,0,0
3431,7,0,0,0,0,1,0,0,0,0
1872,3,0,0,0,0,0,0,1,0,0
2242,4,0,0,0,1,0,0,0,0,0
2279,4,0,0,0,1,0,0,0,0,0
2286,4,0,0,0,1,0,0,0,0,0
498,1,0,0,1,0,0,0,0,0,0
3464,7,0,0,0,0,1,0,0,0,0
529,1,0,0,1,0,0,0,0,0,0
1658,3,0,0,0,0,0,0,1,0,0
472,1,0,0,1,0,0,0,0,0,0
770,3,0,0,0,0,0,0,1,0,0
2478,5,0,0,0,0,0,1,0,0,0
3714,7,0,0,0,0,1,0,0,0,0
908,4,0,0,0,1,0,0,0,0,0
1148,8,1,0,0,0,0,0,0,0,0
2165,4,0,0,0,1,0,0,0,0,0
1828,3,0,0,0,0,0,0,1,0,0
232,1,0,0,1,0,0,0,0,0,0
4226,8,1,0,0,0,0,0,0,0,0
4637,9,0,0,0,0,0,0,0,0,1
3123,6,0,1,0,0,0,0,0,0,0
483,1,0,0,1,0,0,0,0,0,0
2453,5,0,0,0,0,0,1,0,0,0
166,1,0,0,1,0,0,0,0,0,0
4020,8,1,0,0,0,0,0,0,0,0
987,5,0,0,0,0,0,1,0,0,0
2172,4,0,0,0,1,0,0,0,0,0
4808,9,0,0,0,0,0,0,0,0,1
1977,4,0,0,0,1,0,0,0,0,0
3284,6,0,1,0,0,0,0,0,0,0
3592,7,0,0,0,0,1,0,0,0,0
2459,5,0,0,0,0,0,1,0,0,0
3856,8,1,0,0,0,0,0,0,0,0
4675,9,0,0,0,0,0,0,0,0,1
4228,8,1,0,0,0,0,0,0,0,0
1438,2,0,0,0,0,0,0,0,1,0
1185,2,0,0,0,0,0,0,0,1,0
2204,4,0,0,0,1,0,0,0,0,0
1425,2,0,0,0,0,0,0,0,1,0
124,1,0,0,1,0,0,0,0,0,0
4504,9,0,0,0,0,0,0,0,0,1
4733,9,0,0,0,0,0,0,0,0,1
2287,4,0,0,0,1,0,0,0,0,0
925,4,0,0,0,1,0,0,0,0,0
2520,5,0,0,0,0,0,1,0,0,0
2957,6,0,1,0,0,0,0,0,0,0
1498,2,0,0,0,0,0,0,0,1,0
2369,5,0,0,0,0,0,1,0,0,0
3024,6,0,1,0,0,0,0,0,0,0
641,2,0,0,0,0,0,0,0,1,0
4571,9,0,0,0,0,0,0,0,0,1
485,1,0,0,1,0,0,0,0,0,0
4403,9,0,0,0,0,0,0,0,0,1
1358,2,0,0,0,0,0,0,0,1,0
2789,5,0,0,0,0,0,1,0,0,0
1490,2,0,0,0,0,0,0,0,1,0
2666,5,0,0,0,0,0,1,0,0,0
4098,8,1,0,0,0,0,0,0,0,0
3926,8,1,0,0,0,0,0,0,0,0
455,1,0,0,1,0,0,0,0,0,0
279,1,0,0,1,0,0,0,0,0,0
4326,9,0,0,0,0,0,0,0,0,1
1369,2,0,0,0,0,0,0,0,1,0
2057,4,0,0,0,1,0,0,0,0,0
4815,9,0,0,0,0,0,0,0,0,1
4039,8,1,0,0,0,0,0,0,0,0
2471,5,0,0,0,0,0,1,0,0,0
1280,2,0,0,0,0,0,0,0,1,0
3331,7,0,0,0,0,1,0,0,0,0
209,1,0,0,1,0,0,0,0,0,0
2795,6,0,1,0,0,0,0,0,0,0
4622,9,0,0,0,0,0,0,0,0,1
4470,9,0,0,0,0,0,0,0,0,1
147,1,0,0,1,0,0,0,0,0,0
1190,2,0,0,0,0,0,0,0,1,0
3700,7,0,0,0,0,1,0,0,0,0
3402,7,0,0,0,0,1,0,0,0,0
1766,3,0,0,0,0,0,0,1,0,0
1594,3,0,0,0,0,0,0,1,0,0
1223,2,0,0,0,0,0,0,0,1,0
3783,7,0,0,0,0,1,0,0,0,0
2447,5,0,0,0,0,0,1,0,0,0
2734,5,0,0,0,0,0,1,0,0,0
589,2,0,0,0,0,0,0,0,1,0
446,1,0,0,1,0,0,0,0,0,0
3778,7,0,0,0,0,1,0,0,0,0
3681,7,0,0,0,0,1,0,0,0,0
3288,6,0,1,0,0,0,0,0,0,0
1346,2,0,0,0,0,0,0,0,1,0
2982,6,0,1,0,0,0,0,0,0,0
2101,4,0,0,0,1,0,0,0,0,0
3426,7,0,0,0,0,1,0,0,0,0
773,3,0,0,0,0,0,0,1,0,0
3055,6,0,1,0,0,0,0,0,0,0
115,1,0,0,1,0,0,0,0,0,0
4650,9,0,0,0,0,0,0,0,0,1
1824,3,0,0,0,0,0,0,1,0,0
1553,2,0,0,0,0,0,0,0,1,0
2076,4,0,0,0,1,0,0,0,0,0
1918,3,0,0,0,0,0,0,1,0,0
919,4,0,0,0,1,0,0,0,0,0
3306,7,0,0,0,0,1,0,0,0,0
2251,4,0,0,0,1,0,0,0,0,0
1678,3,0,0,0,0,0,0,1,0,0
3418,7,0,0,0,0,1,0,0,0,0
733,3,0,0,0,0,0,0,1,0,0
3472,7,0,0,0,0,1,0,0,0,0
4426,9,0,0,0,0,0,0,0,0,1
3748,7,0,0,0,0,1,0,0,0,0
272,1,0,0,1,0,0,0,0,0,0
936,4,0,0,0,1,0,0,0,0,0
4084,8,1,0,0,0,0,0,0,0,0
4456,9,0,0,0,0,0,0,0,0,1
602,2,0,0,0,0,0,0,0,1,0
2163,4,0,0,0,1,0,0,0,0,0
2398,5,0,0,0,0,0,1,0,0,0
3910,8,1,0,0,0,0,0,0,0,0
533,1,0,0,1,0,0,0,0,0,0
4673,9,0,0,0,0,0,0,0,0,1
682,2,0,0,0,0,0,0,0,1,0
3004,6,0,1,0,0,0,0,0,0,0
4631,9,0,0,0,0,0,0,0,0,1
2432,5,0,0,0,0,0,1,0,0,0
4116,8,1,0,0,0,0,0,0,0,0
1469,2,0,0,0,0,0,0,0,1,0
1894,3,0,0,0,0,0,0,1,0,0
3842,8,1,0,0,0,0,0,0,0,0
1156,8,1,0,0,0,0,0,0,0,0
438,1,0,0,1,0,0,0,0,0,0
528,1,0,0,1,0,0,0,0,0,0
2629,5,0,0,0,0,0,1,0,0,0
3487,7,0,0,0,0,1,0,0,0,0
2561,5,0,0,0,0,0,1,0,0,0
3128,6,0,1,0,0,0,0,0,0,0
955,4,0,0,0,1,0,0,0,0,0
494,1,0,0,1,0,0,0,0,0,0
4066,8,1,0,0,0,0,0,0,0,0
1345,2,0,0,0,0,0,0,0,1,0
2635,5,0,0,0,0,0,1,0,0,0
956,4,0,0,0,1,0,0,0,0,0
1030,5,0,0,0,0,0,1,0,0,0
2130,4,0,0,0,1,0,0,0,0,0
1043,5,0,0,0,0,0,1,0,0,0
2507,5,0,0,0,0,0,1,0,0,0
4562,9,0,0,0,0,0,0,0,0,1
26,1,0,0,1,0,0,0,0,0,0
203,1,0,0,1,0,0,0,0,0,0
584,2,0,0,0,0,0,0,0,1,0
417,1,0,0,1,0,0,0,0,0,0
4094,8,1,0,0,0,0,0,0,0,0
3528,7,0,0,0,0,1,0,0,0,0
3889,8,1,0,0,0,0,0,0,0,0
177,1,0,0,1,0,0,0,0,0,0
1336,2,0,0,0,0,0,0,0,1,0
1755,3,0,0,0,0,0,0,1,0,0
2700,5,0,0,0,0,0,1,0,0,0
1240,2,0,0,0,0,0,0,0,1,0
1259,2,0,0,0,0,0,0,0,1,0
1027,5,0,0,0,0,0,1,0,0,0
4368,9,0,0,0,0,0,0,0,0,1
1410,2,0,0,0,0,0,0,0,1,0
4336,9,0,0,0,0,0,0,0,0,1
2125,4,0,0,0,1,0,0,0,0,0
1396,2,0,0,0,0,0,0,0,1,0
2849,6,0,1,0,0,0,0,0,0,0
343,1,0,0,1,0,0,0,0,0,0
2462,5,0,0,0,0,0,1,0,0,0
4188,8,1,0,0,0,0,0,0,0,0
3613,7,0,0,0,0,1,0,0,0,0
2388,5,0,0,0,0,0,1,0,0,0
402,1,0,0,1,0,0,0,0,0,0
4800,9,0,0,0,0,0,0,0,0,1
4590,9,0,0,0,0,0,0,0,0,1
3029,6,0,1,0,0,0,0,0,0,0
2331,4,0,0,0,1,0,0,0,0,0
1562,3,0,0,0,0,0,0,1,0,0
2391,5,0,0,0,0,0,1,0,0,0
893,4,0,0,0,1,0,0,0,0,0
838,4,0,0,0,1,0,0,0,0,0
3168,6,0,1,0,0,0,0,0,0,0
2026,4,0,0,0,1,0,0,0,0,0
2274,4,0,0,0,1,0,0,0,0,0
23,1,0,0,1,0,0,0,0,0,0
4078,8,1,0,0,0,0,0,0,0,0
3650,7,0,0,0,0,1,0,0,0,0
3090,6,0,1,0,0,0,0,0,0,0
376,1,0,0,1,0,0,0,0,0,0
2981,6,0,1,0,0,0,0,0,0,0
940,4,0,0,0,1,0,0,0,0,0
1273,2,0,0,0,0,0,0,0,1,0
2322,4,0,0,0,1,0,0,0,0,0
425,1,0,0,1,0,0,0,0,0,0
4579,9,0,0,0,0,0,0,0,0,1
3972,8,1,0,0,0,0,0,0,0,0
3797,7,0,0,0,0,1,0,0,0,0
3285,6,0,1,0,0,0,0,0,0,0
4795,9,0,0,0,0,0,0,0,0,1
2446,5,0,0,0,0,0,1,0,0,0
299,1,0,0,1,0,0,0,0,0,0
3120,6,0,1,0,0,0,0,0,0,0
2812,6,0,1,0,0,0,0,0,0,0
2553,5,0,0,0,0,0,1,0,0,0
606,2,0,0,0,0,0,0,0,1,0
583,2,0,0,0,0,0,0,0,1,0
1035,5,0,0,0,0,0,1,0,0,0
1774,3,0,0,0,0,0,0,1,0,0
4574,9,0,0,0,0,0,0,0,0,1
2815,6,0,1,0,0,0,0,0,0,0
2175,4,0,0,0,1,0,0,0,0,0
2549,5,0,0,0,0,0,1,0,0,0
487,1,0,0,1,0,0,0,0,0,0
1771,3,0,0,0,0,0,0,1,0,0
1496,2,0,0,0,0,0,0,0,1,0
1939,3,0,0,0,0,0,0,1,0,0
2030,4,0,0,0,1,0,0,0,0,0
3788,7,0,0,0,0,1,0,0,0,0
4328,9,0,0,0,0,0,0,0,0,1
450,1,0,0,1,0,0,0,0,0,0
2889,6,0,1,0,0,0,0,0,0,0
4719,9,0,0,0,0,0,0,0,0,1
517,1,0,0,1,0,0,0,0,0,0
4599,9,0,0,0,0,0,0,0,0,1
4198,8,1,0,0,0,0,0,0,0,0
2727,5,0,0,0,0,0,1,0,0,0
3601,7,0,0,0,0,1,0,0,0,0
499,1,0,0,1,0,0,0,0,0,0
2674,5,0,0,0,0,0,1,0,0,0
1805,3,0,0,0,0,0,0,1,0,0
4537,9,0,0,0,0,0,0,0,0,1
3192,6,0,1,0,0,0,0,0,0,0
1967,3,0,0,0,0,0,0,1,0,0
2845,6,0,1,0,0,0,0,0,0,0
1048,5,0,0,0,0,0,1,0,0,0
191,1,0,0,1,0,0,0,0,0,0
91,1,0,0,1,0,0,0,0,0,0
2836,6,0,1,0,0,0,0,0,0,0
4322,9,0,0,0,0,0,0,0,0,1
3737,7,0,0,0,0,1,0,0,0,0
4696,9,0,0,0,0,0,0,0,0,1
3106,6,0,1,0,0,0,0,0,0,0
3443,7,0,0,0,0,1,0,0,0,0
3499,7,0,0,0,0,1,0,0,0,0
2919,6,0,1,0,0,0,0,0,0,0
1515,2,0,0,0,0,0,0,0,1,0
3171,6,0,1,0,0,0,0,0,0,0
2801,6,0,1,0,0,0,0,0,0,0
381,1,0,0,1,0,0,0,0,0,0
821,4,0,0,0,1,0,0,0,0,0
4058,8,1,0,0,0,0,0,0,0,0
3715,7,0,0,0,0,1,0,0,0,0
243,1,0,0,1,0,0,0,0,0,0
1421,2,0,0,0,0,0,0,0,1,0
1384,2,0,0,0,0,0,0,0,1,0
3438,7,0,0,0,0,1,0,0,0,0
3411,7,0,0,0,0,1,0,0,0,0
481,1,0,0,1,0,0,0,0,0,0
1474,2,0,0,0,0,0,0,0,1,0
2009,4,0,0,0,1,0,0,0,0,0
3259,6,0,1,0,0,0,0,0,0,0
2955,6,0,1,0,0,0,0,0,0,0
1127,8,1,0,0,0,0,0,0,0,0
2603,5,0,0,0,0,0,1,0,0,0
1751,3,0,0,0,0,0,0,1,0,0
1574,3,0,0,0,0,0,0,1,0,0
1656,3,0,0,0,0,0,0,1,0,0
1071,6,0,1,0,0,0,0,0,0,0
4760,9,0,0,0,0,0,0,0,0,1
1049,5,0,0,0,0,0,1,0,0,0
4515,9,0,0,0,0,0,0,0,0,1
2169,4,0,0,0,1,0,0,0,0,0
1710,3,0,0,0,0,0,0,1,0,0
467,1,0,0,1,0,0,0,0,0,0
121,1,0,0,1,0,0,0,0,0,0
126,1,0,0,1,0,0,0,0,0,0
2947,6,0,1,0,0,0,0,0,0,0
1560,3,0,0,0,0,0,0,1,0,0
4279,8,1,0,0,0,0,0,0,0,0
3231,6,0,1,0,0,0,0,0,0,0
1524,2,0,0,0,0,0,0,0,1,0
3773,7,0,0,0,0,1,0,0,0,0
2044,4,0,0,0,1,0,0,0,0,0
2196,4,0,0,0,1,0,0,0,0,0
1465,2,0,0,0,0,0,0,0,1,0
1792,3,0,0,0,0,0,0,1,0,0
2430,5,0,0,0,0,0,1,0,0,0
2704,5,0,0,0,0,0,1,0,0,0
3124,6,0,1,0,0,0,0,0,0,0
1568,3,0,0,0,0,0,0,1,0,0
989,5,0,0,0,0,0,1,0,0,0
3216,6,0,1,0,0,0,0,0,0,0
1282,2,0,0,0,0,0,0,0,1,0
1881,3,0,0,0,0,0,0,1,0,0
95,1,0,0,1,0,0,0,0,0,0
1104,7,0,0,0,0,1,0,0,0,0
2248,4,0,0,0,1,0,0,0,0,0
4070,8,1,0,0,0,0,0,0,0,0
771,3,0,0,0,0,0,0,1,0,0
2438,5,0,0,0,0,0,1,0,0,0
2631,5,0,0,0,0,0,1,0,0,0
2888,6,0,1,0,0,0,0,0,0,0
1406,2,0,0,0,0,0,0,0,1,0
1794,3,0,0,0,0,0,0,1,0,0
1187,2,0,0,0,0,0,0,0,1,0
2422,5,0,0,0,0,0,1,0,0,0
465,1,0,0,1,0,0,0,0,0,0
500,1,0,0,1,0,0,0,0,0,0
2597,5,0,0,0,0,0,1,0,0,0
152,1,0,0,1,0,0,0,0,0,0
2159,4,0,0,0,1,0,0,0,0,0
1609,3,0,0,0,0,0,0,1,0,0
763,3,0,0,0,0,0,0,1,0,0
3427,7,0,0,0,0,1,0,0,0,0
34,1,0,0,1,0,0,0,0,0,0
4488,9,0,0,0,0,0,0,0,0,1
2803,6,0,1,0,0,0,0,0,0,0
4577,9,0,0,0,0,0,0,0,0,1
587,2,0,0,0,0,0,0,0,1,0
2692,5,0,0,0,0,0,1,0,0,0
2535,5,0,0,0,0,0,1,0,0,0
971,5,0,0,0,0,0,1,0,0,0
986,5,0,0,0,0,0,1,0,0,0
1889,3,0,0,0,0,0,0,1,0,0
4735,9,0,0,0,0,0,0,0,0,1
2481,5,0,0,0,0,0,1,0,0,0
3620,7,0,0,0,0,1,0,0,0,0
4706,9,0,0,0,0,0,0,0,0,1
4443,9,0,0,0,0,0,0,0,0,1
2033,4,0,0,0,1,0,0,0,0,0
4021,8,1,0,0,0,0,0,0,0,0
4688,9,0,0,0,0,0,0,0,0,1
1723,3,0,0,0,0,0,0,1,0,0
2871,6,0,1,0,0,0,0,0,0,0
2264,4,0,0,0,1,0,0,0,0,0
476,1,0,0,1,0,0,0,0,0,0
329,1,0,0,1,0,0,0,0,0,0
3067,6,0,1,0,0,0,0,0,0,0
4683,9,0,0,0,0,0,0,0,0,1
3786,7,0,0,0,0,1,0,0,0,0
2824,6,0,1,0,0,0,0,0,0,0
690,2,0,0,0,0,0,0,0,1,0
1146,8,1,0,0,0,0,0,0,0,0
337,1,0,0,1,0,0,0,0,0,0
4704,9,0,0,0,0,0,0,0,0,1
1696,3,0,0,0,0,0,0,1,0,0
832,4,0,0,0,1,0,0,0,0,0
4402,9,0,0,0,0,0,0,0,0,1
1093,6,0,1,0,0,0,0,0,0,0
1288,2,0,0,0,0,0,0,0,1,0
257,1,0,0,1,0,0,0,0,0,0
1668,3,0,0,0,0,0,0,1,0,0
3554,7,0,0,0,0,1,0,0,0,0
1255,2,0,0,0,0,0,0,0,1,0
4141,8,1,0,0,0,0,0,0,0,0
2005,4,0,0,0,1,0,0,0,0,0
442,1,0,0,1,0,0,0,0,0,0
3222,6,0,1,0,0,0,0,0,0,0
2899,6,0,1,0,0,0,0,0,0,0
2621,5,0,0,0,0,0,1,0,0,0
3809,8,1,0,0,0,0,0,0,0,0
2477,5,0,0,0,0,0,1,0,0,0
3753,7,0,0,0,0,1,0,0,0,0
207,1,0,0,1,0,0,0,0,0,0
751,3,0,0,0,0,0,0,1,0,0
4481,9,0,0,0,0,0,0,0,0,1
4065,8,1,0,0,0,0,0,0,0,0
3791,7,0,0,0,0,1,0,0,0,0
1407,2,0,0,0,0,0,0,0,1,0
4584,9,0,0,0,0,0,0,0,0,1
2154,4,0,0,0,1,0,0,0,0,0
1847,3,0,0,0,0,0,0,1,0,0
1596,3,0,0,0,0,0,0,1,0,0
615,2,0,0,0,0,0,0,0,1,0
176,1,0,0,1,0,0,0,0,0,0
3373,7,0,0,0,0,1,0,0,0,0
3807,8,1,0,0,0,0,0,0,0,0
4193,8,1,0,0,0,0,0,0,0,0
2581,5,0,0,0,0,0,1,0,0,0
4069,8,1,0,0,0,0,0,0,0,0
2717,5,0,0,0,0,0,1,0,0,0
3458,7,0,0,0,0,1,0,0,0,0
1544,2,0,0,0,0,0,0,0,1,0
3779,7,0,0,0,0,1,0,0,0,0
3200,6,0,1,0,0,0,0,0,0,0
4462,9,0,0,0,0,0,0,0,0,1
2766,5,0,0,0,0,0,1,0,0,0
1419,2,0,0,0,0,0,0,0,1,0
4479,9,0,0,0,0,0,0,0,0,1
2656,5,0,0,0,0,0,1,0,0,0
4607,9,0,0,0,0,0,0,0,0,1
2316,4,0,0,0,1,0,0,0,0,0
4185,8,1,0,0,0,0,0,0,0,0
277,1,0,0,1,0,0,0,0,0,0
2115,4,0,0,0,1,0,0,0,0,0
264,1,0,0,1,0,0,0,0,0,0
4052,8,1,0,0,0,0,0,0,0,0
3990,8,1,0,0,0,0,0,0,0,0
3235,6,0,1,0,0,0,0,0,0,0
3471,7,0,0,0,0,1,0,0,0,0
3020,6,0,1,0,0,0,0,0,0,0
4051,8,1,0,0,0,0,0,0,0,0
3569,7,0,0,0,0,1,0,0,0,0
2095,4,0,0,0,1,0,0,0,0,0
2531,5,0,0,0,0,0,1,0,0,0
3179,6,0,1,0,0,0,0,0,0,0
1070,6,0,1,0,0,0,0,0,0,0
4702,9,0,0,0,0,0,0,0,0,1
2216,4,0,0,0,1,0,0,0,0,0
320,1,0,0,1,0,0,0,0,0,0
4406,9,0,0,0,0,0,0,0,0,1
2246,4,0,0,0,1,0,0,0,0,0
1963,3,0,0,0,0,0,0,1,0,0
1089,6,0,1,0,0,0,0,0,0,0
3619,7,0,0,0,0,1,0,0,0,0
3335,7,0,0,0,0,1,0,0,0,0
985,5,0,0,0,0,0,1,0,0,0
1182,2,0,0,0,0,0,0,0,1,0
1671,3,0,0,0,0,0,0,1,0,0
4090,8,1,0,0,0,0,0,0,0,0
1105,7,0,0,0,0,1,0,0,0,0
2219,4,0,0,0,1,0,0,0,0,0
1869,3,0,0,0,0,0,0,1,0,0
963,4,0,0,0,1,0,0,0,0,0
1461,2,0,0,0,0,0,0,0,1,0
1199,2,0,0,0,0,0,0,0,1,0
2519,5,0,0,0,0,0,1,0,0,0
3228,6,0,1,0,0,0,0,0,0,0
3159,6,0,1,0,0,0,0,0,0,0
1276,2,0,0,0,0,0,0,0,1,0
1980,4,0,0,0,1,0,0,0,0,0
784,3,0,0,0,0,0,0,1,0,0
4285,8,1,0,0,0,0,0,0,0,0
3525,7,0,0,0,0,1,0,0,0,0
4449,9,0,0,0,0,0,0,0,0,1
1167,9,0,0,0,0,0,0,0,0,1
4820,9,0,0,0,0,0,0,0,0,1
632,2,0,0,0,0,0,0,0,1,0
2368,5,0,0,0,0,0,1,0,0,0
910,4,0,0,0,1,0,0,0,0,0
1385,2,0,0,0,0,0,0,0,1,0
2002,4,0,0,0,1,0,0,0,0,0
4340,9,0,0,0,0,0,0,0,0,1
4274,8,1,0,0,0,0,0,0,0,0
2825,6,0,1,0,0,0,0,0,0,0
3830,8,1,0,0,0,0,0,0,0,0
913,4,0,0,0,1,0,0,0,0,0
2975,6,0,1,0,0,0,0,0,0,0
4453,9,0,0,0,0,0,0,0,0,1
2395,5,0,0,0,0,0,1,0,0,0
141,1,0,0,1,0,0,0,0,0,0
2726,5,0,0,0,0,0,1,0,0,0
2620,5,0,0,0,0,0,1,0,0,0
2096,4,0,0,0,1,0,0,0,0,0
4499,9,0,0,0,0,0,0,0,0,1
1337,2,0,0,0,0,0,0,0,1,0
1371,2,0,0,0,0,0,0,0,1,0
1077,6,0,1,0,0,0,0,0,0,0
1866,3,0,0,0,0,0,0,1,0,0
1367,2,0,0,0,0,0,0,0,1,0
1686,3,0,0,0,0,0,0,1,0,0
104,1,0,0,1,0,0,0,0,0,0
4269,8,1,0,0,0,0,0,0,0,0
1865,3,0,0,0,0,0,0,1,0,0
4124,8,1,0,0,0,0,0,0,0,0
250,1,0,0,1,0,0,0,0,0,0
4734,9,0,0,0,0,0,0,0,0,1
197,1,0,0,1,0,0,0,0,0,0
2456,5,0,0,0,0,0,1,0,0,0
3433,7,0,0,0,0,1,0,0,0,0
3322,7,0,0,0,0,1,0,0,0,0
819,4,0,0,0,1,0,0,0,0,0
1022,5,0,0,0,0,0,1,0,0,0
1354,2,0,0,0,0,0,0,0,1,0
1178,2,0,0,0,0,0,0,0,1,0
2500,5,0,0,0,0,0,1,0,0,0
3849,8,1,0,0,0,0,0,0,0,0
415,1,0,0,1,0,0,0,0,0,0
2166,4,0,0,0,1,0,0,0,0,0
1630,3,0,0,0,0,0,0,1,0,0
2936,6,0,1,0,0,0,0,0,0,0
3302,7,0,0,0,0,1,0,0,0,0
4510,9,0,0,0,0,0,0,0,0,1
2558,5,0,0,0,0,0,1,0,0,0
1992,4,0,0,0,1,0,0,0,0,0
158,1,0,0,1,0,0,0,0,0,0
1810,3,0,0,0,0,0,0,1,0,0
4391,9,0,0,0,0,0,0,0,0,1
230,1,0,0,1,0,0,0,0,0,0
241,1,0,0,1,0,0,0,0,0,0
449,1,0,0,1,0,0,0,0,0,0
3907,8,1,0,0,0,0,0,0,0,0
3946,8,1,0,0,0,0,0,0,0,0
3401,7,0,0,0,0,1,0,0,0,0
1959,3,0,0,0,0,0,0,1,0,0
2817,6,0,1,0,0,0,0,0,0,0
808,4,0,0,0,1,0,0,0,0,0
3547,7,0,0,0,0,1,0,0,0,0
2234,4,0,0,0,1,0,0,0,0,0
3519,7,0,0,0,0,1,0,0,0,0
3016,6,0,1,0,0,0,0,0,0,0
2102,4,0,0,0,1,0,0,0,0,0
3332,7,0,0,0,0,1,0,0,0,0
1290,2,0,0,0,0,0,0,0,1,0
2604,5,0,0,0,0,0,1,0,0,0
222,1,0,0,1,0,0,0,0,0,0
1246,2,0,0,0,0,0,0,0,1,0
1365,2,0,0,0,0,0,0,0,1,0
1025,5,0,0,0,0,0,1,0,0,0
3702,7,0,0,0,0,1,0,0,0,0
1265,2,0,0,0,0,0,0,0,1,0
180,1,0,0,1,0,0,0,0,0,0
1807,3,0,0,0,0,0,0,1,0,0
2751,5,0,0,0,0,0,1,0,0,0
2931,6,0,1,0,0,0,0,0,0,0
1275,2,0,0,0,0,0,0,0,1,0
2293,4,0,0,0,1,0,0,0,0,0
1112,7,0,0,0,0,1,0,0,0,0
2839,6,0,1,0,0,0,0,0,0,0
3399,7,0,0,0,0,1,0,0,0,0
443,1,0,0,1,0,0,0,0,0,0
2318,4,0,0,0,1,0,0,0,0,0
3904,8,1,0,0,0,0,0,0,0,0
4309,9,0,0,0,0,0,0,0,0,1
4111,8,1,0,0,0,0,0,0,0,0
3274,6,0,1,0,0,0,0,0,0,0
4492,9,0,0,0,0,0,0,0,0,1
4720,9,0,0,0,0,0,0,0,0,1
1730,3,0,0,0,0,0,0,1,0,0
2226,4,0,0,0,1,0,0,0,0,0
1905,3,0,0,0,0,0,0,1,0,0
4183,8,1,0,0,0,0,0,0,0,0
503,1,0,0,1,0,0,0,0,0,0
3196,6,0,1,0,0,0,0,0,0,0
3297,7,0,0,0,0,1,0,0,0,0
2990,6,0,1,0,0,0,0,0,0,0
3154,6,0,1,0,0,0,0,0,0,0
1493,2,0,0,0,0,0,0,0,1,0
898,4,0,0,0,1,0,0,0,0,0
2256,4,0,0,0,1,0,0,0,0,0
3556,7,0,0,0,0,1,0,0,0,0
1654,3,0,0,0,0,0,0,1,0,0
4001,8,1,0,0,0,0,0,0,0,0
3955,8,1,0,0,0,0,0,0,0,0
4647,9,0,0,0,0,0,0,0,0,1
106,1,0,0,1,0,0,0,0,0,0
3065,6,0,1,0,0,0,0,0,0,0
4626,9,0,0,0,0,0,0,0,0,1
85,1,0,0,1,0,0,0,0,0,0
4060,8,1,0,0,0,0,0,0,0,0
1521,2,0,0,0,0,0,0,0,1,0
292,1,0,0,1,0,0,0,0,0,0
2926,6,0,1,0,0,0,0,0,0,0
2083,4,0,0,0,1,0,0,0,0,0
1467,2,0,0,0,0,0,0,0,1,0
3511,7,0,0,0,0,1,0,0,0,0
3922,8,1,0,0,0,0,0,0,0,0
3785,7,0,0,0,0,1,0,0,0,0
2181,4,0,0,0,1,0,0,0,0,0
3146,6,0,1,0,0,0,0,0,0,0
2239,4,0,0,0,1,0,0,0,0,0
3185,6,0,1,0,0,0,0,0,0,0
2424,5,0,0,0,0,0,1,0,0,0
1110,7,0,0,0,0,1,0,0,0,0
874,4,0,0,0,1,0,0,0,0,0
580,2,0,0,0,0,0,0,0,1,0
2123,4,0,0,0,1,0,0,0,0,0
345,1,0,0,1,0,0,0,0,0,0
732,3,0,0,0,0,0,0,1,0,0
2457,5,0,0,0,0,0,1,0,0,0
2967,6,0,1,0,0,0,0,0,0,0
4680,9,0,0,0,0,0,0,0,0,1
4531,9,0,0,0,0,0,0,0,0,1
3782,7,0,0,0,0,1,0,0,0,0
3116,6,0,1,0,0,0,0,0,0,0
4240,8,1,0,0,0,0,0,0,0,0
1512,2,0,0,0,0,0,0,0,1,0
2385,5,0,0,0,0,0,1,0,0,0
2909,6,0,1,0,0,0,0,0,0,0
2353,4,0,0,0,1,0,0,0,0,0
4649,9,0,0,0,0,0,0,0,0,1
1646,3,0,0,0,0,0,0,1,0,0
1314,2,0,0,0,0,0,0,0,1,0
3388,7,0,0,0,0,1,0,0,0,0
1298,2,0,0,0,0,0,0,0,1,0
2672,5,0,0,0,0,0,1,0,0,0
1362,2,0,0,0,0,0,0,0,1,0
1287,2,0,0,0,0,0,0,0,1,0
3145,6,0,1,0,0,0,0,0,0,0
3670,7,0,0,0,0,1,0,0,0,0
1165,9,0,0,0,0,0,0,0,0,1
1988,4,0,0,0,1,0,0,0,0,0
746,3,0,0,0,0,0,0,1,0,0
737,3,0,0,0,0,0,0,1,0,0
2932,6,0,1,0,0,0,0,0,0,0
3497,7,0,0,0,0,1,0,0,0,0
1377,2,0,0,0,0,0,0,0,1,0
289,1,0,0,1,0,0,0,0,0,0
3002,6,0,1,0,0,0,0,0,0,0
3325,7,0,0,0,0,1,0,0,0,0
3194,6,0,1,0,0,0,0,0,0,0
739,3,0,0,0,0,0,0,1,0,0
2387,5,0,0,0,0,0,1,0,0,0
4170,8,1,0,0,0,0,0,0,0,0
4628,9,0,0,0,0,0,0,0,0,1
238,1,0,0,1,0,0,0,0,0,0
1161,9,0,0,0,0,0,0,0,0,1
3852,8,1,0,0,0,0,0,0,0,0
2231,4,0,0,0,1,0,0,0,0,0
3975,8,1,0,0,0,0,0,0,0,0
2966,6,0,1,0,0,0,0,0,0,0
4788,9,0,0,0,0,0,0,0,0,1
3031,6,0,1,0,0,0,0,0,0,0
1652,3,0,0,0,0,0,0,1,0,0
2494,5,0,0,0,0,0,1,0,0,0
722,3,0,0,0,0,0,0,1,0,0
1714,3,0,0,0,0,0,0,1,0,0
1076,6,0,1,0,0,0,0,0,0,0
4033,8,1,0,0,0,0,0,0,0,0
3066,6,0,1,0,0,0,0,0,0,0
2323,4,0,0,0,1,0,0,0,0,0
2080,4,0,0,0,1,0,0,0,0,0
154,1,0,0,1,0,0,0,0,0,0
4305,8,1,0,0,0,0,0,0,0,0
3255,6,0,1,0,0,0,0,0,0,0
3077,6,0,1,0,0,0,0,0,0,0
3722,7,0,0,0,0,1,0,0,0,0
325,1,0,0,1,0,0,0,0,0,0
3587,7,0,0,0,0,1,0,0,0,0
4371,9,0,0,0,0,0,0,0,0,1
3387,7,0,0,0,0,1,0,0,0,0
4156,8,1,0,0,0,0,0,0,0,0
2587,5,0,0,0,0,0,1,0,0,0
3153,6,0,1,0,0,0,0,0,0,0
2341,4,0,0,0,1,0,0,0,0,0
619,2,0,0,0,0,0,0,0,1,0
1884,3,0,0,0,0,0,0,1,0,0
777,3,0,0,0,0,0,0,1,0,0
3054,6,0,1,0,0,0,0,0,0,0
3101,6,0,1,0,0,0,0,0,0,0
4295,8,1,0,0,0,0,0,0,0,0
1128,8,1,0,0,0,0,0,0,0,0
4023,8,1,0,0,0,0,0,0,0,0
3706,7,0,0,0,0,1,0,0,0,0
2366,5,0,0,0,0,0,1,0,0,0
4441,9,0,0,0,0,0,0,0,0,1
493,1,0,0,1,0,0,0,0,0,0
1984,4,0,0,0,1,0,0,0,0,0
1759,3,0,0,0,0,0,0,1,0,0
2072,4,0,0,0,1,0,0,0,0,0
1198,2,0,0,0,0,0,0,0,1,0
3931,8,1,0,0,0,0,0,0,0,0
4134,8,1,0,0,0,0,0,0,0,0
2680,5,0,0,0,0,0,1,0,0,0
3070,6,0,1,0,0,0,0,0,0,0
3398,7,0,0,0,0,1,0,0,0,0
2292,4,0,0,0,1,0,0,0,0,0
3663,7,0,0,0,0,1,0,0,0,0
2868,6,0,1,0,0,0,0,0,0,0
673,2,0,0,0,0,0,0,0,1,0
4306,8,1,0,0,0,0,0,0,0,0
1217,2,0,0,0,0,0,0,0,1,0
3557,7,0,0,0,0,1,0,0,0,0
3567,7,0,0,0,0,1,0,0,0,0
980,5,0,0,0,0,0,1,0,0,0
3326,7,0,0,0,0,1,0,0,0,0
2171,4,0,0,0,1,0,0,0,0,0
175,1,0,0,1,0,0,0,0,0,0
4148,8,1,0,0,0,0,0,0,0,0
2917,6,0,1,0,0,0,0,0,0,0
433,1,0,0,1,0,0,0,0,0,0
3182,6,0,1,0,0,0,0,0,0,0
3672,7,0,0,0,0,1,0,0,0,0
3209,6,0,1,0,0,0,0,0,0,0
2329,4,0,0,0,1,0,0,0,0,0
2090,4,0,0,0,1,0,0,0,0,0
4074,8,1,0,0,0,0,0,0,0,0
3010,6,0,1,0,0,0,0,0,0,0
4180,8,1,0,0,0,0,0,0,0,0
280,1,0,0,1,0,0,0,0,0,0
4003,8,1,0,0,0,0,0,0,0,0
282,1,0,0,1,0,0,0,0,0,0
1611,3,0,0,0,0,0,0,1,0,0
2271,4,0,0,0,1,0,0,0,0,0
2537,5,0,0,0,0,0,1,0,0,0
3245,6,0,1,0,0,0,0,0,0,0
3227,6,0,1,0,0,0,0,0,0,0
3985,8,1,0,0,0,0,0,0,0,0
2539,5,0,0,0,0,0,1,0,0,0
1402,2,0,0,0,0,0,0,0,1,0
658,2,0,0,0,0,0,0,0,1,0
3210,6,0,1,0,0,0,0,0,0,0
4763,9,0,0,0,0,0,0,0,0,1
4803,9,0,0,0,0,0,0,0,0,1
2935,6,0,1,0,0,0,0,0,0,0
2647,5,0,0,0,0,0,1,0,0,0
4219,8,1,0,0,0,0,0,0,0,0
1390,2,0,0,0,0,0,0,0,1,0
27,1,0,0,1,0,0,0,0,0,0
1879,3,0,0,0,0,0,0,1,0,0
3664,7,0,0,0,0,1,0,0,0,0
996,5,0,0,0,0,0,1,0,0,0
3874,8,1,0,0,0,0,0,0,0,0
931,4,0,0,0,1,0,0,0,0,0
3250,6,0,1,0,0,0,0,0,0,0
1066,6,0,1,0,0,0,0,0,0,0
1902,3,0,0,0,0,0,0,1,0,0
1790,3,0,0,0,0,0,0,1,0,0
867,4,0,0,0,1,0,0,0,0,0
613,2,0,0,0,0,0,0,0,1,0
1009,5,0,0,0,0,0,1,0,0,0
3088,6,0,1,0,0,0,0,0,0,0
3542,7,0,0,0,0,1,0,0,0,0
1642,3,0,0,0,0,0,0,1,0,0
853,4,0,0,0,1,0,0,0,0,0
145,1,0,0,1,0,0,0,0,0,0
1046,5,0,0,0,0,0,1,0,0,0
863,4,0,0,0,1,0,0,0,0,0
1160,9,0,0,0,0,0,0,0,0,1
4145,8,1,0,0,0,0,0,0,0,0
2319,4,0,0,0,1,0,0,0,0,0
3579,7,0,0,0,0,1,0,0,0,0
2645,5,0,0,0,0,0,1,0,0,0
2442,5,0,0,0,0,0,1,0,0,0
4471,9,0,0,0,0,0,0,0,0,1
3630,7,0,0,0,0,1,0,0,0,0
3534,7,0,0,0,0,1,0,0,0,0
3595,7,0,0,0,0,1,0,0,0,0
4556,9,0,0,0,0,0,0,0,0,1
1685,3,0,0,0,0,0,0,1,0,0
2162,4,0,0,0,1,0,0,0,0,0
2598,5,0,0,0,0,0,1,0,0,0
2455,5,0,0,0,0,0,1,0,0,0
1536,2,0,0,0,0,0,0,0,1,0
1052,5,0,0,0,0,0,1,0,0,0
146,1,0,0,1,0,0,0,0,0,0
3801,7,0,0,0,0,1,0,0,0,0
3611,7,0,0,0,0,1,0,0,0,0
3895,8,1,0,0,0,0,0,0,0,0
3281,6,0,1,0,0,0,0,0,0,0
3580,7,0,0,0,0,1,0,0,0,0
399,1,0,0,1,0,0,0,0,0,0
2028,4,0,0,0,1,0,0,0,0,0
2472,5,0,0,0,0,0,1,0,0,0
383,1,0,0,1,0,0,0,0,0,0
1669,3,0,0,0,0,0,0,1,0,0
1092,6,0,1,0,0,0,0,0,0,0
4342,9,0,0,0,0,0,0,0,0,1
3049,6,0,1,0,0,0,0,0,0,0
3249,6,0,1,0,0,0,0,0,0,0
2716,5,0,0,0,0,0,1,0,0,0
4209,8,1,0,0,0,0,0,0,0,0
368,1,0,0,1,0,0,0,0,0,0
3599,7,0,0,0,0,1,0,0,0,0
2571,5,0,0,0,0,0,1,0,0,0
4213,8,1,0,0,0,0,0,0,0,0
628,2,0,0,0,0,0,0,0,1,0
4816,9,0,0,0,0,0,0,0,0,1
3846,8,1,0,0,0,0,0,0,0,0
1555,3,0,0,0,0,0,0,1,0,0
1816,3,0,0,0,0,0,0,1,0,0
3541,7,0,0,0,0,1,0,0,0,0
301,1,0,0,1,0,0,0,0,0,0
1915,3,0,0,0,0,0,0,1,0,0
2143,4,0,0,0,1,0,0,0,0,0
2412,5,0,0,0,0,0,1,0,0,0
4163,8,1,0,0,0,0,0,0,0,0
897,4,0,0,0,1,0,0,0,0,0
1610,3,0,0,0,0,0,0,1,0,0
2107,4,0,0,0,1,0,0,0,0,0
1329,2,0,0,0,0,0,0,0,1,0
2617,5,0,0,0,0,0,1,0,0,0
2103,4,0,0,0,1,0,0,0,0,0
3645,7,0,0,0,0,1,0,0,0,0
560,2,0,0,0,0,0,0,0,1,0
2877,6,0,1,0,0,0,0,0,0,0
568,2,0,0,0,0,0,0,0,1,0
2384,5,0,0,0,0,0,1,0,0,0
548,2,0,0,0,0,0,0,0,1,0
4685,9,0,0,0,0,0,0,0,0,1
801,3,0,0,0,0,0,0,1,0,0
4117,8,1,0,0,0,0,0,0,0,0
405,1,0,0,1,0,0,0,0,0,0
1304,2,0,0,0,0,0,0,0,1,0
4332,9,0,0,0,0,0,0,0,0,1
3764,7,0,0,0,0,1,0,0,0,0
2920,6,0,1,0,0,0,0,0,0,0
2897,6,0,1,0,0,0,0,0,0,0
223,1,0,0,1,0,0,0,0,0,0
2411,5,0,0,0,0,0,1,0,0,0
4442,9,0,0,0,0,0,0,0,0,1
4059,8,1,0,0,0,0,0,0,0,0
348,1,0,0,1,0,0,0,0,0,0
4766,9,0,0,0,0,0,0,0,0,1
1,1,0,0,1,0,0,0,0,0,0
1205,2,0,0,0,0,0,0,0,1,0
1971,3,0,0,0,0,0,0,1,0,0
1069,6,0,1,0,0,0,0,0,0,0
3383,7,0,0,0,0,1,0,0,0,0
4516,9,0,0,0,0,0,0,0,0,1
94,1,0,0,1,0,0,0,0,0,0
2473,5,0,0,0,0,0,1,0,0,0
55,1,0,0,1,0,0,0,0,0,0
4610,9,0,0,0,0,0,0,0,0,1
1062,5,0,0,0,0,0,1,0,0,0
4575,9,0,0,0,0,0,0,0,0,1
2661,5,0,0,0,0,0,1,0,0,0
1962,3,0,0,0,0,0,0,1,0,0
900,4,0,0,0,1,0,0,0,0,0
3571,7,0,0,0,0,1,0,0,0,0
4600,9,0,0,0,0,0,0,0,0,1
3442,7,0,0,0,0,1,0,0,0,0
129,1,0,0,1,0,0,0,0,0,0
2043,4,0,0,0,1,0,0,0,0,0
4401,9,0,0,0,0,0,0,0,0,1
1904,3,0,0,0,0,0,0,1,0,0
2860,6,0,1,0,0,0,0,0,0,0
1494,2,0,0,0,0,0,0,0,1,0
1754,3,0,0,0,0,0,0,1,0,0
1197,2,0,0,0,0,0,0,0,1,0
4405,9,0,0,0,0,0,0,0,0,1
2636,5,0,0,0,0,0,1,0,0,0
978,5,0,0,0,0,0,1,0,0,0
2808,6,0,1,0,0,0,0,0,0,0
3220,6,0,1,0,0,0,0,0,0,0
2138,4,0,0,0,1,0,0,0,0,0
3697,7,0,0,0,0,1,0,0,0,0
3005,6,0,1,0,0,0,0,0,0,0
331,1,0,0,1,0,0,0,0,0,0
2996,6,0,1,0,0,0,0,0,0,0
795,3,0,0,0,0,0,0,1,0,0
4792,9,0,0,0,0,0,0,0,0,1
1026,5,0,0,0,0,0,1,0,0,0
3378,7,0,0,0,0,1,0,0,0,0
4692,9,0,0,0,0,0,0,0,0,1
4237,8,1,0,0,0,0,0,0,0,0
1965,3,0,0,0,0,0,0,1,0,0
1523,2,0,0,0,0,0,0,0,1,0
4263,8,1,0,0,0,0,0,0,0,0
244,1,0,0,1,0,0,0,0,0,0
1142,8,1,0,0,0,0,0,0,0,0
48,1,0,0,1,0,0,0,0,0,0
880,4,0,0,0,1,0,0,0,0,0
3347,7,0,0,0,0,1,0,0,0,0
4381,9,0,0,0,0,0,0,0,0,1
4122,8,1,0,0,0,0,0,0,0,0
1943,3,0,0,0,0,0,0,1,0,0
3261,6,0,1,0,0,0,0,0,0,0
2821,6,0,1,0,0,0,0,0,0,0
3992,8,1,0,0,0,0,0,0,0,0
4508,9,0,0,0,0,0,0,0,0,1
4174,8,1,0,0,0,0,0,0,0,0
2557,5,0,0,0,0,0,1,0,0,0
3816,8,1,0,0,0,0,0,0,0,0
3215,6,0,1,0,0,0,0,0,0,0
2094,4,0,0,0,1,0,0,0,0,0
1590,3,0,0,0,0,0,0,1,0,0
3772,7,0,0,0,0,1,0,0,0,0
4487,9,0,0,0,0,0,0,0,0,1
4496,9,0,0,0,0,0,0,0,0,1
3496,7,0,0,0,0,1,0,0,0,0
4313,9,0,0,0,0,0,0,0,0,1
4040,8,1,0,0,0,0,0,0,0,0
571,2,0,0,0,0,0,0,0,1,0
2611,5,0,0,0,0,0,1,0,0,0
4739,9,0,0,0,0,0,0,0,0,1
2890,6,0,1,0,0,0,0,0,0,0
843,4,0,0,0,1,0,0,0,0,0
4489,9,0,0,0,0,0,0,0,0,1
549,2,0,0,0,0,0,0,0,1,0
3636,7,0,0,0,0,1,0,0,0,0
3076,6,0,1,0,0,0,0,0,0,0
3047,6,0,1,0,0,0,0,0,0,0
1088,6,0,1,0,0,0,0,0,0,0
3023,6,0,1,0,0,0,0,0,0,0
2288,4,0,0,0,1,0,0,0,0,0
3882,8,1,0,0,0,0,0,0,0,0
1302,2,0,0,0,0,0,0,0,1,0
924,4,0,0,0,1,0,0,0,0,0
1029,5,0,0,0,0,0,1,0,0,0
1153,8,1,0,0,0,0,0,0,0,0
1024,5,0,0,0,0,0,1,0,0,0
3523,7,0,0,0,0,1,0,0,0,0
201,1,0,0,1,0,0,0,0,0,0
1232,2,0,0,0,0,0,0,0,1,0
1130,8,1,0,0,0,0,0,0,0,0
1403,2,0,0,0,0,0,0,0,1,0
1990,4,0,0,0,1,0,0,0,0,0
648,2,0,0,0,0,0,0,0,1,0
2962,6,0,1,0,0,0,0,0,0,0
3269,6,0,1,0,0,0,0,0,0,0
4762,9,0,0,0,0,0,0,0,0,1
950,4,0,0,0,1,0,0,0,0,0
3224,6,0,1,0,0,0,0,0,0,0
2749,5,0,0,0,0,0,1,0,0,0
2416,5,0,0,0,0,0,1,0,0,0
3669,7,0,0,0,0,1,0,0,0,0
4222,8,1,0,0,0,0,0,0,0,0
3800,7,0,0,0,0,1,0,0,0,0
4769,9,0,0,0,0,0,0,0,0,1
293,1,0,0,1,0,0,0,0,0,0
2132,4,0,0,0,1,0,0,0,0,0
2965,6,0,1,0,0,0,0,0,0,0
4356,9,0,0,0,0,0,0,0,0,1
214,1,0,0,1,0,0,0,0,0,0
1017,5,0,0,0,0,0,1,0,0,0
4264,8,1,0,0,0,0,0,0,0,0
861,4,0,0,0,1,0,0,0,0,0
899,4,0,0,0,1,0,0,0,0,0
2108,4,0,0,0,1,0,0,0,0,0
2221,4,0,0,0,1,0,0,0,0,0
2140,4,0,0,0,1,0,0,0,0,0
2470,5,0,0,0,0,0,1,0,0,0
878,4,0,0,0,1,0,0,0,0,0
2120,4,0,0,0,1,0,0,0,0,0
740,3,0,0,0,0,0,0,1,0,0
3063,6,0,1,0,0,0,0,0,0,0
624,2,0,0,0,0,0,0,0,1,0
1862,3,0,0,0,0,0,0,1,0,0
1086,6,0,1,0,0,0,0,0,0,0
4540,9,0,0,0,0,0,0,0,0,1
2419,5,0,0,0,0,0,1,0,0,0
40,1,0,0,1,0,0,0,0,0,0
2547,5,0,0,0,0,0,1,0,0,0
2723,5,0,0,0,0,0,1,0,0,0
1511,2,0,0,0,0,0,0,0,1,0
164,1,0,0,1,0,0,0,0,0,0
2559,5,0,0,0,0,0,1,0,0,0
3727,7,0,0,0,0,1,0,0,0,0
3343,7,0,0,0,0,1,0,0,0,0
4358,9,0,0,0,0,0,0,0,0,1
2896,6,0,1,0,0,0,0,0,0,0
3654,7,0,0,0,0,1,0,0,0,0
3649,7,0,0,0,0,1,0,0,0,0
1113,7,0,0,0,0,1,0,0,0,0
929,4,0,0,0,1,0,0,0,0,0
3745,7,0,0,0,0,1,0,0,0,0
3540,7,0,0,0,0,1,0,0,0,0
1978,4,0,0,0,1,0,0,0,0,0
2078,4,0,0,0,1,0,0,0,0,0
3618,7,0,0,0,0,1,0,0,0,0
2954,6,0,1,0,0,0,0,0,0,0
1073,6,0,1,0,0,0,0,0,0,0
1215,2,0,0,0,0,0,0,0,1,0
2805,6,0,1,0,0,0,0,0,0,0
1462,2,0,0,0,0,0,0,0,1,0
374,1,0,0,1,0,0,0,0,0,0
3199,6,0,1,0,0,0,0,0,0,0
2758,5,0,0,0,0,0,1,0,0,0
3657,7,0,0,0,0,1,0,0,0,0
3665,7,0,0,0,0,1,0,0,0,0
4276,8,1,0,0,0,0,0,0,0,0
2409,5,0,0,0,0,0,1,0,0,0
2485,5,0,0,0,0,0,1,0,0,0
3356,7,0,0,0,0,1,0,0,0,0
391,1,0,0,1,0,0,0,0,0,0
3164,6,0,1,0,0,0,0,0,0,0
1888,3,0,0,0,0,0,0,1,0,0
2859,6,0,1,0,0,0,0,0,0,0
3056,6,0,1,0,0,0,0,0,0,0
3730,7,0,0,0,0,1,0,0,0,0
854,4,0,0,0,1,0,0,0,0,0
3482,7,0,0,0,0,1,0,0,0,0
3448,7,0,0,0,0,1,0,0,0,0
2709,5,0,0,0,0,0,1,0,0,0
341,1,0,0,1,0,0,0,0,0,0
3085,6,0,1,0,0,0,0,0,0,0
4603,9,0,0,0,0,0,0,0,0,1
4543,9,0,0,0,0,0,0,0,0,1
2325,4,0,0,0,1,0,0,0,0,0
711,3,0,0,0,0,0,0,1,0,0
3960,8,1,0,0,0,0,0,0,0,0
1050,5,0,0,0,0,0,1,0,0,0
557,2,0,0,0,0,0,0,0,1,0
4252,8,1,0,0,0,0,0,0,0,0
3019,6,0,1,0,0,0,0,0,0,0
958,4,0,0,0,1,0,0,0,0,0
701,3,0,0,0,0,0,0,1,0,0
3479,7,0,0,0,0,1,0,0,0,0
3787,7,0,0,0,0,1,0,0,0,0
462,1,0,0,1,0,0,0,0,0,0
4812,9,0,0,0,0,0,0,0,0,1
4566,9,0,0,0,0,0,0,0,0,1
4289,8,1,0,0,0,0,0,0,0,0
3313,7,0,0,0,0,1,0,0,0,0
2197,4,0,0,0,1,0,0,0,0,0
1818,3,0,0,0,0,0,0,1,0,0
3190,6,0,1,0,0,0,0,0,0,0
2521,5,0,0,0,0,0,1,0,0,0
2054,4,0,0,0,1,0,0,0,0,0
3432,7,0,0,0,0,1,0,0,0,0
3103,6,0,1,0,0,0,0,0,0,0
2987,6,0,1,0,0,0,0,0,0,0
4363,9,0,0,0,0,0,0,0,0,1
73,1,0,0,1,0,0,0,0,0,0
4049,8,1,0,0,0,0,0,0,0,0
2191,4,0,0,0,1,0,0,0,0,0
920,4,0,0,0,1,0,0,0,0,0
1484,2,0,0,0,0,0,0,0,1,0
4641,9,0,0,0,0,0,0,0,0,1
1414,2,0,0,0,0,0,0,0,1,0
1121,7,0,0,0,0,1,0,0,0,0
4321,9,0,0,0,0,0,0,0,0,1
3958,8,1,0,0,0,0,0,0,0,0
1804,3,0,0,0,0,0,0,1,0,0
398,1,0,0,1,0,0,0,0,0,0
603,2,0,0,0,0,0,0,0,1,0
3969,8,1,0,0,0,0,0,0,0,0
2533,5,0,0,0,0,0,1,0,0,0
2207,4,0,0,0,1,0,0,0,0,0
3208,6,0,1,0,0,0,0,0,0,0
468,1,0,0,1,0,0,0,0,0,0
3584,7,0,0,0,0,1,0,0,0,0
4266,8,1,0,0,0,0,0,0,0,0
2051,4,0,0,0,1,0,0,0,0,0
2067,4,0,0,0,1,0,0,0,0,0
741,3,0,0,0,0,0,0,1,0,0
3416,7,0,0,0,0,1,0,0,0,0
2402,5,0,0,0,0,0,1,0,0,0
4302,8,1,0,0,0,0,0,0,0,0
2501,5,0,0,0,0,0,1,0,0,0
3769,7,0,0,0,0,1,0,0,0,0
365,1,0,0,1,0,0,0,0,0,0
4672,9,0,0,0,0,0,0,0,0,1
4229,8,1,0,0,0,0,0,0,0,0
267,1,0,0,1,0,0,0,0,0,0
822,4,0,0,0,1,0,0,0,0,0
119,1,0,0,1,0,0,0,0,0,0
3537,7,0,0,0,0,1,0,0,0,0
2730,5,0,0,0,0,0,1,0,0,0
2762,5,0,0,0,0,0,1,0,0,0
1357,2,0,0,0,0,0,0,0,1,0
2104,4,0,0,0,1,0,0,0,0,0
2696,5,0,0,0,0,0,1,0,0,0
4502,9,0,0,0,0,0,0,0,0,1
4412,9,0,0,0,0,0,0,0,0,1
2985,6,0,1,0,0,0,0,0,0,0
3632,7,0,0,0,0,1,0,0,0,0
1809,3,0,0,0,0,0,0,1,0,0
123,1,0,0,1,0,0,0,0,0,0
4042,8,1,0,0,0,0,0,0,0,0
4613,9,0,0,0,0,0,0,0,0,1
2255,4,0,0,0,1,0,0,0,0,0
830,4,0,0,0,1,0,0,0,0,0
3404,7,0,0,0,0,1,0,0,0,0
2787,5,0,0,0,0,0,1,0,0,0
2619,5,0,0,0,0,0,1,0,0,0
2375,5,0,0,0,0,0,1,0,0,0
847,4,0,0,0,1,0,0,0,0,0
3996,8,1,0,0,0,0,0,0,0,0
3932,8,1,0,0,0,0,0,0,0,0
3878,8,1,0,0,0,0,0,0,0,0
644,2,0,0,0,0,0,0,0,1,0
113,1,0,0,1,0,0,0,0,0,0
592,2,0,0,0,0,0,0,0,1,0
1149,8,1,0,0,0,0,0,0,0,0
4082,8,1,0,0,0,0,0,0,0,0
540,2,0,0,0,0,0,0,0,1,0
3239,6,0,1,0,0,0,0,0,0,0
4461,9,0,0,0,0,0,0,0,0,1
3710,7,0,0,0,0,1,0,0,0,0
2145,4,0,0,0,1,0,0,0,0,0
1180,2,0,0,0,0,0,0,0,1,0
326,1,0,0,1,0,0,0,0,0,0
3382,7,0,0,0,0,1,0,0,0,0
2737,5,0,0,0,0,0,1,0,0,0
439,1,0,0,1,0,0,0,0,0,0
2844,6,0,1,0,0,0,0,0,0,0
170,1,0,0,1,0,0,0,0,0,0
1537,2,0,0,0,0,0,0,0,1,0
1404,2,0,0,0,0,0,0,0,1,0
2934,6,0,1,0,0,0,0,0,0,0
1569,3,0,0,0,0,0,0,1,0,0
1831,3,0,0,0,0,0,0,1,0,0
1538,2,0,0,0,0,0,0,0,1,0
2542,5,0,0,0,0,0,1,0,0,0
4611,9,0,0,0,0,0,0,0,0,1
3346,7,0,0,0,0,1,0,0,0,0
1887,3,0,0,0,0,0,0,1,0,0
4259,8,1,0,0,0,0,0,0,0,0
1083,6,0,1,0,0,0,0,0,0,0
1912,3,0,0,0,0,0,0,1,0,0
1134,8,1,0,0,0,0,0,0,0,0
248,1,0,0,1,0,0,0,0,0,0
1909,3,0,0,0,0,0,0,1,0,0
4195,8,1,0,0,0,0,0,0,0,0
3030,6,0,1,0,0,0,0,0,0,0
1901,3,0,0,0,0,0,0,1,0,0
1582,3,0,0,0,0,0,0,1,0,0
1471,2,0,0,0,0,0,0,0,1,0
922,4,0,0,0,1,0,0,0,0,0
625,2,0,0,0,0,0,0,0,1,0
4580,9,0,0,0,0,0,0,0,0,1
2593,5,0,0,0,0,0,1,0,0,0
3888,8,1,0,0,0,0,0,0,0,0
1117,7,0,0,0,0,1,0,0,0,0
1391,2,0,0,0,0,0,0,0,1,0
354,1,0,0,1,0,0,0,0,0,0
2952,6,0,1,0,0,0,0,0,0,0
928,4,0,0,0,1,0,0,0,0,0
2856,6,0,1,0,0,0,0,0,0,0
2378,5,0,0,0,0,0,1,0,0,0
4597,9,0,0,0,0,0,0,0,0,1
51,1,0,0,1,0,0,0,0,0,0
2129,4,0,0,0,1,0,0,0,0,0
3948,8,1,0,0,0,0,0,0,0,0
3102,6,0,1,0,0,0,0,0,0,0
2989,6,0,1,0,0,0,0,0,0,0
3545,7,0,0,0,0,1,0,0,0,0
2187,4,0,0,0,1,0,0,0,0,0
4703,9,0,0,0,0,0,0,0,0,1
825,4,0,0,0,1,0,0,0,0,0
4137,8,1,0,0,0,0,0,0,0,0
4419,9,0,0,0,0,0,0,0,0,1
4759,9,0,0,0,0,0,0,0,0,1
4824,9,0,0,0,0,0,0,0,0,1
1348,2,0,0,0,0,0,0,0,1,0
3616,7,0,0,0,0,1,0,0,0,0
3012,6,0,1,0,0,0,0,0,0,0
2755,5,0,0,0,0,0,1,0,0,0
165,1,0,0,1,0,0,0,0,0,0
1506,2,0,0,0,0,0,0,0,1,0
684,2,0,0,0,0,0,0,0,1,0
4468,9,0,0,0,0,0,0,0,0,1
4249,8,1,0,0,0,0,0,0,0,0
287,1,0,0,1,0,0,0,0,0,0
3635,7,0,0,0,0,1,0,0,0,0
2579,5,0,0,0,0,0,1,0,0,0
3530,7,0,0,0,0,1,0,0,0,0
335,1,0,0,1,0,0,0,0,0,0
2701,5,0,0,0,0,0,1,0,0,0
2475,5,0,0,0,0,0,1,0,0,0
4329,9,0,0,0,0,0,0,0,0,1
2731,5,0,0,0,0,0,1,0,0,0
2233,4,0,0,0,1,0,0,0,0,0
2019,4,0,0,0,1,0,0,0,0,0
954,4,0,0,0,1,0,0,0,0,0
4632,9,0,0,0,0,0,0,0,0,1
298,1,0,0,1,0,0,0,0,0,0
4501,9,0,0,0,0,0,0,0,0,1
932,4,0,0,0,1,0,0,0,0,0
2150,4,0,0,0,1,0,0,0,0,0
2114,4,0,0,0,1,0,0,0,0,0
4469,9,0,0,0,0,0,0,0,0,1
3113,6,0,1,0,0,0,0,0,0,0
1542,2,0,0,0,0,0,0,0,1,0
555,2,0,0,0,0,0,0,0,1,0
2980,6,0,1,0,0,0,0,0,0,0
2677,5,0,0,0,0,0,1,0,0,0
3204,6,0,1,0,0,0,0,0,0,0
4529,9,0,0,0,0,0,0,0,0,1
4425,9,0,0,0,0,0,0,0,0,1
1097,6,0,1,0,0,0,0,0,0,0
3290,6,0,1,0,0,0,0,0,0,0
3486,7,0,0,0,0,1,0,0,0,0
3983,8,1,0,0,0,0,0,0,0,0
372,1,0,0,1,0,0,0,0,0,0
516,1,0,0,1,0,0,0,0,0,0
4513,9,0,0,0,0,0,0,0,0,1
2089,4,0,0,0,1,0,0,0,0,0
816,4,0,0,0,1,0,0,0,0,0
1114,7,0,0,0,0,1,0,0,0,0
268,1,0,0,1,0,0,0,0,0,0
2035,4,0,0,0,1,0,0,0,0,0
3333,7,0,0,0,0,1,0,0,0,0
212,1,0,0,1,0,0,0,0,0,0
2912,6,0,1,0,0,0,0,0,0,0
3813,8,1,0,0,0,0,0,0,0,0
2586,5,0,0,0,0,0,1,0,0,0
3780,7,0,0,0,0,1,0,0,0,0
3466,7,0,0,0,0,1,0,0,0,0
4539,9,0,0,0,0,0,0,0,0,1
389,1,0,0,1,0,0,0,0,0,0
2052,4,0,0,0,1,0,0,0,0,0
2753,5,0,0,0,0,0,1,0,0,0
4135,8,1,0,0,0,0,0,0,0,0
3009,6,0,1,0,0,0,0,0,0,0
3707,7,0,0,0,0,1,0,0,0,0
1997,4,0,0,0,1,0,0,0,0,0
3701,7,0,0,0,0,1,0,0,0,0
4041,8,1,0,0,0,0,0,0,0,0
1687,3,0,0,0,0,0,0,1,0,0
725,3,0,0,0,0,0,0,1,0,0
4089,8,1,0,0,0,0,0,0,0,0
4147,8,1,0,0,0,0,0,0,0,0
2450,5,0,0,0,0,0,1,0,0,0
4057,8,1,0,0,0,0,0,0,0,0
1699,3,0,0,0,0,0,0,1,0,0
1737,3,0,0,0,0,0,0,1,0,0
1334,2,0,0,0,0,0,0,0,1,0
1896,3,0,0,0,0,0,0,1,0,0
3771,7,0,0,0,0,1,0,0,0,0
657,2,0,0,0,0,0,0,0,1,0
692,2,0,0,0,0,0,0,0,1,0
3240,6,0,1,0,0,0,0,0,0,0
670,2,0,0,0,0,0,0,0,1,0
2512,5,0,0,0,0,0,1,0,0,0
2842,6,0,1,0,0,0,0,0,0,0
630,2,0,0,0,0,0,0,0,1,0
4517,9,0,0,0,0,0,0,0,0,1
4292,8,1,0,0,0,0,0,0,0,0
2728,5,0,0,0,0,0,1,0,0,0
286,1,0,0,1,0,0,0,0,0,0
4175,8,1,0,0,0,0,0,0,0,0
102,1,0,0,1,0,0,0,0,0,0
2046,4,0,0,0,1,0,0,0,0,0
3420,7,0,0,0,0,1,0,0,0,0
1036,5,0,0,0,0,0,1,0,0,0
256,1,0,0,1,0,0,0,0,0,0
2218,4,0,0,0,1,0,0,0,0,0
458,1,0,0,1,0,0,0,0,0,0
1401,2,0,0,0,0,0,0,0,1,0
2394,5,0,0,0,0,0,1,0,0,0
906,4,0,0,0,1,0,0,0,0,0
240,1,0,0,1,0,0,0,0,0,0
885,4,0,0,0,1,0,0,0,0,0
747,3,0,0,0,0,0,0,1,0,0
2850,6,0,1,0,0,0,0,0,0,0
3885,8,1,0,0,0,0,0,0,0,0
2157,4,0,0,0,1,0,0,0,0,0
2458,5,0,0,0,0,0,1,0,0,0
137,1,0,0,1,0,0,0,0,0,0
1584,3,0,0,0,0,0,0,1,0,0
860,4,0,0,0,1,0,0,0,0,0
1309,2,0,0,0,0,0,0,0,1,0
1177,2,0,0,0,0,0,0,0,1,0
193,1,0,0,1,0,0,0,0,0,0
2227,4,0,0,0,1,0,0,0,0,0
2479,5,0,0,0,0,0,1,0,0,0
64,1,0,0,1,0,0,0,0,0,0
4373,9,0,0,0,0,0,0,0,0,1
4722,9,0,0,0,0,0,0,0,0,1
4220,8,1,0,0,0,0,0,0,0,0
111,1,0,0,1,0,0,0,0,0,0
3160,6,0,1,0,0,0,0,0,0,0
4711,9,0,0,0,0,0,0,0,0,1
1836,3,0,0,0,0,0,0,1,0,0
3736,7,0,0,0,0,1,0,0,0,0
1140,8,1,0,0,0,0,0,0,0,0
3775,7,0,0,0,0,1,0,0,0,0
1431,2,0,0,0,0,0,0,0,1,0
3688,7,0,0,0,0,1,0,0,0,0
4123,8,1,0,0,0,0,0,0,0,0
2710,5,0,0,0,0,0,1,0,0,0
2041,4,0,0,0,1,0,0,0,0,0
3314,7,0,0,0,0,1,0,0,0,0
2289,4,0,0,0,1,0,0,0,0,0
2776,5,0,0,0,0,0,1,0,0,0
4366,9,0,0,0,0,0,0,0,0,1
1729,3,0,0,0,0,0,0,1,0,0
2518,5,0,0,0,0,0,1,0,0,0
2355,5,0,0,0,0,0,1,0,0,0
4437,9,0,0,0,0,0,0,0,0,1
204,1,0,0,1,0,0,0,0,0,0
2613,5,0,0,0,0,0,1,0,0,0
3638,7,0,0,0,0,1,0,0,0,0
700,3,0,0,0,0,0,0,1,0,0
3481,7,0,0,0,0,1,0,0,0,0
3381,7,0,0,0,0,1,0,0,0,0
3351,7,0,0,0,0,1,0,0,0,0
143,1,0,0,1,0,0,0,0,0,0
281,1,0,0,1,0,0,0,0,0,0
2722,5,0,0,0,0,0,1,0,0,0
89,1,0,0,1,0,0,0,0,0,0
4260,8,1,0,0,0,0,0,0,0,0
3436,7,0,0,0,0,1,0,0,0,0
3081,6,0,1,0,0,0,0,0,0,0
1503,2,0,0,0,0,0,0,0,1,0
4423,9,0,0,0,0,0,0,0,0,1
1744,3,0,0,0,0,0,0,1,0,0
2022,4,0,0,0,1,0,0,0,0,0
4288,8,1,0,0,0,0,0,0,0,0
447,1,0,0,1,0,0,0,0,0,0
4087,8,1,0,0,0,0,0,0,0,0
4262,8,1,0,0,0,0,0,0,0,0
1045,5,0,0,0,0,0,1,0,0,0
1786,3,0,0,0,0,0,0,1,0,0
1703,3,0,0,0,0,0,0,1,0,0
3157,6,0,1,0,0,0,0,0,0,0
2840,6,0,1,0,0,0,0,0,0,0
454,1,0,0,1,0,0,0,0,0,0
1798,3,0,0,0,0,0,0,1,0,0
2435,5,0,0,0,0,0,1,0,0,0
988,5,0,0,0,0,0,1,0,0,0
49,1,0,0,1,0,0,0,0,0,0
2861,6,0,1,0,0,0,0,0,0,0
4028,8,1,0,0,0,0,0,0,0,0
671,2,0,0,0,0,0,0,0,1,0
1492,2,0,0,0,0,0,0,0,1,0
4072,8,1,0,0,0,0,0,0,0,0
3513,7,0,0,0,0,1,0,0,0,0
2942,6,0,1,0,0,0,0,0,0,0
3262,6,0,1,0,0,0,0,0,0,0
2173,4,0,0,0,1,0,0,0,0,0
1442,2,0,0,0,0,0,0,0,1,0
651,2,0,0,0,0,0,0,0,1,0
3197,6,0,1,0,0,0,0,0,0,0
4736,9,0,0,0,0,0,0,0,0,1
755,3,0,0,0,0,0,0,1,0,0
4686,9,0,0,0,0,0,0,0,0,1
2759,5,0,0,0,0,0,1,0,0,0
364,1,0,0,1,0,0,0,0,0,0
2484,5,0,0,0,0,0,1,0,0,0
1417,2,0,0,0,0,0,0,0,1,0
586,2,0,0,0,0,0,0,0,1,0
3894,8,1,0,0,0,0,0,0,0,0
1382,2,0,0,0,0,0,0,0,1,0
1085,6,0,1,0,0,0,0,0,0,0
1545,2,0,0,0,0,0,0,0,1,0
1037,5,0,0,0,0,0,1,0,0,0
1674,3,0,0,0,0,0,0,1,0,0
4251,8,1,0,0,0,0,0,0,0,0
3134,6,0,1,0,0,0,0,0,0,0
3118,6,0,1,0,0,0,0,0,0,0
101,1,0,0,1,0,0,0,0,0,0
3064,6,0,1,0,0,0,0,0,0,0
2346,4,0,0,0,1,0,0,0,0,0
2020,4,0,0,0,1,0,0,0,0,0
199,1,0,0,1,0,0,0,0,0,0
2885,6,0,1,0,0,0,0,0,0,0
3121,6,0,1,0,0,0,0,0,0,0
227,1,0,0,1,0,0,0,0,0,0
4317,9,0,0,0,0,0,0,0,0,1
1608,3,0,0,0,0,0,0,1,0,0
479,1,0,0,1,0,0,0,0,0,0
4742,9,0,0,0,0,0,0,0,0,1
2650,5,0,0,0,0,0,1,0,0,0
265,1,0,0,1,0,0,0,0,0,0
4430,9,0,0,0,0,0,0,0,0,1
2444,5,0,0,0,0,0,1,0,0,0
4397,9,0,0,0,0,0,0,0,0,1
4451,9,0,0,0,0,0,0,0,0,1
2540,5,0,0,0,0,0,1,0,0,0
330,1,0,0,1,0,0,0,0,0,0
2315,4,0,0,0,1,0,0,0,0,0
1306,2,0,0,0,0,0,0,0,1,0
573,2,0,0,0,0,0,0,0,1,0
2097,4,0,0,0,1,0,0,0,0,0
4718,9,0,0,0,0,0,0,0,0,1
2112,4,0,0,0,1,0,0,0,0,0
3864,8,1,0,0,0,0,0,0,0,0
3549,7,0,0,0,0,1,0,0,0,0
2088,4,0,0,0,1,0,0,0,0,0
2013,4,0,0,0,1,0,0,0,0,0
943,4,0,0,0,1,0,0,0,0,0
1688,3,0,0,0,0,0,0,1,0,0
2793,5,0,0,0,0,0,1,0,0,0
1242,2,0,0,0,0,0,0,0,1,0
2014,4,0,0,0,1,0,0,0,0,0
9,1,0,0,1,0,0,0,0,0,0
4409,9,0,0,0,0,0,0,0,0,1
566,2,0,0,0,0,0,0,0,1,0
2056,4,0,0,0,1,0,0,0,0,0
380,1,0,0,1,0,0,0,0,0,0
1541,2,0,0,0,0,0,0,0,1,0
2136,4,0,0,0,1,0,0,0,0,0
3376,7,0,0,0,0,1,0,0,0,0
1885,3,0,0,0,0,0,0,1,0,0
2117,4,0,0,0,1,0,0,0,0,0
873,4,0,0,0,1,0,0,0,0,0
3264,6,0,1,0,0,0,0,0,0,0
4062,8,1,0,0,0,0,0,0,0,0
623,2,0,0,0,0,0,0,0,1,0
1566,3,0,0,0,0,0,0,1,0,0
2589,5,0,0,0,0,0,1,0,0,0
3086,6,0,1,0,0,0,0,0,0,0
181,1,0,0,1,0,0,0,0,0,0
1895,3,0,0,0,0,0,0,1,0,0
1383,2,0,0,0,0,0,0,0,1,0
1556,3,0,0,0,0,0,0,1,0,0
420,1,0,0,1,0,0,0,0,0,0
3226,6,0,1,0,0,0,0,0,0,0
1908,3,0,0,0,0,0,0,1,0,0
4171,8,1,0,0,0,0,0,0,0,0
47,1,0,0,1,0,0,0,0,0,0
1154,8,1,0,0,0,0,0,0,0,0
1005,5,0,0,0,0,0,1,0,0,0
2814,6,0,1,0,0,0,0,0,0,0
666,2,0,0,0,0,0,0,0,1,0
1861,3,0,0,0,0,0,0,1,0,0
1961,3,0,0,0,0,0,0,1,0,0
4654,9,0,0,0,0,0,0,0,0,1
1125,7,0,0,0,0,1,0,0,0,0
3917,8,1,0,0,0,0,0,0,0,0
1389,2,0,0,0,0,0,0,0,1,0
2509,5,0,0,0,0,0,1,0,0,0
2760,5,0,0,0,0,0,1,0,0,0
2202,4,0,0,0,1,0,0,0,0,0
4770,9,0,0,0,0,0,0,0,0,1
3440,7,0,0,0,0,1,0,0,0,0
2228,4,0,0,0,1,0,0,0,0,0
253,1,0,0,1,0,0,0,0,0,0
4053,8,1,0,0,0,0,0,0,0,0
261,1,0,0,1,0,0,0,0,0,0
2838,6,0,1,0,0,0,0,0,0,0
559,2,0,0,0,0,0,0,0,1,0
3032,6,0,1,0,0,0,0,0,0,0
216,1,0,0,1,0,0,0,0,0,0
3662,7,0,0,0,0,1,0,0,0,0
1164,9,0,0,0,0,0,0,0,0,1
2017,4,0,0,0,1,0,0,0,0,0
527,1,0,0,1,0,0,0,0,0,0
872,4,0,0,0,1,0,0,0,0,0
3515,7,0,0,0,0,1,0,0,0,0
1478,2,0,0,0,0,0,0,0,1,0
4778,9,0,0,0,0,0,0,0,0,1
3008,6,0,1,0,0,0,0,0,0,0
1261,2,0,0,0,0,0,0,0,1,0
67,1,0,0,1,0,0,0,0,0,0
3683,7,0,0,0,0,1,0,0,0,0
546,2,0,0,0,0,0,0,0,1,0
3001,6,0,1,0,0,0,0,0,0,0
1704,3,0,0,0,0,0,0,1,0,0
4338,9,0,0,0,0,0,0,0,0,1
1829,3,0,0,0,0,0,0,1,0,0
4670,9,0,0,0,0,0,0,0,0,1
1495,2,0,0,0,0,0,0,0,1,0
697,3,0,0,0,0,0,0,1,0,0
3409,7,0,0,0,0,1,0,0,0,0
4777,9,0,0,0,0,0,0,0,0,1
842,4,0,0,0,1,0,0,0,0,0
4541,9,0,0,0,0,0,0,0,0,1
3696,7,0,0,0,0,1,0,0,0,0
3832,8,1,0,0,0,0,0,0,0,0
3591,7,0,0,0,0,1,0,0,0,0
3140,6,0,1,0,0,0,0,0,0,0
96,1,0,0,1,0,0,0,0,0,0
3039,6,0,1,0,0,0,0,0,0,0
3721,7,0,0,0,0,1,0,0,0,0
1151,8,1,0,0,0,0,0,0,0,0
3870,8,1,0,0,0,0,0,0,0,0
3819,8,1,0,0,0,0,0,0,0,0
1897,3,0,0,0,0,0,0,1,0,0
1715,3,0,0,0,0,0,0,1,0,0
3217,6,0,1,0,0,0,0,0,0,0
968,5,0,0,0,0,0,1,0,0,0
3069,6,0,1,0,0,0,0,0,0,0
4186,8,1,0,0,0,0,0,0,0,0
347,1,0,0,1,0,0,0,0,0,0
4118,8,1,0,0,0,0,0,0,0,0
1119,7,0,0,0,0,1,0,0,0,0
1695,3,0,0,0,0,0,0,1,0,0
4151,8,1,0,0,0,0,0,0,0,0
4210,8,1,0,0,0,0,0,0,0,0
3742,7,0,0,0,0,1,0,0,0,0
4012,8,1,0,0,0,0,0,0,0,0
1591,3,0,0,0,0,0,0,1,0,0
2356,5,0,0,0,0,0,1,0,0,0
1612,3,0,0,0,0,0,0,1,0,0
2678,5,0,0,0,0,0,1,0,0,0
11,1,0,0,1,0,0,0,0,0,0
1133,8,1,0,0,0,0,0,0,0,0
45,1,0,0,1,0,0,0,0,0,0
2644,5,0,0,0,0,0,1,0,0,0
4194,8,1,0,0,0,0,0,0,0,0
1430,2,0,0,0,0,0,0,0,1,0
2648,5,0,0,0,0,0,1,0,0,0
3417,7,0,0,0,0,1,0,0,0,0
3824,8,1,0,0,0,0,0,0,0,0
1477,2,0,0,0,0,0,0,0,1,0
1799,3,0,0,0,0,0,0,1,0,0
4244,8,1,0,0,0,0,0,0,0,0
2332,4,0,0,0,1,0,0,0,0,0
1387,2,0,0,0,0,0,0,0,1,0
4475,9,0,0,0,0,0,0,0,0,1
992,5,0,0,0,0,0,1,0,0,0
3246,6,0,1,0,0,0,0,0,0,0
2034,4,0,0,0,1,0,0,0,0,0
1665,3,0,0,0,0,0,0,1,0,0
2864,6,0,1,0,0,0,0,0,0,0
1586,3,0,0,0,0,0,0,1,0,0
2066,4,0,0,0,1,0,0,0,0,0
639,2,0,0,0,0,0,0,0,1,0
2098,4,0,0,0,1,0,0,0,0,0
161,1,0,0,1,0,0,0,0,0,0
4247,8,1,0,0,0,0,0,0,0,0
4303,8,1,0,0,0,0,0,0,0,0
2949,6,0,1,0,0,0,0,0,0,0
4270,8,1,0,0,0,0,0,0,0,0
3690,7,0,0,0,0,1,0,0,0,0
2627,5,0,0,0,0,0,1,0,0,0
2212,4,0,0,0,1,0,0,0,0,0
188,1,0,0,1,0,0,0,0,0,0
482,1,0,0,1,0,0,0,0,0,0
3025,6,0,1,0,0,0,0,0,0,0
4009,8,1,0,0,0,0,0,0,0,0
1976,3,0,0,0,0,0,0,1,0,0
307,1,0,0,1,0,0,0,0,0,0
4349,9,0,0,0,0,0,0,0,0,1
2194,4,0,0,0,1,0,0,0,0,0
2021,4,0,0,0,1,0,0,0,0,0
581,2,0,0,0,0,0,0,0,1,0
1752,3,0,0,0,0,0,0,1,0,0
4139,8,1,0,0,0,0,0,0,0,0
1942,3,0,0,0,0,0,0,1,0,0
3371,7,0,0,0,0,1,0,0,0,0
4555,9,0,0,0,0,0,0,0,0,1
2532,5,0,0,0,0,0,1,0,0,0
4350,9,0,0,0,0,0,0,0,0,1
4671,9,0,0,0,0,0,0,0,0,1
4022,8,1,0,0,0,0,0,0,0,0
4657,9,0,0,0,0,0,0,0,0,1
1533,2,0,0,0,0,0,0,0,1,0
2428,5,0,0,0,0,0,1,0,0,0
2798,6,0,1,0,0,0,0,0,0,0
2018,4,0,0,0,1,0,0,0,0,0
169,1,0,0,1,0,0,0,0,0,0
2991,6,0,1,0,0,0,0,0,0,0
22,1,0,0,1,0,0,0,0,0,0
3475,7,0,0,0,0,1,0,0,0,0
1100,7,0,0,0,0,1,0,0,0,0
4071,8,1,0,0,0,0,0,0,0,0
4572,9,0,0,0,0,0,0,0,0,1
3834,8,1,0,0,0,0,0,0,0,0
3607,7,0,0,0,0,1,0,0,0,0
1981,4,0,0,0,1,0,0,0,0,0
395,1,0,0,1,0,0,0,0,0,0
2093,4,0,0,0,1,0,0,0,0,0
3318,7,0,0,0,0,1,0,0,0,0
767,3,0,0,0,0,0,0,1,0,0
2257,4,0,0,0,1,0,0,0,0,0
4767,9,0,0,0,0,0,0,0,0,1
285,1,0,0,1,0,0,0,0,0,0
246,1,0,0,1,0,0,0,0,0,0
2313,4,0,0,0,1,0,0,0,0,0
3421,7,0,0,0,0,1,0,0,0,0
1577,3,0,0,0,0,0,0,1,0,0
2534,5,0,0,0,0,0,1,0,0,0
142,1,0,0,1,0,0,0,0,0,0
507,1,0,0,1,0,0,0,0,0,0
172,1,0,0,1,0,0,0,0,0,0
86,1,0,0,1,0,0,0,0,0,0
1342,2,0,0,0,0,0,0,0,1,0
1620,3,0,0,0,0,0,0,1,0,0
306,1,0,0,1,0,0,0,0,0,0
390,1,0,0,1,0,0,0,0,0,0
3752,7,0,0,0,0,1,0,0,0,0
2573,5,0,0,0,0,0,1,0,0,0
4103,8,1,0,0,0,0,0,0,0,0
2570,5,0,0,0,0,0,1,0,0,0
761,3,0,0,0,0,0,0,1,0,0
1718,3,0,0,0,0,0,0,1,0,0
4387,9,0,0,0,0,0,0,0,0,1
1172,9,0,0,0,0,0,0,0,0,1
1914,3,0,0,0,0,0,0,1,0,0
1898,3,0,0,0,0,0,0,1,0,0
3617,7,0,0,0,0,1,0,0,0,0
738,3,0,0,0,0,0,0,1,0,0
4534,9,0,0,0,0,0,0,0,0,1
1870,3,0,0,0,0,0,0,1,0,0
2715,5,0,0,0,0,0,1,0,0,0
2126,4,0,0,0,1,0,0,0,0,0
3068,6,0,1,0,0,0,0,0,0,0
512,1,0,0,1,0,0,0,0,0,0
3087,6,0,1,0,0,0,0,0,0,0
1873,3,0,0,0,0,0,0,1,0,0
2663,5,0,0,0,0,0,1,0,0,0
2006,4,0,0,0,1,0,0,0,0,0
4138,8,1,0,0,0,0,0,0,0,0
3445,7,0,0,0,0,1,0,0,0,0
1143,8,1,0,0,0,0,0,0,0,0
3366,7,0,0,0,0,1,0,0,0,0
3597,7,0,0,0,0,1,0,0,0,0
3491,7,0,0,0,0,1,0,0,0,0
162,1,0,0,1,0,0,0,0,0,0
2310,4,0,0,0,1,0,0,0,0,0
3189,6,0,1,0,0,0,0,0,0,0
351,1,0,0,1,0,0,0,0,0,0
2986,6,0,1,0,0,0,0,0,0,0
178,1,0,0,1,0,0,0,0,0,0
319,1,0,0,1,0,0,0,0,0,0
4410,9,0,0,0,0,0,0,0,0,1
3980,8,1,0,0,0,0,0,0,0,0
3360,7,0,0,0,0,1,0,0,0,0
4791,9,0,0,0,0,0,0,0,0,1
1633,3,0,0,0,0,0,0,1,0,0
3962,8,1,0,0,0,0,0,0,0,0
1743,3,0,0,0,0,0,0,1,0,0
2916,6,0,1,0,0,0,0,0,0,0
303,1,0,0,1,0,0,0,0,0,0
1375,2,0,0,0,0,0,0,0,1,0
3470,7,0,0,0,0,1,0,0,0,0
2205,4,0,0,0,1,0,0,0,0,0
993,5,0,0,0,0,0,1,0,0,0
2156,4,0,0,0,1,0,0,0,0,0
2270,4,0,0,0,1,0,0,0,0,0
1443,2,0,0,0,0,0,0,0,1,0
41,1,0,0,1,0,0,0,0,0,0
1778,3,0,0,0,0,0,0,1,0,0
2922,6,0,1,0,0,0,0,0,0,0
4055,8,1,0,0,0,0,0,0,0,0
1060,5,0,0,0,0,0,1,0,0,0
3400,7,0,0,0,0,1,0,0,0,0
4382,9,0,0,0,0,0,0,0,0,1
1856,3,0,0,0,0,0,0,1,0,0
3660,7,0,0,0,0,1,0,0,0,0
3176,6,0,1,0,0,0,0,0,0,0
1554,2,0,0,0,0,0,0,0,1,0
2638,5,0,0,0,0,0,1,0,0,0
608,2,0,0,0,0,0,0,0,1,0
868,4,0,0,0,1,0,0,0,0,0
1230,2,0,0,0,0,0,0,0,1,0
2913,6,0,1,0,0,0,0,0,0,0
2831,6,0,1,0,0,0,0,0,0,0
1702,3,0,0,0,0,0,0,1,0,0
1452,2,0,0,0,0,0,0,0,1,0
2565,5,0,0,0,0,0,1,0,0,0
200,1,0,0,1,0,0,0,0,0,0
1783,3,0,0,0,0,0,0,1,0,0
3097,6,0,1,0,0,0,0,0,0,0
3879,8,1,0,0,0,0,0,0,0,0
1393,2,0,0,0,0,0,0,0,1,0
431,1,0,0,1,0,0,0,0,0,0
1748,3,0,0,0,0,0,0,1,0,0
2025,4,0,0,0,1,0,0,0,0,0
3963,8,1,0,0,0,0,0,0,0,0
2160,4,0,0,0,1,0,0,0,0,0
2091,4,0,0,0,1,0,0,0,0,0
419,1,0,0,1,0,0,0,0,0,0
3712,7,0,0,0,0,1,0,0,0,0
1732,3,0,0,0,0,0,0,1,0,0
1449,2,0,0,0,0,0,0,0,1,0
1460,2,0,0,0,0,0,0,0,1,0
2265,4,0,0,0,1,0,0,0,0,0
471,1,0,0,1,0,0,0,0,0,0
210,1,0,0,1,0,0,0,0,0,0
1400,2,0,0,0,0,0,0,0,1,0
3784,7,0,0,0,0,1,0,0,0,0
4663,9,0,0,0,0,0,0,0,0,1
1770,3,0,0,0,0,0,0,1,0,0
4826,9,0,0,0,0,0,0,0,0,1
2423,5,0,0,0,0,0,1,0,0,0
464,1,0,0,1,0,0,0,0,0,0
78,1,0,0,1,0,0,0,0,0,0
1325,2,0,0,0,0,0,0,0,1,0
2468,5,0,0,0,0,0,1,0,0,0
3735,7,0,0,0,0,1,0,0,0,0
4320,9,0,0,0,0,0,0,0,0,1
1785,3,0,0,0,0,0,0,1,0,0
1003,5,0,0,0,0,0,1,0,0,0
1581,3,0,0,0,0,0,0,1,0,0
933,4,0,0,0,1,0,0,0,0,0
3758,7,0,0,0,0,1,0,0,0,0
4743,9,0,0,0,0,0,0,0,0,1
379,1,0,0,1,0,0,0,0,0,0
835,4,0,0,0,1,0,0,0,0,0
824,4,0,0,0,1,0,0,0,0,0
1018,5,0,0,0,0,0,1,0,0,0
4026,8,1,0,0,0,0,0,0,0,0
2971,6,0,1,0,0,0,0,0,0,0
4514,9,0,0,0,0,0,0,0,0,1
4416,9,0,0,0,0,0,0,0,0,1
4563,9,0,0,0,0,0,0,0,0,1
4105,8,1,0,0,0,0,0,0,0,0
202,1,0,0,1,0,0,0,0,0,0
2964,6,0,1,0,0,0,0,0,0,0
3552,7,0,0,0,0,1,0,0,0,0
3232,6,0,1,0,0,0,0,0,0,0
3292,6,0,1,0,0,0,0,0,0,0
3581,7,0,0,0,0,1,0,0,0,0
4573,9,0,0,0,0,0,0,0,0,1
4538,9,0,0,0,0,0,0,0,0,1
3395,7,0,0,0,0,1,0,0,0,0
4818,9,0,0,0,0,0,0,0,0,1
377,1,0,0,1,0,0,0,0,0,0
3901,8,1,0,0,0,0,0,0,0,0
1482,2,0,0,0,0,0,0,0,1,0
2243,4,0,0,0,1,0,0,0,0,0
88,1,0,0,1,0,0,0,0,0,0
948,4,0,0,0,1,0,0,0,0,0
1258,2,0,0,0,0,0,0,0,1,0
3277,6,0,1,0,0,0,0,0,0,0
2348,4,0,0,0,1,0,0,0,0,0
1935,3,0,0,0,0,0,0,1,0,0
717,3,0,0,0,0,0,0,1,0,0
2662,5,0,0,0,0,0,1,0,0,0
3167,6,0,1,0,0,0,0,0,0,0
611,2,0,0,0,0,0,0,0,1,0
4775,9,0,0,0,0,0,0,0,0,1
2418,5,0,0,0,0,0,1,0,0,0
1550,2,0,0,0,0,0,0,0,1,0
4678,9,0,0,0,0,0,0,0,0,1
4551,9,0,0,0,0,0,0,0,0,1
3865,8,1,0,0,0,0,0,0,0,0
1843,3,0,0,0,0,0,0,1,0,0
1001,5,0,0,0,0,0,1,0,0,0
3837,8,1,0,0,0,0,0,0,0,0
3267,6,0,1,0,0,0,0,0,0,0
4345,9,0,0,0,0,0,0,0,0,1
4298,8,1,0,0,0,0,0,0,0,0
2769,5,0,0,0,0,0,1,0,0,0
4701,9,0,0,0,0,0,0,0,0,1
3562,7,0,0,0,0,1,0,0,0,0
1561,3,0,0,0,0,0,0,1,0,0
1927,3,0,0,0,0,0,0,1,0,0
466,1,0,0,1,0,0,0,0,0,0
4422,9,0,0,0,0,0,0,0,0,1
1115,7,0,0,0,0,1,0,0,0,0
3893,8,1,0,0,0,0,0,0,0,0
3430,7,0,0,0,0,1,0,0,0,0
1124,7,0,0,0,0,1,0,0,0,0
2997,6,0,1,0,0,0,0,0,0,0
2505,5,0,0,0,0,0,1,0,0,0
976,5,0,0,0,0,0,1,0,0,0
2421,5,0,0,0,0,0,1,0,0,0
2862,6,0,1,0,0,0,0,0,0,0
92,1,0,0,1,0,0,0,0,0,0
4602,9,0,0,0,0,0,0,0,0,1
4255,8,1,0,0,0,0,0,0,0,0
3046,6,0,1,0,0,0,0,0,0,0
972,5,0,0,0,0,0,1,0,0,0
2311,4,0,0,0,1,0,0,0,0,0
3694,7,0,0,0,0,1,0,0,0,0
184,1,0,0,1,0,0,0,0,0,0
1880,3,0,0,0,0,0,0,1,0,0
944,4,0,0,0,1,0,0,0,0,0
554,2,0,0,0,0,0,0,0,1,0
677,2,0,0,0,0,0,0,0,1,0
4756,9,0,0,0,0,0,0,0,0,1
4343,9,0,0,0,0,0,0,0,0,1
921,4,0,0,0,1,0,0,0,0,0
4232,8,1,0,0,0,0,0,0,0,0
315,1,0,0,1,0,0,0,0,0,0
4384,9,0,0,0,0,0,0,0,0,1
4431,9,0,0,0,0,0,0,0,0,1
2585,5,0,0,0,0,0,1,0,0,0
4301,8,1,0,0,0,0,0,0,0,0
2880,6,0,1,0,0,0,0,0,0,0
1970,3,0,0,0,0,0,0,1,0,0
3243,6,0,1,0,0,0,0,0,0,0
4197,8,1,0,0,0,0,0,0,0,0
1987,4,0,0,0,1,0,0,0,0,0
3603,7,0,0,0,0,1,0,0,0,0
508,1,0,0,1,0,0,0,0,0,0
596,2,0,0,0,0,0,0,0,1,0
1772,3,0,0,0,0,0,0,1,0,0
3052,6,0,1,0,0,0,0,0,0,0
2894,6,0,1,0,0,0,0,0,0,0
3833,8,1,0,0,0,0,0,0,0,0
1973,3,0,0,0,0,0,0,1,0,0
675,2,0,0,0,0,0,0,0,1,0
1021,5,0,0,0,0,0,1,0,0,0
2523,5,0,0,0,0,0,1,0,0,0
2235,4,0,0,0,1,0,0,0,0,0
3991,8,1,0,0,0,0,0,0,0,0
1034,5,0,0,0,0,0,1,0,0,0
3177,6,0,1,0,0,0,0,0,0,0
1068,6,0,1,0,0,0,0,0,0,0
3938,8,1,0,0,0,0,0,0,0,0
3563,7,0,0,0,0,1,0,0,0,0
1126,8,1,0,0,0,0,0,0,0,0
3914,8,1,0,0,0,0,0,0,0,0
1795,3,0,0,0,0,0,0,1,0,0
1713,3,0,0,0,0,0,0,1,0,0
2750,5,0,0,0,0,0,1,0,0,0
4327,9,0,0,0,0,0,0,0,0,1
4682,9,0,0,0,0,0,0,0,0,1
2211,4,0,0,0,1,0,0,0,0,0
3844,8,1,0,0,0,0,0,0,0,0
691,2,0,0,0,0,0,0,0,1,0
1174,9,0,0,0,0,0,0,0,0,1
2607,5,0,0,0,0,0,1,0,0,0
4036,8,1,0,0,0,0,0,0,0,0
1456,2,0,0,0,0,0,0,0,1,0
4652,9,0,0,0,0,0,0,0,0,1
4415,9,0,0,0,0,0,0,0,0,1
133,1,0,0,1,0,0,0,0,0,0
3447,7,0,0,0,0,1,0,0,0,0
1858,3,0,0,0,0,0,0,1,0,0
1485,2,0,0,0,0,0,0,0,1,0
3692,7,0,0,0,0,1,0,0,0,0
24,1,0,0,1,0,0,0,0,0,0
3410,7,0,0,0,0,1,0,0,0,0
3906,8,1,0,0,0,0,0,0,0,0
4817,9,0,0,0,0,0,0,0,0,1
1634,3,0,0,0,0,0,0,1,0,0
1842,3,0,0,0,0,0,0,1,0,0
2618,5,0,0,0,0,0,1,0,0,0
501,1,0,0,1,0,0,0,0,0,0
3299,7,0,0,0,0,1,0,0,0,0
140,1,0,0,1,0,0,0,0,0,0
1650,3,0,0,0,0,0,0,1,0,0
1853,3,0,0,0,0,0,0,1,0,0
3374,7,0,0,0,0,1,0,0,0,0
1300,2,0,0,0,0,0,0,0,1,0
1819,3,0,0,0,0,0,0,1,0,0
77,1,0,0,1,0,0,0,0,0,0
4527,9,0,0,0,0,0,0,0,0,1
1277,2,0,0,0,0,0,0,0,1,0
82,1,0,0,1,0,0,0,0,0,0
833,4,0,0,0,1,0,0,0,0,0
4304,8,1,0,0,0,0,0,0,0,0
1279,2,0,0,0,0,0,0,0,1,0
4293,8,1,0,0,0,0,0,0,0,0
3502,7,0,0,0,0,1,0,0,0,0
3278,6,0,1,0,0,0,0,0,0,0
3551,7,0,0,0,0,1,0,0,0,0
2516,5,0,0,0,0,0,1,0,0,0
1072,6,0,1,0,0,0,0,0,0,0
4528,9,0,0,0,0,0,0,0,0,1
3808,8,1,0,0,0,0,0,0,0,0
3952,8,1,0,0,0,0,0,0,0,0
4455,9,0,0,0,0,0,0,0,0,1
2670,5,0,0,0,0,0,1,0,0,0
1473,2,0,0,0,0,0,0,0,1,0
1734,3,0,0,0,0,0,0,1,0,0
1603,3,0,0,0,0,0,0,1,0,0
3634,7,0,0,0,0,1,0,0,0,0
4689,9,0,0,0,0,0,0,0,0,1
905,4,0,0,0,1,0,0,0,0,0
4031,8,1,0,0,0,0,0,0,0,0
1644,3,0,0,0,0,0,0,1,0,0
1118,7,0,0,0,0,1,0,0,0,0
1922,3,0,0,0,0,0,0,1,0,0
1333,2,0,0,0,0,0,0,0,1,0
1116,7,0,0,0,0,1,0,0,0,0
3708,7,0,0,0,0,1,0,0,0,0
3144,6,0,1,0,0,0,0,0,0,0
734,3,0,0,0,0,0,0,1,0,0
4813,9,0,0,0,0,0,0,0,0,1
3711,7,0,0,0,0,1,0,0,0,0
890,4,0,0,0,1,0,0,0,0,0
312,1,0,0,1,0,0,0,0,0,0
2923,6,0,1,0,0,0,0,0,0,0
4235,8,1,0,0,0,0,0,0,0,0
358,1,0,0,1,0,0,0,0,0,0
3536,7,0,0,0,0,1,0,0,0,0
3982,8,1,0,0,0,0,0,0,0,0
2514,5,0,0,0,0,0,1,0,0,0
535,2,0,0,0,0,0,0,0,1,0
3484,7,0,0,0,0,1,0,0,0,0
436,1,0,0,1,0,0,0,0,0,0
1867,3,0,0,0,0,0,0,1,0,0
590,2,0,0,0,0,0,0,0,1,0
827,4,0,0,0,1,0,0,0,0,0
714,3,0,0,0,0,0,0,1,0,0
373,1,0,0,1,0,0,0,0,0,0
3133,6,0,1,0,0,0,0,0,0,0
1508,2,0,0,0,0,0,0,0,1,0
4693,9,0,0,0,0,0,0,0,0,1
1840,3,0,0,0,0,0,0,1,0,0
4354,9,0,0,0,0,0,0,0,0,1
1663,3,0,0,0,0,0,0,1,0,0
3854,8,1,0,0,0,0,0,0,0,0
1910,3,0,0,0,0,0,0,1,0,0
2870,6,0,1,0,0,0,0,0,0,0
2827,6,0,1,0,0,0,0,0,0,0
1513,2,0,0,0,0,0,0,0,1,0
1673,3,0,0,0,0,0,0,1,0,0
4234,8,1,0,0,0,0,0,0,0,0
4636,9,0,0,0,0,0,0,0,0,1
1627,3,0,0,0,0,0,0,1,0,0
1570,3,0,0,0,0,0,0,1,0,0
764,3,0,0,0,0,0,0,1,0,0
4809,9,0,0,0,0,0,0,0,0,1
3126,6,0,1,0,0,0,0,0,0,0
2343,4,0,0,0,1,0,0,0,0,0
4507,9,0,0,0,0,0,0,0,0,1
4126,8,1,0,0,0,0,0,0,0,0
2669,5,0,0,0,0,0,1,0,0,0
1690,3,0,0,0,0,0,0,1,0,0
1189,2,0,0,0,0,0,0,0,1,0
4377,9,0,0,0,0,0,0,0,0,1
2261,4,0,0,0,1,0,0,0,0,0
4796,9,0,0,0,0,0,0,0,0,1
1475,2,0,0,0,0,0,0,0,1,0
2740,5,0,0,0,0,0,1,0,0,0
982,5,0,0,0,0,0,1,0,0,0
1539,2,0,0,0,0,0,0,0,1,0
1628,3,0,0,0,0,0,0,1,0,0
360,1,0,0,1,0,0,0,0,0,0
430,1,0,0,1,0,0,0,0,0,0
4008,8,1,0,0,0,0,0,0,0,0
2691,5,0,0,0,0,0,1,0,0,0
2564,5,0,0,0,0,0,1,0,0,0
1720,3,0,0,0,0,0,0,1,0,0
3489,7,0,0,0,0,1,0,0,0,0
46,1,0,0,1,0,0,0,0,0,0
3760,7,0,0,0,0,1,0,0,0,0
4073,8,1,0,0,0,0,0,0,0,0
2037,4,0,0,0,1,0,0,0,0,0
1424,2,0,0,0,0,0,0,0,1,0
3162,6,0,1,0,0,0,0,0,0,0
4726,9,0,0,0,0,0,0,0,0,1
2945,6,0,1,0,0,0,0,0,0,0
865,4,0,0,0,1,0,0,0,0,0
4202,8,1,0,0,0,0,0,0,0,0
3380,7,0,0,0,0,1,0,0,0,0
1245,2,0,0,0,0,0,0,0,1,0
3884,8,1,0,0,0,0,0,0,0,0
1186,2,0,0,0,0,0,0,0,1,0
4136,8,1,0,0,0,0,0,0,0,0
3138,6,0,1,0,0,0,0,0,0,0
461,1,0,0,1,0,0,0,0,0,0
575,2,0,0,0,0,0,0,0,1,0
3391,7,0,0,0,0,1,0,0,0,0
1660,3,0,0,0,0,0,0,1,0,0
3978,8,1,0,0,0,0,0,0,0,0
4757,9,0,0,0,0,0,0,0,0,1
953,4,0,0,0,1,0,0,0,0,0
713,3,0,0,0,0,0,0,1,0,0
991,5,0,0,0,0,0,1,0,0,0
4493,9,0,0,0,0,0,0,0,0,1
4609,9,0,0,0,0,0,0,0,0,1
4634,9,0,0,0,0,0,0,0,0,1
2504,5,0,0,0,0,0,1,0,0,0
2903,6,0,1,0,0,0,0,0,0,0
3111,6,0,1,0,0,0,0,0,0,0
1655,3,0,0,0,0,0,0,1,0,0
3207,6,0,1,0,0,0,0,0,0,0
3738,7,0,0,0,0,1,0,0,0,0
1351,2,0,0,0,0,0,0,0,1,0
3141,6,0,1,0,0,0,0,0,0,0
1455,2,0,0,0,0,0,0,0,1,0
2373,5,0,0,0,0,0,1,0,0,0
4265,8,1,0,0,0,0,0,0,0,0
4335,9,0,0,0,0,0,0,0,0,1
194,1,0,0,1,0,0,0,0,0,0
441,1,0,0,1,0,0,0,0,0,0
4385,9,0,0,0,0,0,0,0,0,1
3450,7,0,0,0,0,1,0,0,0,0
3230,6,0,1,0,0,0,0,0,0,0
3425,7,0,0,0,0,1,0,0,0,0
2959,6,0,1,0,0,0,0,0,0,0
796,3,0,0,0,0,0,0,1,0,0
122,1,0,0,1,0,0,0,0,0,0
1272,2,0,0,0,0,0,0,0,1,0
4737,9,0,0,0,0,0,0,0,0,1
1576,3,0,0,0,0,0,0,1,0,0
3606,7,0,0,0,0,1,0,0,0,0
4728,9,0,0,0,0,0,0,0,0,1
1405,2,0,0,0,0,0,0,0,1,0
2905,6,0,1,0,0,0,0,0,0,0
3840,8,1,0,0,0,0,0,0,0,0
2354,5,0,0,0,0,0,1,0,0,0
520,1,0,0,1,0,0,0,0,0,0
4360,9,0,0,0,0,0,0,0,0,1
3867,8,1,0,0,0,0,0,0,0,0
2073,4,0,0,0,1,0,0,0,0,0
224,1,0,0,1,0,0,0,0,0,0
4629,9,0,0,0,0,0,0,0,0,1
2940,6,0,1,0,0,0,0,0,0,0
136,1,0,0,1,0,0,0,0,0,0
4128,8,1,0,0,0,0,0,0,0,0
1000,5,0,0,0,0,0,1,0,0,0
1202,2,0,0,0,0,0,0,0,1,0
4375,9,0,0,0,0,0,0,0,0,1
1220,2,0,0,0,0,0,0,0,1,0
1850,3,0,0,0,0,0,0,1,0,0
911,4,0,0,0,1,0,0,0,0,0
2554,5,0,0,0,0,0,1,0,0,0
155,1,0,0,1,0,0,0,0,0,0
2314,4,0,0,0,1,0,0,0,0,0
2770,5,0,0,0,0,0,1,0,0,0
1854,3,0,0,0,0,0,0,1,0,0
239,1,0,0,1,0,0,0,0,0,0
4390,9,0,0,0,0,0,0,0,0,1
4640,9,0,0,0,0,0,0,0,0,1
192,1,0,0,1,0,0,0,0,0,0
2950,6,0,1,0,0,0,0,0,0,0
2272,4,0,0,0,1,0,0,0,0,0
2956,6,0,1,0,0,0,0,0,0,0
998,5,0,0,0,0,0,1,0,0,0
3539,7,0,0,0,0,1,0,0,0,0
4697,9,0,0,0,0,0,0,0,0,1
2515,5,0,0,0,0,0,1,0,0,0
1366,2,0,0,0,0,0,0,0,1,0
1138,8,1,0,0,0,0,0,0,0,0
1096,6,0,1,0,0,0,0,0,0,0
877,4,0,0,0,1,0,0,0,0,0
820,4,0,0,0,1,0,0,0,0,0
72,1,0,0,1,0,0,0,0,0,0
3289,6,0,1,0,0,0,0,0,0,0
4314,9,0,0,0,0,0,0,0,0,1
3609,7,0,0,0,0,1,0,0,0,0
457,1,0,0,1,0,0,0,0,0,0
1624,3,0,0,0,0,0,0,1,0,0
1707,3,0,0,0,0,0,0,1,0,0
4617,9,0,0,0,0,0,0,0,0,1
3695,7,0,0,0,0,1,0,0,0,0
1397,2,0,0,0,0,0,0,0,1,0
2924,6,0,1,0,0,0,0,0,0,0
3083,6,0,1,0,0,0,0,0,0,0
3379,7,0,0,0,0,1,0,0,0,0
4732,9,0,0,0,0,0,0,0,0,1
964,4,0,0,0,1,0,0,0,0,0
2797,6,0,1,0,0,0,0,0,0,0
3924,8,1,0,0,0,0,0,0,0,0
979,5,0,0,0,0,0,1,0,0,0
1170,9,0,0,0,0,0,0,0,0,1
2550,5,0,0,0,0,0,1,0,0,0
2492,5,0,0,0,0,0,1,0,0,0
2168,4,0,0,0,1,0,0,0,0,0
3544,7,0,0,0,0,1,0,0,0,0
3477,7,0,0,0,0,1,0,0,0,0
2605,5,0,0,0,0,0,1,0,0,0
1911,3,0,0,0,0,0,0,1,0,0
2524,5,0,0,0,0,0,1,0,0,0
3363,7,0,0,0,0,1,0,0,0,0
1155,8,1,0,0,0,0,0,0,0,0
2502,5,0,0,0,0,0,1,0,0,0
2208,4,0,0,0,1,0,0,0,0,0
3921,8,1,0,0,0,0,0,0,0,0
4063,8,1,0,0,0,0,0,0,0,0
3178,6,0,1,0,0,0,0,0,0,0
2193,4,0,0,0,1,0,0,0,0,0
4046,8,1,0,0,0,0,0,0,0,0
1838,3,0,0,0,0,0,0,1,0,0
1343,2,0,0,0,0,0,0,0,1,0
3514,7,0,0,0,0,1,0,0,0,0
1408,2,0,0,0,0,0,0,0,1,0
3305,7,0,0,0,0,1,0,0,0,0
2575,5,0,0,0,0,0,1,0,0,0
218,1,0,0,1,0,0,0,0,0,0
125,1,0,0,1,0,0,0,0,0,0
3913,8,1,0,0,0,0,0,0,0,0
2007,4,0,0,0,1,0,0,0,0,0
1192,2,0,0,0,0,0,0,0,1,0
3219,6,0,1,0,0,0,0,0,0,0
4690,9,0,0,0,0,0,0,0,0,1
3271,6,0,1,0,0,0,0,0,0,0
3309,7,0,0,0,0,1,0,0,0,0
2622,5,0,0,0,0,0,1,0,0,0
2499,5,0,0,0,0,0,1,0,0,0
1075,6,0,1,0,0,0,0,0,0,0
3789,7,0,0,0,0,1,0,0,0,0
997,5,0,0,0,0,0,1,0,0,0
32,1,0,0,1,0,0,0,0,0,0
4162,8,1,0,0,0,0,0,0,0,0
2142,4,0,0,0,1,0,0,0,0,0
4242,8,1,0,0,0,0,0,0,0,0
4828,9,0,0,0,0,0,0,0,0,1
757,3,0,0,0,0,0,0,1,0,0
2244,4,0,0,0,1,0,0,0,0,0
3517,7,0,0,0,0,1,0,0,0,0
4216,8,1,0,0,0,0,0,0,0,0
4605,9,0,0,0,0,0,0,0,0,1
4700,9,0,0,0,0,0,0,0,0,1
392,1,0,0,1,0,0,0,0,0,0
3533,7,0,0,0,0,1,0,0,0,0
4077,8,1,0,0,0,0,0,0,0,0
156,1,0,0,1,0,0,0,0,0,0
2344,4,0,0,0,1,0,0,0,0,0
3078,6,0,1,0,0,0,0,0,0,0
1763,3,0,0,0,0,0,0,1,0,0
4189,8,1,0,0,0,0,0,0,0,0
3075,6,0,1,0,0,0,0,0,0,0
1281,2,0,0,0,0,0,0,0,1,0
1575,3,0,0,0,0,0,0,1,0,0
869,4,0,0,0,1,0,0,0,0,0
1796,3,0,0,0,0,0,0,1,0,0
1975,3,0,0,0,0,0,0,1,0,0
451,1,0,0,1,0,0,0,0,0,0
4207,8,1,0,0,0,0,0,0,0,0
387,1,0,0,1,0,0,0,0,0,0
4374,9,0,0,0,0,0,0,0,0,1
4506,9,0,0,0,0,0,0,0,0,1
4619,9,0,0,0,0,0,0,0,0,1
1721,3,0,0,0,0,0,0,1,0,0
4159,8,1,0,0,0,0,0,0,0,0
1760,3,0,0,0,0,0,0,1,0,0
1497,2,0,0,0,0,0,0,0,1,0
3072,6,0,1,0,0,0,0,0,0,0
3108,6,0,1,0,0,0,0,0,0,0
1998,4,0,0,0,1,0,0,0,0,0
3984,8,1,0,0,0,0,0,0,0,0
1700,3,0,0,0,0,0,0,1,0,0
206,1,0,0,1,0,0,0,0,0,0
4004,8,1,0,0,0,0,0,0,0,0
4558,9,0,0,0,0,0,0,0,0,1
1948,3,0,0,0,0,0,0,1,0,0
1251,2,0,0,0,0,0,0,0,1,0
3612,7,0,0,0,0,1,0,0,0,0
1349,2,0,0,0,0,0,0,0,1,0
4056,8,1,0,0,0,0,0,0,0,0
1874,3,0,0,0,0,0,0,1,0,0
695,3,0,0,0,0,0,0,1,0,0
2655,5,0,0,0,0,0,1,0,0,0
404,1,0,0,1,0,0,0,0,0,0
1488,2,0,0,0,0,0,0,0,1,0
3855,8,1,0,0,0,0,0,0,0,0
4780,9,0,0,0,0,0,0,0,0,1
1615,3,0,0,0,0,0,0,1,0,0
60,1,0,0,1,0,0,0,0,0,0
2649,5,0,0,0,0,0,1,0,0,0
1464,2,0,0,0,0,0,0,0,1,0
3089,6,0,1,0,0,0,0,0,0,0
1580,3,0,0,0,0,0,0,1,0,0
1938,3,0,0,0,0,0,0,1,0,0
2179,4,0,0,0,1,0,0,0,0,0
1201,2,0,0,0,0,0,0,0,1,0
1837,3,0,0,0,0,0,0,1,0,0
3908,8,1,0,0,0,0,0,0,0,0
558,2,0,0,0,0,0,0,0,1,0
3572,7,0,0,0,0,1,0,0,0,0
3461,7,0,0,0,0,1,0,0,0,0
3080,6,0,1,0,0,0,0,0,0,0
2086,4,0,0,0,1,0,0,0,0,0
50,1,0,0,1,0,0,0,0,0,0
2327,4,0,0,0,1,0,0,0,0,0
1179,2,0,0,0,0,0,0,0,1,0
4271,8,1,0,0,0,0,0,0,0,0
4085,8,1,0,0,0,0,0,0,0,0
3776,7,0,0,0,0,1,0,0,0,0
3641,7,0,0,0,0,1,0,0,0,0
3156,6,0,1,0,0,0,0,0,0,0
1363,2,0,0,0,0,0,0,0,1,0
2830,6,0,1,0,0,0,0,0,0,0
4463,9,0,0,0,0,0,0,0,0,1
3051,6,0,1,0,0,0,0,0,0,0
769,3,0,0,0,0,0,0,1,0,0
1957,3,0,0,0,0,0,0,1,0,0
460,1,0,0,1,0,0,0,0,0,0
715,3,0,0,0,0,0,0,1,0,0
2872,6,0,1,0,0,0,0,0,0,0
4427,9,0,0,0,0,0,0,0,0,1
680,2,0,0,0,0,0,0,0,1,0
2938,6,0,1,0,0,0,0,0,0,0
1213,2,0,0,0,0,0,0,0,1,0
2465,5,0,0,0,0,0,1,0,0,0
2362,5,0,0,0,0,0,1,0,0,0
856,4,0,0,0,1,0,0,0,0,0
196,1,0,0,1,0,0,0,0,0,0
1168,9,0,0,0,0,0,0,0,0,1
4588,9,0,0,0,0,0,0,0,0,1
3935,8,1,0,0,0,0,0,0,0,0
4413,9,0,0,0,0,0,0,0,0,1
4146,8,1,0,0,0,0,0,0,0,0
163,1,0,0,1,0,0,0,0,0,0
3857,8,1,0,0,0,0,0,0,0,0
3500,7,0,0,0,0,1,0,0,0,0
2214,4,0,0,0,1,0,0,0,0,0
4741,9,0,0,0,0,0,0,0,0,1
522,1,0,0,1,0,0,0,0,0,0
4439,9,0,0,0,0,0,0,0,0,1
61,1,0,0,1,0,0,0,0,0,0
2184,4,0,0,0,1,0,0,0,0,0
3221,6,0,1,0,0,0,0,0,0,0
3543,7,0,0,0,0,1,0,0,0,0
3130,6,0,1,0,0,0,0,0,0,0
1420,2,0,0,0,0,0,0,0,1,0
4755,9,0,0,0,0,0,0,0,0,1
1968,3,0,0,0,0,0,0,1,0,0
254,1,0,0,1,0,0,0,0,0,0
2001,4,0,0,0,1,0,0,0,0,0
81,1,0,0,1,0,0,0,0,0,0
2116,4,0,0,0,1,0,0,0,0,0
4627,9,0,0,0,0,0,0,0,0,1
3467,7,0,0,0,0,1,0,0,0,0
3104,6,0,1,0,0,0,0,0,0,0
645,2,0,0,0,0,0,0,0,1,0
2263,4,0,0,0,1,0,0,0,0,0
2624,5,0,0,0,0,0,1,0,0,0
3661,7,0,0,0,0,1,0,0,0,0
4478,9,0,0,0,0,0,0,0,0,1
4730,9,0,0,0,0,0,0,0,0,1
4807,9,0,0,0,0,0,0,0,0,1
3531,7,0,0,0,0,1,0,0,0,0
2802,6,0,1,0,0,0,0,0,0,0
3258,6,0,1,0,0,0,0,0,0,0
1500,2,0,0,0,0,0,0,0,1,0
3733,7,0,0,0,0,1,0,0,0,0
1388,2,0,0,0,0,0,0,0,1,0
4407,9,0,0,0,0,0,0,0,0,1
2406,5,0,0,0,0,0,1,0,0,0
4353,9,0,0,0,0,0,0,0,0,1
4594,9,0,0,0,0,0,0,0,0,1
4593,9,0,0,0,0,0,0,0,0,1
3435,7,0,0,0,0,1,0,0,0,0
3193,6,0,1,0,0,0,0,0,0,0
2818,6,0,1,0,0,0,0,0,0,0
2380,5,0,0,0,0,0,1,0,0,0
2493,5,0,0,0,0,0,1,0,0,0
1891,3,0,0,0,0,0,0,1,0,0
1826,3,0,0,0,0,0,0,1,0,0
1972,3,0,0,0,0,0,0,1,0,0
4624,9,0,0,0,0,0,0,0,0,1
2977,6,0,1,0,0,0,0,0,0,0
4140,8,1,0,0,0,0,0,0,0,0
2267,4,0,0,0,1,0,0,0,0,0
3585,7,0,0,0,0,1,0,0,0,0
3755,7,0,0,0,0,1,0,0,0,0
2215,4,0,0,0,1,0,0,0,0,0
4190,8,1,0,0,0,0,0,0,0,0
2525,5,0,0,0,0,0,1,0,0,0
744,3,0,0,0,0,0,0,1,0,0
4432,9,0,0,0,0,0,0,0,0,1
2930,6,0,1,0,0,0,0,0,0,0
4217,8,1,0,0,0,0,0,0,0,0
2328,4,0,0,0,1,0,0,0,0,0
4494,9,0,0,0,0,0,0,0,0,1
1109,7,0,0,0,0,1,0,0,0,0
975,5,0,0,0,0,0,1,0,0,0
2879,6,0,1,0,0,0,0,0,0,0
1320,2,0,0,0,0,0,0,0,1,0
896,4,0,0,0,1,0,0,0,0,0
1284,2,0,0,0,0,0,0,0,1,0
4411,9,0,0,0,0,0,0,0,0,1
1776,3,0,0,0,0,0,0,1,0,0
179,1,0,0,1,0,0,0,0,0,0
736,3,0,0,0,0,0,0,1,0,0
1317,2,0,0,0,0,0,0,0,1,0
637,2,0,0,0,0,0,0,0,1,0
2780,5,0,0,0,0,0,1,0,0,0
424,1,0,0,1,0,0,0,0,0,0
2958,6,0,1,0,0,0,0,0,0,0
1832,3,0,0,0,0,0,0,1,0,0
577,2,0,0,0,0,0,0,0,1,0
2941,6,0,1,0,0,0,0,0,0,0
2628,5,0,0,0,0,0,1,0,0,0
2121,4,0,0,0,1,0,0,0,0,0
2510,5,0,0,0,0,0,1,0,0,0
2848,6,0,1,0,0,0,0,0,0,0
3011,6,0,1,0,0,0,0,0,0,0
2146,4,0,0,0,1,0,0,0,0,0
3810,8,1,0,0,0,0,0,0,0,0
1144,8,1,0,0,0,0,0,0,0,0
4520,9,0,0,0,0,0,0,0,0,1
3731,7,0,0,0,0,1,0,0,0,0
3770,7,0,0,0,0,1,0,0,0,0
4178,8,1,0,0,0,0,0,0,0,0
3508,7,0,0,0,0,1,0,0,0,0
1733,3,0,0,0,0,0,0,1,0,0
3251,6,0,1,0,0,0,0,0,0,0
2713,5,0,0,0,0,0,1,0,0,0
1728,3,0,0,0,0,0,0,1,0,0
1757,3,0,0,0,0,0,0,1,0,0
33,1,0,0,1,0,0,0,0,0,0
850,4,0,0,0,1,0,0,0,0,0
1305,2,0,0,0,0,0,0,0,1,0
1103,7,0,0,0,0,1,0,0,0,0
3307,7,0,0,0,0,1,0,0,0,0
2245,4,0,0,0,1,0,0,0,0,0
2601,5,0,0,0,0,0,1,0,0,0
2301,4,0,0,0,1,0,0,0,0,0
2407,5,0,0,0,0,0,1,0,0,0
1632,3,0,0,0,0,0,0,1,0,0
3344,7,0,0,0,0,1,0,0,0,0
2045,4,0,0,0,1,0,0,0,0,0
3336,7,0,0,0,0,1,0,0,0,0
2223,4,0,0,0,1,0,0,0,0,0
2764,5,0,0,0,0,0,1,0,0,0
2910,6,0,1,0,0,0,0,0,0,0
3947,8,1,0,0,0,0,0,0,0,0
1846,3,0,0,0,0,0,0,1,0,0
689,2,0,0,0,0,0,0,0,1,0
3732,7,0,0,0,0,1,0,0,0,0
2003,4,0,0,0,1,0,0,0,0,0
3093,6,0,1,0,0,0,0,0,0,0
4545,9,0,0,0,0,0,0,0,0,1
4642,9,0,0,0,0,0,0,0,0,1
3743,7,0,0,0,0,1,0,0,0,0
2612,5,0,0,0,0,0,1,0,0,0
4738,9,0,0,0,0,0,0,0,0,1
3582,7,0,0,0,0,1,0,0,0,0
3033,6,0,1,0,0,0,0,0,0,0
2807,6,0,1,0,0,0,0,0,0,0
3689,7,0,0,0,0,1,0,0,0,0
2383,5,0,0,0,0,0,1,0,0,0
3434,7,0,0,0,0,1,0,0,0,0
4300,8,1,0,0,0,0,0,0,0,0
1504,2,0,0,0,0,0,0,0,1,0
1559,3,0,0,0,0,0,0,1,0,0
4299,8,1,0,0,0,0,0,0,0,0
4559,9,0,0,0,0,0,0,0,0,1
4154,8,1,0,0,0,0,0,0,0,0
3337,7,0,0,0,0,1,0,0,0,0
2976,6,0,1,0,0,0,0,0,0,0
2969,6,0,1,0,0,0,0,0,0,0
1437,2,0,0,0,0,0,0,0,1,0
1250,2,0,0,0,0,0,0,0,1,0
4400,9,0,0,0,0,0,0,0,0,1
810,4,0,0,0,1,0,0,0,0,0
4248,8,1,0,0,0,0,0,0,0,0
13,1,0,0,1,0,0,0,0,0,0
311,1,0,0,1,0,0,0,0,0,0
100,1,0,0,1,0,0,0,0,0,0
2763,5,0,0,0,0,0,1,0,0,0
2247,4,0,0,0,1,0,0,0,0,0
2687,5,0,0,0,0,0,1,0,0,0
756,3,0,0,0,0,0,0,1,0,0
3699,7,0,0,0,0,1,0,0,0,0
448,1,0,0,1,0,0,0,0,0,0
4392,9,0,0,0,0,0,0,0,0,1
1781,3,0,0,0,0,0,0,1,0,0
2229,4,0,0,0,1,0,0,0,0,0
609,2,0,0,0,0,0,0,0,1,0
840,4,0,0,0,1,0,0,0,0,0
422,1,0,0,1,0,0,0,0,0,0
907,4,0,0,0,1,0,0,0,0,0
4447,9,0,0,0,0,0,0,0,0,1
703,3,0,0,0,0,0,0,1,0,0
378,1,0,0,1,0,0,0,0,0,0
1226,2,0,0,0,0,0,0,0,1,0
217,1,0,0,1,0,0,0,0,0,0
513,1,0,0,1,0,0,0,0,0,0
1708,3,0,0,0,0,0,0,1,0,0
2914,6,0,1,0,0,0,0,0,0,0
1353,2,0,0,0,0,0,0,0,1,0
3746,7,0,0,0,0,1,0,0,0,0
4277,8,1,0,0,0,0,0,0,0,0
776,3,0,0,0,0,0,0,1,0,0
793,3,0,0,0,0,0,0,1,0,0
3301,7,0,0,0,0,1,0,0,0,0
2414,5,0,0,0,0,0,1,0,0,0
1820,3,0,0,0,0,0,0,1,0,0
1448,2,0,0,0,0,0,0,0,1,0
1032,5,0,0,0,0,0,1,0,0,0
2898,6,0,1,0,0,0,0,0,0,0
1183,2,0,0,0,0,0,0,0,1,0
3166,6,0,1,0,0,0,0,0,0,0
3403,7,0,0,0,0,1,0,0,0,0
1015,5,0,0,0,0,0,1,0,0,0
4765,9,0,0,0,0,0,0,0,0,1
2127,4,0,0,0,1,0,0,0,0,0
4006,8,1,0,0,0,0,0,0,0,0
1031,5,0,0,0,0,0,1,0,0,0
4604,9,0,0,0,0,0,0,0,0,1
3082,6,0,1,0,0,0,0,0,0,0
393,1,0,0,1,0,0,0,0,0,0
2508,5,0,0,0,0,0,1,0,0,0
797,3,0,0,0,0,0,0,1,0,0
4398,9,0,0,0,0,0,0,0,0,1
3561,7,0,0,0,0,1,0,0,0,0
3812,8,1,0,0,0,0,0,0,0,0
3558,7,0,0,0,0,1,0,0,0,0
3225,6,0,1,0,0,0,0,0,0,0
665,2,0,0,0,0,0,0,0,1,0
109,1,0,0,1,0,0,0,0,0,0
2828,6,0,1,0,0,0,0,0,0,0
3827,8,1,0,0,0,0,0,0,0,0
3900,8,1,0,0,0,0,0,0,0,0
1848,3,0,0,0,0,0,0,1,0,0
1041,5,0,0,0,0,0,1,0,0,0
1095,6,0,1,0,0,0,0,0,0,0
760,3,0,0,0,0,0,0,1,0,0
3439,7,0,0,0,0,1,0,0,0,0
1510,2,0,0,0,0,0,0,0,1,0
3918,8,1,0,0,0,0,0,0,0,0
1486,2,0,0,0,0,0,0,0,1,0
1647,3,0,0,0,0,0,0,1,0,0
4172,8,1,0,0,0,0,0,0,0,0
4291,8,1,0,0,0,0,0,0,0,0
3658,7,0,0,0,0,1,0,0,0,0
1944,3,0,0,0,0,0,0,1,0,0
2732,5,0,0,0,0,0,1,0,0,0
4312,9,0,0,0,0,0,0,0,0,1
3034,6,0,1,0,0,0,0,0,0,0
1635,3,0,0,0,0,0,0,1,0,0
3460,7,0,0,0,0,1,0,0,0,0
132,1,0,0,1,0,0,0,0,0,0
4633,9,0,0,0,0,0,0,0,0,1
3877,8,1,0,0,0,0,0,0,0,0
491,1,0,0,1,0,0,0,0,0,0
3099,6,0,1,0,0,0,0,0,0,0
2768,5,0,0,0,0,0,1,0,0,0
1507,2,0,0,0,0,0,0,0,1,0
2614,5,0,0,0,0,0,1,0,0,0
233,1,0,0,1,0,0,0,0,0,0
3950,8,1,0,0,0,0,0,0,0,0
3977,8,1,0,0,0,0,0,0,0,0
99,1,0,0,1,0,0,0,0,0,0
2583,5,0,0,0,0,0,1,0,0,0
4205,8,1,0,0,0,0,0,0,0,0
4318,9,0,0,0,0,0,0,0,0,1
1945,3,0,0,0,0,0,0,1,0,0
3359,7,0,0,0,0,1,0,0,0,0
2436,5,0,0,0,0,0,1,0,0,0
2283,4,0,0,0,1,0,0,0,0,0
3280,6,0,1,0,0,0,0,0,0,0
2720,5,0,0,0,0,0,1,0,0,0
4546,9,0,0,0,0,0,0,0,0,1
727,3,0,0,0,0,0,0,1,0,0
2562,5,0,0,0,0,0,1,0,0,0
2254,4,0,0,0,1,0,0,0,0,0
1002,5,0,0,0,0,0,1,0,0,0
4458,9,0,0,0,0,0,0,0,0,1
3576,7,0,0,0,0,1,0,0,0,0
2595,5,0,0,0,0,0,1,0,0,0
524,1,0,0,1,0,0,0,0,0,0
2847,6,0,1,0,0,0,0,0,0,0
3566,7,0,0,0,0,1,0,0,0,0
3655,7,0,0,0,0,1,0,0,0,0
794,3,0,0,0,0,0,0,1,0,0
4509,9,0,0,0,0,0,0,0,0,1
2042,4,0,0,0,1,0,0,0,0,0
3573,7,0,0,0,0,1,0,0,0,0
3265,6,0,1,0,0,0,0,0,0,0
1955,3,0,0,0,0,0,0,1,0,0
4083,8,1,0,0,0,0,0,0,0,0
3449,7,0,0,0,0,1,0,0,0,0
4092,8,1,0,0,0,0,0,0,0,0
1137,8,1,0,0,0,0,0,0,0,0
3505,7,0,0,0,0,1,0,0,0,0
693,3,0,0,0,0,0,0,1,0,0
3887,8,1,0,0,0,0,0,0,0,0
3384,7,0,0,0,0,1,0,0,0,0
4485,9,0,0,0,0,0,0,0,0,1
278,1,0,0,1,0,0,0,0,0,0
4155,8,1,0,0,0,0,0,0,0,0
4347,9,0,0,0,0,0,0,0,0,1
3406,7,0,0,0,0,1,0,0,0,0
1602,3,0,0,0,0,0,0,1,0,0
4638,9,0,0,0,0,0,0,0,0,1
923,4,0,0,0,1,0,0,0,0,0
884,4,0,0,0,1,0,0,0,0,0
1892,3,0,0,0,0,0,0,1,0,0
1605,3,0,0,0,0,0,0,1,0,0
607,2,0,0,0,0,0,0,0,1,0
2209,4,0,0,0,1,0,0,0,0,0
4621,9,0,0,0,0,0,0,0,0,1
3637,7,0,0,0,0,1,0,0,0,0
2198,4,0,0,0,1,0,0,0,0,0
3964,8,1,0,0,0,0,0,0,0,0
578,2,0,0,0,0,0,0,0,1,0
3114,6,0,1,0,0,0,0,0,0,0
1341,2,0,0,0,0,0,0,0,1,0
3928,8,1,0,0,0,0,0,0,0,0
2038,4,0,0,0,1,0,0,0,0,0
1278,2,0,0,0,0,0,0,0,1,0
2192,4,0,0,0,1,0,0,0,0,0
1468,2,0,0,0,0,0,0,0,1,0
1600,3,0,0,0,0,0,0,1,0,0
3,1,0,0,1,0,0,0,0,0,0
831,4,0,0,0,1,0,0,0,0,0
1489,2,0,0,0,0,0,0,0,1,0
2725,5,0,0,0,0,0,1,0,0,0
3296,7,0,0,0,0,1,0,0,0,0
1571,3,0,0,0,0,0,0,1,0,0
2296,4,0,0,0,1,0,0,0,0,0
812,4,0,0,0,1,0,0,0,0,0
1803,3,0,0,0,0,0,0,1,0,0
3915,8,1,0,0,0,0,0,0,0,0
4666,9,0,0,0,0,0,0,0,0,1
3799,7,0,0,0,0,1,0,0,0,0
2791,5,0,0,0,0,0,1,0,0,0
745,3,0,0,0,0,0,0,1,0,0
2544,5,0,0,0,0,0,1,0,0,0
3981,8,1,0,0,0,0,0,0,0,0
2177,4,0,0,0,1,0,0,0,0,0
3110,6,0,1,0,0,0,0,0,0,0
3035,6,0,1,0,0,0,0,0,0,0
1683,3,0,0,0,0,0,0,1,0,0
3119,6,0,1,0,0,0,0,0,0,0
3364,7,0,0,0,0,1,0,0,0,0
327,1,0,0,1,0,0,0,0,0,0
2843,6,0,1,0,0,0,0,0,0,0
1960,3,0,0,0,0,0,0,1,0,0
4459,9,0,0,0,0,0,0,0,0,1
2399,5,0,0,0,0,0,1,0,0,0
3468,7,0,0,0,0,1,0,0,0,0
2440,5,0,0,0,0,0,1,0,0,0
4032,8,1,0,0,0,0,0,0,0,0
2324,4,0,0,0,1,0,0,0,0,0
4224,8,1,0,0,0,0,0,0,0,0
1084,6,0,1,0,0,0,0,0,0,0
7,1,0,0,1,0,0,0,0,0,0
2106,4,0,0,0,1,0,0,0,0,0
4067,8,1,0,0,0,0,0,0,0,0
2431,5,0,0,0,0,0,1,0,0,0
2927,6,0,1,0,0,0,0,0,0,0
3127,6,0,1,0,0,0,0,0,0,0
1947,3,0,0,0,0,0,0,1,0,0
1102,7,0,0,0,0,1,0,0,0,0
2015,4,0,0,0,1,0,0,0,0,0
681,2,0,0,0,0,0,0,0,1,0
3507,7,0,0,0,0,1,0,0,0,0
1415,2,0,0,0,0,0,0,0,1,0
2259,4,0,0,0,1,0,0,0,0,0
1196,2,0,0,0,0,0,0,0,1,0
2188,4,0,0,0,1,0,0,0,0,0
4586,9,0,0,0,0,0,0,0,0,1
1082,6,0,1,0,0,0,0,0,0,0
3323,7,0,0,0,0,1,0,0,0,0
2199,4,0,0,0,1,0,0,0,0,0
418,1,0,0,1,0,0,0,0,0,0
600,2,0,0,0,0,0,0,0,1,0
2714,5,0,0,0,0,0,1,0,0,0
127,1,0,0,1,0,0,0,0,0,0
4667,9,0,0,0,0,0,0,0,0,1
2441,5,0,0,0,0,0,1,0,0,0
879,4,0,0,0,1,0,0,0,0,0
2371,5,0,0,0,0,0,1,0,0,0
3223,6,0,1,0,0,0,0,0,0,0
3026,6,0,1,0,0,0,0,0,0,0
1659,3,0,0,0,0,0,0,1,0,0
4823,9,0,0,0,0,0,0,0,0,1
3212,6,0,1,0,0,0,0,0,0,0
2210,4,0,0,0,1,0,0,0,0,0
3815,8,1,0,0,0,0,0,0,0,0
4805,9,0,0,0,0,0,0,0,0,1
2141,4,0,0,0,1,0,0,0,0,0
1672,3,0,0,0,0,0,0,1,0,0
2476,5,0,0,0,0,0,1,0,0,0
4532,9,0,0,0,0,0,0,0,0,1
4182,8,1,0,0,0,0,0,0,0,0
4014,8,1,0,0,0,0,0,0,0,0
2491,5,0,0,0,0,0,1,0,0,0
2074,4,0,0,0,1,0,0,0,0,0
1593,3,0,0,0,0,0,0,1,0,0
2469,5,0,0,0,0,0,1,0,0,0
4490,9,0,0,0,0,0,0,0,0,1
3353,7,0,0,0,0,1,0,0,0,0
236,1,0,0,1,0,0,0,0,0,0
2063,4,0,0,0,1,0,0,0,0,0
3529,7,0,0,0,0,1,0,0,0,0
4751,9,0,0,0,0,0,0,0,0,1
894,4,0,0,0,1,0,0,0,0,0
112,1,0,0,1,0,0,0,0,0,0
518,1,0,0,1,0,0,0,0,0,0
4393,9,0,0,0,0,0,0,0,0,1
3459,7,0,0,0,0,1,0,0,0,0
473,1,0,0,1,0,0,0,0,0,0
1061,5,0,0,0,0,0,1,0,0,0
1331,2,0,0,0,0,0,0,0,1,0
1310,2,0,0,0,0,0,0,0,1,0
523,1,0,0,1,0,0,0,0,0,0
1777,3,0,0,0,0,0,0,1,0,0
4480,9,0,0,0,0,0,0,0,0,1
3451,7,0,0,0,0,1,0,0,0,0
4557,9,0,0,0,0,0,0,0,0,1
4389,9,0,0,0,0,0,0,0,0,1
1675,3,0,0,0,0,0,0,1,0,0
3148,6,0,1,0,0,0,0,0,0,0
1875,3,0,0,0,0,0,0,1,0,0
4761,9,0,0,0,0,0,0,0,0,1
866,4,0,0,0,1,0,0,0,0,0
1878,3,0,0,0,0,0,0,1,0,0
787,3,0,0,0,0,0,0,1,0,0
4512,9,0,0,0,0,0,0,0,0,1
4018,8,1,0,0,0,0,0,0,0,0
3869,8,1,0,0,0,0,0,0,0,0
1916,3,0,0,0,0,0,0,1,0,0
4658,9,0,0,0,0,0,0,0,0,1
1269,2,0,0,0,0,0,0,0,1,0
604,2,0,0,0,0,0,0,0,1,0
3498,7,0,0,0,0,1,0,0,0,0
4445,9,0,0,0,0,0,0,0,0,1
1374,2,0,0,0,0,0,0,0,1,0
539,2,0,0,0,0,0,0,0,1,0
3000,6,0,1,0,0,0,0,0,0,0
735,3,0,0,0,0,0,0,1,0,0
1120,7,0,0,0,0,1,0,0,0,0
782,3,0,0,0,0,0,0,1,0,0
4396,9,0,0,0,0,0,0,0,0,1
3457,7,0,0,0,0,1,0,0,0,0
2134,4,0,0,0,1,0,0,0,0,0
4790,9,0,0,0,0,0,0,0,0,1
4380,9,0,0,0,0,0,0,0,0,1
2024,4,0,0,0,1,0,0,0,0,0
544,2,0,0,0,0,0,0,0,1,0
421,1,0,0,1,0,0,0,0,0,0
3369,7,0,0,0,0,1,0,0,0,0
3365,7,0,0,0,0,1,0,0,0,0
3532,7,0,0,0,0,1,0,0,0,0
720,3,0,0,0,0,0,0,1,0,0
1108,7,0,0,0,0,1,0,0,0,0
37,1,0,0,1,0,0,0,0,0,0
6,1,0,0,1,0,0,0,0,0,0
826,4,0,0,0,1,0,0,0,0,0
1152,8,1,0,0,0,0,0,0,0,0
1519,2,0,0,0,0,0,0,0,1,0
3751,7,0,0,0,0,1,0,0,0,0
3524,7,0,0,0,0,1,0,0,0,0
3415,7,0,0,0,0,1,0,0,0,0
4511,9,0,0,0,0,0,0,0,0,1
563,2,0,0,0,0,0,0,0,1,0
2448,5,0,0,0,0,0,1,0,0,0
505,1,0,0,1,0,0,0,0,0,0
2546,5,0,0,0,0,0,1,0,0,0
369,1,0,0,1,0,0,0,0,0,0
120,1,0,0,1,0,0,0,0,0,0
2049,4,0,0,0,1,0,0,0,0,0
4110,8,1,0,0,0,0,0,0,0,0
817,4,0,0,0,1,0,0,0,0,0
1991,4,0,0,0,1,0,0,0,0,0
62,1,0,0,1,0,0,0,0,0,0
1074,6,0,1,0,0,0,0,0,0,0
1929,3,0,0,0,0,0,0,1,0,0
187,1,0,0,1,0,0,0,0,0,0
3161,6,0,1,0,0,0,0,0,0,0
1712,3,0,0,0,0,0,0,1,0,0
809,4,0,0,0,1,0,0,0,0,0
2012,4,0,0,0,1,0,0,0,0,0
478,1,0,0,1,0,0,0,0,0,0
2299,4,0,0,0,1,0,0,0,0,0
3627,7,0,0,0,0,1,0,0,0,0
3858,8,1,0,0,0,0,0,0,0,0
3631,7,0,0,0,0,1,0,0,0,0
3405,7,0,0,0,0,1,0,0,0,0
3847,8,1,0,0,0,0,0,0,0,0
938,4,0,0,0,1,0,0,0,0,0
2467,5,0,0,0,0,0,1,0,0,0
20,1,0,0,1,0,0,0,0,0,0
1376,2,0,0,0,0,0,0,0,1,0
1680,3,0,0,0,0,0,0,1,0,0
2396,5,0,0,0,0,0,1,0,0,0
926,4,0,0,0,1,0,0,0,0,0
1209,2,0,0,0,0,0,0,0,1,0
4429,9,0,0,0,0,0,0,0,0,1
4225,8,1,0,0,0,0,0,0,0,0
1214,2,0,0,0,0,0,0,0,1,0
1008,5,0,0,0,0,0,1,0,0,0
3940,8,1,0,0,0,0,0,0,0,0
4645,9,0,0,0,0,0,0,0,0,1
4644,9,0,0,0,0,0,0,0,0,1
748,3,0,0,0,0,0,0,1,0,0
18,1,0,0,1,0,0,0,0,0,0
990,5,0,0,0,0,0,1,0,0,0
4524,9,0,0,0,0,0,0,0,0,1
4290,8,1,0,0,0,0,0,0,0,0
698,3,0,0,0,0,0,0,1,0,0
3512,7,0,0,0,0,1,0,0,0,0
2783,5,0,0,0,0,0,1,0,0,0
3966,8,1,0,0,0,0,0,0,0,0
2118,4,0,0,0,1,0,0,0,0,0
4695,9,0,0,0,0,0,0,0,0,1
3970,8,1,0,0,0,0,0,0,0,0
35,1,0,0,1,0,0,0,0,0,0
2706,5,0,0,0,0,0,1,0,0,0
1852,3,0,0,0,0,0,0,1,0,0
1597,3,0,0,0,0,0,0,1,0,0
2027,4,0,0,0,1,0,0,0,0,0
3705,7,0,0,0,0,1,0,0,0,0
4798,9,0,0,0,0,0,0,0,0,1
2915,6,0,1,0,0,0,0,0,0,0
1868,3,0,0,0,0,0,0,1,0,0
4173,8,1,0,0,0,0,0,0,0,0
1256,2,0,0,0,0,0,0,0,1,0
3890,8,1,0,0,0,0,0,0,0,0
3022,6,0,1,0,0,0,0,0,0,0
2290,4,0,0,0,1,0,0,0,0,0
2835,6,0,1,0,0,0,0,0,0,0
1951,3,0,0,0,0,0,0,1,0,0
3971,8,1,0,0,0,0,0,0,0,0
1502,2,0,0,0,0,0,0,0,1,0
3718,7,0,0,0,0,1,0,0,0,0
2646,5,0,0,0,0,0,1,0,0,0
410,1,0,0,1,0,0,0,0,0,0
2809,6,0,1,0,0,0,0,0,0,0
2400,5,0,0,0,0,0,1,0,0,0
1057,5,0,0,0,0,0,1,0,0,0
1203,2,0,0,0,0,0,0,0,1,0
4388,9,0,0,0,0,0,0,0,0,1
21,1,0,0,1,0,0,0,0,0,0
1445,2,0,0,0,0,0,0,0,1,0
2854,6,0,1,0,0,0,0,0,0,0
2260,4,0,0,0,1,0,0,0,0,0
1765,3,0,0,0,0,0,0,1,0,0
1368,2,0,0,0,0,0,0,0,1,0
2379,5,0,0,0,0,0,1,0,0,0
1933,3,0,0,0,0,0,0,1,0,0
4436,9,0,0,0,0,0,0,0,0,1
3666,7,0,0,0,0,1,0,0,0,0
2294,4,0,0,0,1,0,0,0,0,0
2895,6,0,1,0,0,0,0,0,0,0
2174,4,0,0,0,1,0,0,0,0,0
1347,2,0,0,0,0,0,0,0,1,0
397,1,0,0,1,0,0,0,0,0,0
1979,4,0,0,0,1,0,0,0,0,0
3117,6,0,1,0,0,0,0,0,0,0
3136,6,0,1,0,0,0,0,0,0,0
2754,5,0,0,0,0,0,1,0,0,0
2777,5,0,0,0,0,0,1,0,0,0
375,1,0,0,1,0,0,0,0,0,0
2943,6,0,1,0,0,0,0,0,0,0
3600,7,0,0,0,0,1,0,0,0,0
470,1,0,0,1,0,0,0,0,0,0
1233,2,0,0,0,0,0,0,0,1,0
4130,8,1,0,0,0,0,0,0,0,0
633,2,0,0,0,0,0,0,0,1,0
2128,4,0,0,0,1,0,0,0,0,0
1458,2,0,0,0,0,0,0,0,1,0
1319,2,0,0,0,0,0,0,0,1,0
4064,8,1,0,0,0,0,0,0,0,0
3685,7,0,0,0,0,1,0,0,0,0
2036,4,0,0,0,1,0,0,0,0,0
437,1,0,0,1,0,0,0,0,0,0
2374,5,0,0,0,0,0,1,0,0,0
3818,8,1,0,0,0,0,0,0,0,0
1234,2,0,0,0,0,0,0,0,1,0
4254,8,1,0,0,0,0,0,0,0,0
2483,5,0,0,0,0,0,1,0,0,0
4715,9,0,0,0,0,0,0,0,0,1
1787,3,0,0,0,0,0,0,1,0,0
4552,9,0,0,0,0,0,0,0,0,1
4282,8,1,0,0,0,0,0,0,0,0
2705,5,0,0,0,0,0,1,0,0,0
1926,3,0,0,0,0,0,0,1,0,0
4107,8,1,0,0,0,0,0,0,0,0
2405,5,0,0,0,0,0,1,0,0,0
3062,6,0,1,0,0,0,0,0,0,0
660,2,0,0,0,0,0,0,0,1,0
2451,5,0,0,0,0,0,1,0,0,0
783,3,0,0,0,0,0,0,1,0,0
357,1,0,0,1,0,0,0,0,0,0
4564,9,0,0,0,0,0,0,0,0,1
215,1,0,0,1,0,0,0,0,0,0
1392,2,0,0,0,0,0,0,0,1,0
1817,3,0,0,0,0,0,0,1,0,0
4525,9,0,0,0,0,0,0,0,0,1
4399,9,0,0,0,0,0,0,0,0,1
1613,3,0,0,0,0,0,0,1,0,0
2552,5,0,0,0,0,0,1,0,0,0
1595,3,0,0,0,0,0,0,1,0,0
234,1,0,0,1,0,0,0,0,0,0
2711,5,0,0,0,0,0,1,0,0,0
2721,5,0,0,0,0,0,1,0,0,0
909,4,0,0,0,1,0,0,0,0,0
3892,8,1,0,0,0,0,0,0,0,0
3548,7,0,0,0,0,1,0,0,0,0
4047,8,1,0,0,0,0,0,0,0,0
659,2,0,0,0,0,0,0,0,1,0
3098,6,0,1,0,0,0,0,0,0,0
1315,2,0,0,0,0,0,0,0,1,0
1316,2,0,0,0,0,0,0,0,1,0
3276,6,0,1,0,0,0,0,0,0,0
2826,6,0,1,0,0,0,0,0,0,0
1619,3,0,0,0,0,0,0,1,0,0
324,1,0,0,1,0,0,0,0,0,0
2113,4,0,0,0,1,0,0,0,0,0
2189,4,0,0,0,1,0,0,0,0,0
3394,7,0,0,0,0,1,0,0,0,0
3987,8,1,0,0,0,0,0,0,0,0
3429,7,0,0,0,0,1,0,0,0,0
3944,8,1,0,0,0,0,0,0,0,0
2176,4,0,0,0,1,0,0,0,0,0
4310,9,0,0,0,0,0,0,0,0,1
38,1,0,0,1,0,0,0,0,0,0
1422,2,0,0,0,0,0,0,0,1,0
2545,5,0,0,0,0,0,1,0,0,0
2592,5,0,0,0,0,0,1,0,0,0
304,1,0,0,1,0,0,0,0,0,0
2829,6,0,1,0,0,0,0,0,0,0
2602,5,0,0,0,0,0,1,0,0,0
3195,6,0,1,0,0,0,0,0,0,0
804,3,0,0,0,0,0,0,1,0,0
829,4,0,0,0,1,0,0,0,0,0
4215,8,1,0,0,0,0,0,0,0,0
1747,3,0,0,0,0,0,0,1,0,0
2372,5,0,0,0,0,0,1,0,0,0
3454,7,0,0,0,0,1,0,0,0,0
2724,5,0,0,0,0,0,1,0,0,0
3953,8,1,0,0,0,0,0,0,0,0
2970,6,0,1,0,0,0,0,0,0,0
4810,9,0,0,0,0,0,0,0,0,1
3876,8,1,0,0,0,0,0,0,0,0
870,4,0,0,0,1,0,0,0,0,0
4750,9,0,0,0,0,0,0,0,0,1
3761,7,0,0,0,0,1,0,0,0,0
2953,6,0,1,0,0,0,0,0,0,0
4015,8,1,0,0,0,0,0,0,0,0
1094,6,0,1,0,0,0,0,0,0,0
4561,9,0,0,0,0,0,0,0,0,1
3939,8,1,0,0,0,0,0,0,0,0
3390,7,0,0,0,0,1,0,0,0,0
2161,4,0,0,0,1,0,0,0,0,0
4721,9,0,0,0,0,0,0,0,0,1
3792,7,0,0,0,0,1,0,0,0,0
1648,3,0,0,0,0,0,0,1,0,0
2806,6,0,1,0,0,0,0,0,0,0
1578,3,0,0,0,0,0,0,1,0,0
3428,7,0,0,0,0,1,0,0,0,0
502,1,0,0,1,0,0,0,0,0,0
83,1,0,0,1,0,0,0,0,0,0
144,1,0,0,1,0,0,0,0,0,0
4095,8,1,0,0,0,0,0,0,0,0
4268,8,1,0,0,0,0,0,0,0,0
3933,8,1,0,0,0,0,0,0,0,0
3370,7,0,0,0,0,1,0,0,0,0
1681,3,0,0,0,0,0,0,1,0,0
506,1,0,0,1,0,0,0,0,0,0
754,3,0,0,0,0,0,0,1,0,0
87,1,0,0,1,0,0,0,0,0,0
313,1,0,0,1,0,0,0,0,0,0
2059,4,0,0,0,1,0,0,0,0,0
4460,9,0,0,0,0,0,0,0,0,1
655,2,0,0,0,0,0,0,0,1,0
2841,6,0,1,0,0,0,0,0,0,0
2933,6,0,1,0,0,0,0,0,0,0
2641,5,0,0,0,0,0,1,0,0,0
653,2,0,0,0,0,0,0,0,1,0
1930,3,0,0,0,0,0,0,1,0,0
4005,8,1,0,0,0,0,0,0,0,0
668,2,0,0,0,0,0,0,0,1,0
3139,6,0,1,0,0,0,0,0,0,0
1822,3,0,0,0,0,0,0,1,0,0
3509,7,0,0,0,0,1,0,0,0,0
2122,4,0,0,0,1,0,0,0,0,0
477,1,0,0,1,0,0,0,0,0,0
1274,2,0,0,0,0,0,0,0,1,0
3802,7,0,0,0,0,1,0,0,0,0
4241,8,1,0,0,0,0,0,0,0,0
2623,5,0,0,0,0,0,1,0,0,0
514,1,0,0,1,0,0,0,0,0,0
3550,7,0,0,0,0,1,0,0,0,0
3719,7,0,0,0,0,1,0,0,0,0
2490,5,0,0,0,0,0,1,0,0,0
3608,7,0,0,0,0,1,0,0,0,0
148,1,0,0,1,0,0,0,0,0,0
3361,7,0,0,0,0,1,0,0,0,0
1038,5,0,0,0,0,0,1,0,0,0
2433,5,0,0,0,0,0,1,0,0,0
4308,8,1,0,0,0,0,0,0,0,0
2742,5,0,0,0,0,0,1,0,0,0
862,4,0,0,0,1,0,0,0,0,0
4547,9,0,0,0,0,0,0,0,0,1
2082,4,0,0,0,1,0,0,0,0,0
346,1,0,0,1,0,0,0,0,0,0
1413,2,0,0,0,0,0,0,0,1,0
3036,6,0,1,0,0,0,0,0,0,0
694,3,0,0,0,0,0,0,1,0,0
1768,3,0,0,0,0,0,0,1,0,0
768,3,0,0,0,0,0,0,1,0,0
1081,6,0,1,0,0,0,0,0,0,0
3317,7,0,0,0,0,1,0,0,0,0
556,2,0,0,0,0,0,0,0,1,0
1373,2,0,0,0,0,0,0,0,1,0
1682,3,0,0,0,0,0,0,1,0,0
3061,6,0,1,0,0,0,0,0,0,0
1932,3,0,0,0,0,0,0,1,0,0
4569,9,0,0,0,0,0,0,0,0,1
788,3,0,0,0,0,0,0,1,0,0
3295,6,0,1,0,0,0,0,0,0,0
2268,4,0,0,0,1,0,0,0,0,0
3538,7,0,0,0,0,1,0,0,0,0
1040,5,0,0,0,0,0,1,0,0,0
803,3,0,0,0,0,0,0,1,0,0
429,1,0,0,1,0,0,0,0,0,0
2137,4,0,0,0,1,0,0,0,0,0
1509,2,0,0,0,0,0,0,0,1,0
4535,9,0,0,0,0,0,0,0,0,1
2968,6,0,1,0,0,0,0,0,0,0
4339,9,0,0,0,0,0,0,0,0,1
2626,5,0,0,0,0,0,1,0,0,0
2334,4,0,0,0,1,0,0,0,0,0
1758,3,0,0,0,0,0,0,1,0,0
3691,7,0,0,0,0,1,0,0,0,0
3367,7,0,0,0,0,1,0,0,0,0
1701,3,0,0,0,0,0,0,1,0,0
262,1,0,0,1,0,0,0,0,0,0
3510,7,0,0,0,0,1,0,0,0,0
409,1,0,0,1,0,0,0,0,0,0
1813,3,0,0,0,0,0,0,1,0,0
3568,7,0,0,0,0,1,0,0,0,0
4503,9,0,0,0,0,0,0,0,0,1
1476,2,0,0,0,0,0,0,0,1,0
4542,9,0,0,0,0,0,0,0,0,1
1845,3,0,0,0,0,0,0,1,0,0
915,4,0,0,0,1,0,0,0,0,0
226,1,0,0,1,0,0,0,0,0,0
1719,3,0,0,0,0,0,0,1,0,0
2810,6,0,1,0,0,0,0,0,0,0
3703,7,0,0,0,0,1,0,0,0,0
2900,6,0,1,0,0,0,0,0,0,0
3286,6,0,1,0,0,0,0,0,0,0
839,4,0,0,0,1,0,0,0,0,0
1797,3,0,0,0,0,0,0,1,0,0
2084,4,0,0,0,1,0,0,0,0,0
3252,6,0,1,0,0,0,0,0,0,0
2921,6,0,1,0,0,0,0,0,0,0
643,2,0,0,0,0,0,0,0,1,0
4591,9,0,0,0,0,0,0,0,0,1
3574,7,0,0,0,0,1,0,0,0,0
394,1,0,0,1,0,0,0,0,0,0
1236,2,0,0,0,0,0,0,0,1,0
1667,3,0,0,0,0,0,0,1,0,0
2630,5,0,0,0,0,0,1,0,0,0
4227,8,1,0,0,0,0,0,0,0,0
2410,5,0,0,0,0,0,1,0,0,0
4109,8,1,0,0,0,0,0,0,0,0
2741,5,0,0,0,0,0,1,0,0,0
3419,7,0,0,0,0,1,0,0,0,0
488,1,0,0,1,0,0,0,0,0,0
17,1,0,0,1,0,0,0,0,0,0
618,2,0,0,0,0,0,0,0,1,0
1549,2,0,0,0,0,0,0,0,1,0
4369,9,0,0,0,0,0,0,0,0,1
1738,3,0,0,0,0,0,0,1,0,0
4533,9,0,0,0,0,0,0,0,0,1
2240,4,0,0,0,1,0,0,0,0,0
274,1,0,0,1,0,0,0,0,0,0
2220,4,0,0,0,1,0,0,0,0,0
806,3,0,0,0,0,0,0,1,0,0
3949,8,1,0,0,0,0,0,0,0,0
3375,7,0,0,0,0,1,0,0,0,0
2992,6,0,1,0,0,0,0,0,0,0
3998,8,1,0,0,0,0,0,0,0,0
3896,8,1,0,0,0,0,0,0,0,0
4379,9,0,0,0,0,0,0,0,0,1
3253,6,0,1,0,0,0,0,0,0,0
2111,4,0,0,0,1,0,0,0,0,0
1427,2,0,0,0,0,0,0,0,1,0
2526,5,0,0,0,0,0,1,0,0,0
4713,9,0,0,0,0,0,0,0,0,1
889,4,0,0,0,1,0,0,0,0,0
2,1,0,0,1,0,0,0,0,0,0
3408,7,0,0,0,0,1,0,0,0,0
3015,6,0,1,0,0,0,0,0,0,0
3767,7,0,0,0,0,1,0,0,0,0
2365,5,0,0,0,0,0,1,0,0,0
3777,7,0,0,0,0,1,0,0,0,0
3503,7,0,0,0,0,1,0,0,0,0
4231,8,1,0,0,0,0,0,0,0,0
2883,6,0,1,0,0,0,0,0,0,0
4027,8,1,0,0,0,0,0,0,0,0
2651,5,0,0,0,0,0,1,0,0,0
1028,5,0,0,0,0,0,1,0,0,0
4708,9,0,0,0,0,0,0,0,0,1
3213,6,0,1,0,0,0,0,0,0,0
2463,5,0,0,0,0,0,1,0,0,0
1900,3,0,0,0,0,0,0,1,0,0
2434,5,0,0,0,0,0,1,0,0,0
1531,2,0,0,0,0,0,0,0,1,0
2960,6,0,1,0,0,0,0,0,0,0
1340,2,0,0,0,0,0,0,0,1,0
1899,3,0,0,0,0,0,0,1,0,0
3300,7,0,0,0,0,1,0,0,0,0
1679,3,0,0,0,0,0,0,1,0,0
4376,9,0,0,0,0,0,0,0,0,1
2800,6,0,1,0,0,0,0,0,0,0
802,3,0,0,0,0,0,0,1,0,0
4149,8,1,0,0,0,0,0,0,0,0
1890,3,0,0,0,0,0,0,1,0,0
350,1,0,0,1,0,0,0,0,0,0
79,1,0,0,1,0,0,0,0,0,0
3927,8,1,0,0,0,0,0,0,0,0
