,multiclase1,ova_2,ova_1,ova_6,ova_4,ova_3,ova_7,ova_5,ova_8,ova_9
0,2,1,0,0,0,0,0,0,0,0
1,1,0,1,0,0,0,0,0,0,0
2,6,0,0,1,0,0,0,0,0,0
3,4,0,0,0,1,0,0,0,0,0
4,4,0,0,0,1,0,0,0,0,0
5,3,0,0,0,0,1,0,0,0,0
6,3,0,0,0,0,1,0,0,0,0
7,7,0,0,0,0,0,1,0,0,0
8,2,1,0,0,0,0,0,0,0,0
9,1,0,1,0,0,0,0,0,0,0
10,1,0,1,0,0,0,0,0,0,0
11,3,0,0,0,0,1,0,0,0,0
12,2,1,0,0,0,0,0,0,0,0
13,1,0,1,0,0,0,0,0,0,0
14,2,1,0,0,0,0,0,0,0,0
15,2,1,0,0,0,0,0,0,0,0
16,2,1,0,0,0,0,0,0,0,0
17,1,0,1,0,0,0,0,0,0,0
18,1,0,1,0,0,0,0,0,0,0
19,1,0,1,0,0,0,0,0,0,0
20,2,1,0,0,0,0,0,0,0,0
21,1,0,1,0,0,0,0,0,0,0
22,3,0,0,0,0,1,0,0,0,0
23,1,0,1,0,0,0,0,0,0,0
24,1,0,1,0,0,0,0,0,0,0
25,6,0,0,1,0,0,0,0,0,0
26,1,0,1,0,0,0,0,0,0,0
27,5,0,0,0,0,0,0,1,0,0
28,1,0,1,0,0,0,0,0,0,0
29,4,0,0,0,1,0,0,0,0,0
30,1,0,1,0,0,0,0,0,0,0
31,1,0,1,0,0,0,0,0,0,0
32,3,0,0,0,0,1,0,0,0,0
33,1,0,1,0,0,0,0,0,0,0
34,1,0,1,0,0,0,0,0,0,0
35,4,0,0,0,1,0,0,0,0,0
36,1,0,1,0,0,0,0,0,0,0
37,2,1,0,0,0,0,0,0,0,0
38,2,1,0,0,0,0,0,0,0,0
39,8,0,0,0,0,0,0,0,1,0
40,1,0,1,0,0,0,0,0,0,0
41,9,0,0,0,0,0,0,0,0,1
42,5,0,0,0,0,0,0,1,0,0
43,1,0,1,0,0,0,0,0,0,0
44,1,0,1,0,0,0,0,0,0,0
45,7,0,0,0,0,0,1,0,0,0
46,8,0,0,0,0,0,0,0,1,0
47,4,0,0,0,1,0,0,0,0,0
48,1,0,1,0,0,0,0,0,0,0
49,4,0,0,0,1,0,0,0,0,0
50,1,0,1,0,0,0,0,0,0,0
51,1,0,1,0,0,0,0,0,0,0
52,5,0,0,0,0,0,0,1,0,0
53,1,0,1,0,0,0,0,0,0,0
54,2,1,0,0,0,0,0,0,0,0
55,2,1,0,0,0,0,0,0,0,0
56,3,0,0,0,0,1,0,0,0,0
57,4,0,0,0,1,0,0,0,0,0
58,3,0,0,0,0,1,0,0,0,0
59,3,0,0,0,0,1,0,0,0,0
60,1,0,1,0,0,0,0,0,0,0
61,7,0,0,0,0,0,1,0,0,0
62,3,0,0,0,0,1,0,0,0,0
63,1,0,1,0,0,0,0,0,0,0
64,3,0,0,0,0,1,0,0,0,0
65,2,1,0,0,0,0,0,0,0,0
66,4,0,0,0,1,0,0,0,0,0
67,1,0,1,0,0,0,0,0,0,0
68,2,1,0,0,0,0,0,0,0,0
69,5,0,0,0,0,0,0,1,0,0
70,2,1,0,0,0,0,0,0,0,0
71,2,1,0,0,0,0,0,0,0,0
72,1,0,1,0,0,0,0,0,0,0
73,1,0,1,0,0,0,0,0,0,0
74,1,0,1,0,0,0,0,0,0,0
75,1,0,1,0,0,0,0,0,0,0
76,1,0,1,0,0,0,0,0,0,0
77,2,1,0,0,0,0,0,0,0,0
78,1,0,1,0,0,0,0,0,0,0
79,5,0,0,0,0,0,0,1,0,0
80,6,0,0,1,0,0,0,0,0,0
81,1,0,1,0,0,0,0,0,0,0
82,2,1,0,0,0,0,0,0,0,0
83,1,0,1,0,0,0,0,0,0,0
84,9,0,0,0,0,0,0,0,0,1
85,4,0,0,0,1,0,0,0,0,0
86,5,0,0,0,0,0,0,1,0,0
87,3,0,0,0,0,1,0,0,0,0
88,4,0,0,0,1,0,0,0,0,0
89,3,0,0,0,0,1,0,0,0,0
90,7,0,0,0,0,0,1,0,0,0
91,1,0,1,0,0,0,0,0,0,0
92,1,0,1,0,0,0,0,0,0,0
93,1,0,1,0,0,0,0,0,0,0
94,3,0,0,0,0,1,0,0,0,0
95,2,1,0,0,0,0,0,0,0,0
96,1,0,1,0,0,0,0,0,0,0
97,6,0,0,1,0,0,0,0,0,0
98,1,0,1,0,0,0,0,0,0,0
99,4,0,0,0,1,0,0,0,0,0
100,1,0,1,0,0,0,0,0,0,0
101,4,0,0,0,1,0,0,0,0,0
102,5,0,0,0,0,0,0,1,0,0
103,1,0,1,0,0,0,0,0,0,0
104,1,0,1,0,0,0,0,0,0,0
105,1,0,1,0,0,0,0,0,0,0
106,3,0,0,0,0,1,0,0,0,0
107,1,0,1,0,0,0,0,0,0,0
108,4,0,0,0,1,0,0,0,0,0
109,2,1,0,0,0,0,0,0,0,0
110,4,0,0,0,1,0,0,0,0,0
111,1,0,1,0,0,0,0,0,0,0
112,5,0,0,0,0,0,0,1,0,0
113,1,0,1,0,0,0,0,0,0,0
114,6,0,0,1,0,0,0,0,0,0
115,1,0,1,0,0,0,0,0,0,0
116,4,0,0,0,1,0,0,0,0,0
117,1,0,1,0,0,0,0,0,0,0
118,7,0,0,0,0,0,1,0,0,0
119,1,0,1,0,0,0,0,0,0,0
120,1,0,1,0,0,0,0,0,0,0
121,1,0,1,0,0,0,0,0,0,0
122,2,1,0,0,0,0,0,0,0,0
123,1,0,1,0,0,0,0,0,0,0
124,5,0,0,0,0,0,0,1,0,0
125,1,0,1,0,0,0,0,0,0,0
126,5,0,0,0,0,0,0,1,0,0
127,3,0,0,0,0,1,0,0,0,0
128,2,1,0,0,0,0,0,0,0,0
129,4,0,0,0,1,0,0,0,0,0
130,1,0,1,0,0,0,0,0,0,0
131,1,0,1,0,0,0,0,0,0,0
132,1,0,1,0,0,0,0,0,0,0
133,3,0,0,0,0,1,0,0,0,0
134,1,0,1,0,0,0,0,0,0,0
135,1,0,1,0,0,0,0,0,0,0
136,1,0,1,0,0,0,0,0,0,0
137,1,0,1,0,0,0,0,0,0,0
138,1,0,1,0,0,0,0,0,0,0
139,1,0,1,0,0,0,0,0,0,0
140,1,0,1,0,0,0,0,0,0,0
141,1,0,1,0,0,0,0,0,0,0
142,3,0,0,0,0,1,0,0,0,0
143,1,0,1,0,0,0,0,0,0,0
144,1,0,1,0,0,0,0,0,0,0
145,3,0,0,0,0,1,0,0,0,0
146,1,0,1,0,0,0,0,0,0,0
147,1,0,1,0,0,0,0,0,0,0
148,2,1,0,0,0,0,0,0,0,0
149,5,0,0,0,0,0,0,1,0,0
150,2,1,0,0,0,0,0,0,0,0
151,1,0,1,0,0,0,0,0,0,0
152,4,0,0,0,1,0,0,0,0,0
153,1,0,1,0,0,0,0,0,0,0
154,2,1,0,0,0,0,0,0,0,0
155,1,0,1,0,0,0,0,0,0,0
156,1,0,1,0,0,0,0,0,0,0
157,1,0,1,0,0,0,0,0,0,0
158,2,1,0,0,0,0,0,0,0,0
159,1,0,1,0,0,0,0,0,0,0
160,9,0,0,0,0,0,0,0,0,1
161,9,0,0,0,0,0,0,0,0,1
162,2,1,0,0,0,0,0,0,0,0
163,1,0,1,0,0,0,0,0,0,0
164,1,0,1,0,0,0,0,0,0,0
165,1,0,1,0,0,0,0,0,0,0
166,2,1,0,0,0,0,0,0,0,0
167,1,0,1,0,0,0,0,0,0,0
168,3,0,0,0,0,1,0,0,0,0
169,1,0,1,0,0,0,0,0,0,0
170,4,0,0,0,1,0,0,0,0,0
171,1,0,1,0,0,0,0,0,0,0
172,4,0,0,0,1,0,0,0,0,0
173,5,0,0,0,0,0,0,1,0,0
174,1,0,1,0,0,0,0,0,0,0
175,4,0,0,0,1,0,0,0,0,0
176,3,0,0,0,0,1,0,0,0,0
177,1,0,1,0,0,0,0,0,0,0
178,5,0,0,0,0,0,0,1,0,0
179,1,0,1,0,0,0,0,0,0,0
180,5,0,0,0,0,0,0,1,0,0
181,4,0,0,0,1,0,0,0,0,0
182,1,0,1,0,0,0,0,0,0,0
183,3,0,0,0,0,1,0,0,0,0
184,1,0,1,0,0,0,0,0,0,0
185,5,0,0,0,0,0,0,1,0,0
186,1,0,1,0,0,0,0,0,0,0
187,3,0,0,0,0,1,0,0,0,0
188,1,0,1,0,0,0,0,0,0,0
189,4,0,0,0,1,0,0,0,0,0
190,3,0,0,0,0,1,0,0,0,0
191,1,0,1,0,0,0,0,0,0,0
192,4,0,0,0,1,0,0,0,0,0
193,6,0,0,1,0,0,0,0,0,0
194,6,0,0,1,0,0,0,0,0,0
195,1,0,1,0,0,0,0,0,0,0
196,1,0,1,0,0,0,0,0,0,0
197,2,1,0,0,0,0,0,0,0,0
198,4,0,0,0,1,0,0,0,0,0
199,1,0,1,0,0,0,0,0,0,0
200,4,0,0,0,1,0,0,0,0,0
201,1,0,1,0,0,0,0,0,0,0
202,3,0,0,0,0,1,0,0,0,0
203,4,0,0,0,1,0,0,0,0,0
204,1,0,1,0,0,0,0,0,0,0
205,2,1,0,0,0,0,0,0,0,0
206,2,1,0,0,0,0,0,0,0,0
207,7,0,0,0,0,0,1,0,0,0
208,1,0,1,0,0,0,0,0,0,0
209,6,0,0,1,0,0,0,0,0,0
210,4,0,0,0,1,0,0,0,0,0
211,6,0,0,1,0,0,0,0,0,0
212,1,0,1,0,0,0,0,0,0,0
213,1,0,1,0,0,0,0,0,0,0
214,6,0,0,1,0,0,0,0,0,0
215,2,1,0,0,0,0,0,0,0,0
216,4,0,0,0,1,0,0,0,0,0
217,5,0,0,0,0,0,0,1,0,0
218,2,1,0,0,0,0,0,0,0,0
219,1,0,1,0,0,0,0,0,0,0
220,4,0,0,0,1,0,0,0,0,0
221,1,0,1,0,0,0,0,0,0,0
222,1,0,1,0,0,0,0,0,0,0
223,1,0,1,0,0,0,0,0,0,0
224,1,0,1,0,0,0,0,0,0,0
225,1,0,1,0,0,0,0,0,0,0
226,4,0,0,0,1,0,0,0,0,0
227,1,0,1,0,0,0,0,0,0,0
228,8,0,0,0,0,0,0,0,1,0
229,4,0,0,0,1,0,0,0,0,0
230,1,0,1,0,0,0,0,0,0,0
231,6,0,0,1,0,0,0,0,0,0
232,1,0,1,0,0,0,0,0,0,0
233,3,0,0,0,0,1,0,0,0,0
234,1,0,1,0,0,0,0,0,0,0
235,1,0,1,0,0,0,0,0,0,0
236,3,0,0,0,0,1,0,0,0,0
237,1,0,1,0,0,0,0,0,0,0
238,5,0,0,0,0,0,0,1,0,0
239,1,0,1,0,0,0,0,0,0,0
240,1,0,1,0,0,0,0,0,0,0
241,4,0,0,0,1,0,0,0,0,0
242,1,0,1,0,0,0,0,0,0,0
243,1,0,1,0,0,0,0,0,0,0
244,1,0,1,0,0,0,0,0,0,0
245,4,0,0,0,1,0,0,0,0,0
246,1,0,1,0,0,0,0,0,0,0
247,2,1,0,0,0,0,0,0,0,0
248,3,0,0,0,0,1,0,0,0,0
249,1,0,1,0,0,0,0,0,0,0
250,3,0,0,0,0,1,0,0,0,0
251,4,0,0,0,1,0,0,0,0,0
252,1,0,1,0,0,0,0,0,0,0
253,4,0,0,0,1,0,0,0,0,0
254,1,0,1,0,0,0,0,0,0,0
255,2,1,0,0,0,0,0,0,0,0
256,8,0,0,0,0,0,0,0,1,0
257,1,0,1,0,0,0,0,0,0,0
258,1,0,1,0,0,0,0,0,0,0
259,4,0,0,0,1,0,0,0,0,0
260,1,0,1,0,0,0,0,0,0,0
261,5,0,0,0,0,0,0,1,0,0
262,8,0,0,0,0,0,0,0,1,0
263,2,1,0,0,0,0,0,0,0,0
264,1,0,1,0,0,0,0,0,0,0
265,1,0,1,0,0,0,0,0,0,0
266,1,0,1,0,0,0,0,0,0,0
267,2,1,0,0,0,0,0,0,0,0
268,4,0,0,0,1,0,0,0,0,0
269,1,0,1,0,0,0,0,0,0,0
270,1,0,1,0,0,0,0,0,0,0
271,4,0,0,0,1,0,0,0,0,0
272,1,0,1,0,0,0,0,0,0,0
273,1,0,1,0,0,0,0,0,0,0
274,2,1,0,0,0,0,0,0,0,0
275,1,0,1,0,0,0,0,0,0,0
276,2,1,0,0,0,0,0,0,0,0
277,1,0,1,0,0,0,0,0,0,0
278,3,0,0,0,0,1,0,0,0,0
279,1,0,1,0,0,0,0,0,0,0
280,1,0,1,0,0,0,0,0,0,0
281,3,0,0,0,0,1,0,0,0,0
282,5,0,0,0,0,0,0,1,0,0
283,1,0,1,0,0,0,0,0,0,0
284,1,0,1,0,0,0,0,0,0,0
285,4,0,0,0,1,0,0,0,0,0
286,1,0,1,0,0,0,0,0,0,0
287,1,0,1,0,0,0,0,0,0,0
288,1,0,1,0,0,0,0,0,0,0
289,1,0,1,0,0,0,0,0,0,0
290,8,0,0,0,0,0,0,0,1,0
291,1,0,1,0,0,0,0,0,0,0
292,1,0,1,0,0,0,0,0,0,0
293,4,0,0,0,1,0,0,0,0,0
294,3,0,0,0,0,1,0,0,0,0
295,5,0,0,0,0,0,0,1,0,0
296,2,1,0,0,0,0,0,0,0,0
297,3,0,0,0,0,1,0,0,0,0
298,1,0,1,0,0,0,0,0,0,0
299,1,0,1,0,0,0,0,0,0,0
300,5,0,0,0,0,0,0,1,0,0
301,1,0,1,0,0,0,0,0,0,0
302,1,0,1,0,0,0,0,0,0,0
303,2,1,0,0,0,0,0,0,0,0
304,1,0,1,0,0,0,0,0,0,0
305,2,1,0,0,0,0,0,0,0,0
306,3,0,0,0,0,1,0,0,0,0
307,1,0,1,0,0,0,0,0,0,0
308,1,0,1,0,0,0,0,0,0,0
309,1,0,1,0,0,0,0,0,0,0
310,3,0,0,0,0,1,0,0,0,0
311,1,0,1,0,0,0,0,0,0,0
312,5,0,0,0,0,0,0,1,0,0
313,1,0,1,0,0,0,0,0,0,0
314,4,0,0,0,1,0,0,0,0,0
315,3,0,0,0,0,1,0,0,0,0
316,1,0,1,0,0,0,0,0,0,0
317,4,0,0,0,1,0,0,0,0,0
318,1,0,1,0,0,0,0,0,0,0
319,2,1,0,0,0,0,0,0,0,0
320,3,0,0,0,0,1,0,0,0,0
321,1,0,1,0,0,0,0,0,0,0
322,3,0,0,0,0,1,0,0,0,0
323,5,0,0,0,0,0,0,1,0,0
324,1,0,1,0,0,0,0,0,0,0
325,1,0,1,0,0,0,0,0,0,0
326,1,0,1,0,0,0,0,0,0,0
327,1,0,1,0,0,0,0,0,0,0
328,5,0,0,0,0,0,0,1,0,0
329,1,0,1,0,0,0,0,0,0,0
330,5,0,0,0,0,0,0,1,0,0
331,4,0,0,0,1,0,0,0,0,0
332,1,0,1,0,0,0,0,0,0,0
333,1,0,1,0,0,0,0,0,0,0
334,2,1,0,0,0,0,0,0,0,0
335,1,0,1,0,0,0,0,0,0,0
336,1,0,1,0,0,0,0,0,0,0
337,1,0,1,0,0,0,0,0,0,0
338,2,1,0,0,0,0,0,0,0,0
339,5,0,0,0,0,0,0,1,0,0
340,3,0,0,0,0,1,0,0,0,0
341,1,0,1,0,0,0,0,0,0,0
342,1,0,1,0,0,0,0,0,0,0
343,4,0,0,0,1,0,0,0,0,0
344,4,0,0,0,1,0,0,0,0,0
345,5,0,0,0,0,0,0,1,0,0
346,1,0,1,0,0,0,0,0,0,0
347,1,0,1,0,0,0,0,0,0,0
348,1,0,1,0,0,0,0,0,0,0
349,1,0,1,0,0,0,0,0,0,0
350,1,0,1,0,0,0,0,0,0,0
351,1,0,1,0,0,0,0,0,0,0
352,1,0,1,0,0,0,0,0,0,0
353,1,0,1,0,0,0,0,0,0,0
354,2,1,0,0,0,0,0,0,0,0
355,1,0,1,0,0,0,0,0,0,0
356,3,0,0,0,0,1,0,0,0,0
357,1,0,1,0,0,0,0,0,0,0
358,1,0,1,0,0,0,0,0,0,0
359,1,0,1,0,0,0,0,0,0,0
360,6,0,0,1,0,0,0,0,0,0
361,1,0,1,0,0,0,0,0,0,0
362,1,0,1,0,0,0,0,0,0,0
363,1,0,1,0,0,0,0,0,0,0
364,4,0,0,0,1,0,0,0,0,0
365,1,0,1,0,0,0,0,0,0,0
366,3,0,0,0,0,1,0,0,0,0
367,1,0,1,0,0,0,0,0,0,0
368,4,0,0,0,1,0,0,0,0,0
369,3,0,0,0,0,1,0,0,0,0
370,1,0,1,0,0,0,0,0,0,0
371,2,1,0,0,0,0,0,0,0,0
372,1,0,1,0,0,0,0,0,0,0
373,1,0,1,0,0,0,0,0,0,0
374,1,0,1,0,0,0,0,0,0,0
375,1,0,1,0,0,0,0,0,0,0
376,6,0,0,1,0,0,0,0,0,0
377,2,1,0,0,0,0,0,0,0,0
378,9,0,0,0,0,0,0,0,0,1
379,5,0,0,0,0,0,0,1,0,0
380,3,0,0,0,0,1,0,0,0,0
381,5,0,0,0,0,0,0,1,0,0
382,5,0,0,0,0,0,0,1,0,0
383,1,0,1,0,0,0,0,0,0,0
384,1,0,1,0,0,0,0,0,0,0
385,2,1,0,0,0,0,0,0,0,0
386,8,0,0,0,0,0,0,0,1,0
387,1,0,1,0,0,0,0,0,0,0
388,1,0,1,0,0,0,0,0,0,0
389,1,0,1,0,0,0,0,0,0,0
390,4,0,0,0,1,0,0,0,0,0
391,4,0,0,0,1,0,0,0,0,0
392,1,0,1,0,0,0,0,0,0,0
393,5,0,0,0,0,0,0,1,0,0
394,1,0,1,0,0,0,0,0,0,0
395,4,0,0,0,1,0,0,0,0,0
396,1,0,1,0,0,0,0,0,0,0
397,1,0,1,0,0,0,0,0,0,0
398,1,0,1,0,0,0,0,0,0,0
399,1,0,1,0,0,0,0,0,0,0
400,4,0,0,0,1,0,0,0,0,0
401,5,0,0,0,0,0,0,1,0,0
402,3,0,0,0,0,1,0,0,0,0
403,1,0,1,0,0,0,0,0,0,0
404,1,0,1,0,0,0,0,0,0,0
405,2,1,0,0,0,0,0,0,0,0
406,1,0,1,0,0,0,0,0,0,0
407,2,1,0,0,0,0,0,0,0,0
408,5,0,0,0,0,0,0,1,0,0
409,6,0,0,1,0,0,0,0,0,0
410,1,0,1,0,0,0,0,0,0,0
411,1,0,1,0,0,0,0,0,0,0
412,1,0,1,0,0,0,0,0,0,0
413,1,0,1,0,0,0,0,0,0,0
414,1,0,1,0,0,0,0,0,0,0
415,1,0,1,0,0,0,0,0,0,0
416,9,0,0,0,0,0,0,0,0,1
417,5,0,0,0,0,0,0,1,0,0
418,4,0,0,0,1,0,0,0,0,0
419,8,0,0,0,0,0,0,0,1,0
420,1,0,1,0,0,0,0,0,0,0
421,1,0,1,0,0,0,0,0,0,0
422,4,0,0,0,1,0,0,0,0,0
423,2,1,0,0,0,0,0,0,0,0
424,1,0,1,0,0,0,0,0,0,0
425,1,0,1,0,0,0,0,0,0,0
426,1,0,1,0,0,0,0,0,0,0
427,5,0,0,0,0,0,0,1,0,0
428,1,0,1,0,0,0,0,0,0,0
429,1,0,1,0,0,0,0,0,0,0
430,4,0,0,0,1,0,0,0,0,0
431,1,0,1,0,0,0,0,0,0,0
432,5,0,0,0,0,0,0,1,0,0
433,4,0,0,0,1,0,0,0,0,0
434,1,0,1,0,0,0,0,0,0,0
435,4,0,0,0,1,0,0,0,0,0
436,3,0,0,0,0,1,0,0,0,0
437,1,0,1,0,0,0,0,0,0,0
438,1,0,1,0,0,0,0,0,0,0
439,6,0,0,1,0,0,0,0,0,0
440,2,1,0,0,0,0,0,0,0,0
441,9,0,0,0,0,0,0,0,0,1
442,4,0,0,0,1,0,0,0,0,0
443,2,1,0,0,0,0,0,0,0,0
444,6,0,0,1,0,0,0,0,0,0
445,4,0,0,0,1,0,0,0,0,0
446,1,0,1,0,0,0,0,0,0,0
447,1,0,1,0,0,0,0,0,0,0
448,8,0,0,0,0,0,0,0,1,0
449,4,0,0,0,1,0,0,0,0,0
450,1,0,1,0,0,0,0,0,0,0
451,1,0,1,0,0,0,0,0,0,0
452,6,0,0,1,0,0,0,0,0,0
453,6,0,0,1,0,0,0,0,0,0
454,1,0,1,0,0,0,0,0,0,0
455,1,0,1,0,0,0,0,0,0,0
456,1,0,1,0,0,0,0,0,0,0
457,1,0,1,0,0,0,0,0,0,0
458,4,0,0,0,1,0,0,0,0,0
459,3,0,0,0,0,1,0,0,0,0
460,1,0,1,0,0,0,0,0,0,0
461,1,0,1,0,0,0,0,0,0,0
462,4,0,0,0,1,0,0,0,0,0
463,1,0,1,0,0,0,0,0,0,0
464,5,0,0,0,0,0,0,1,0,0
465,1,0,1,0,0,0,0,0,0,0
466,1,0,1,0,0,0,0,0,0,0
467,7,0,0,0,0,0,1,0,0,0
468,4,0,0,0,1,0,0,0,0,0
469,4,0,0,0,1,0,0,0,0,0
470,1,0,1,0,0,0,0,0,0,0
471,3,0,0,0,0,1,0,0,0,0
472,3,0,0,0,0,1,0,0,0,0
473,8,0,0,0,0,0,0,0,1,0
474,6,0,0,1,0,0,0,0,0,0
475,2,1,0,0,0,0,0,0,0,0
476,9,0,0,0,0,0,0,0,0,1
477,1,0,1,0,0,0,0,0,0,0
478,1,0,1,0,0,0,0,0,0,0
479,2,1,0,0,0,0,0,0,0,0
480,6,0,0,1,0,0,0,0,0,0
481,5,0,0,0,0,0,0,1,0,0
482,1,0,1,0,0,0,0,0,0,0
483,1,0,1,0,0,0,0,0,0,0
484,2,1,0,0,0,0,0,0,0,0
485,4,0,0,0,1,0,0,0,0,0
486,1,0,1,0,0,0,0,0,0,0
487,6,0,0,1,0,0,0,0,0,0
488,5,0,0,0,0,0,0,1,0,0
489,4,0,0,0,1,0,0,0,0,0
490,1,0,1,0,0,0,0,0,0,0
491,1,0,1,0,0,0,0,0,0,0
492,4,0,0,0,1,0,0,0,0,0
493,1,0,1,0,0,0,0,0,0,0
494,1,0,1,0,0,0,0,0,0,0
495,2,1,0,0,0,0,0,0,0,0
496,1,0,1,0,0,0,0,0,0,0
497,4,0,0,0,1,0,0,0,0,0
498,1,0,1,0,0,0,0,0,0,0
499,2,1,0,0,0,0,0,0,0,0
500,5,0,0,0,0,0,0,1,0,0
501,1,0,1,0,0,0,0,0,0,0
502,2,1,0,0,0,0,0,0,0,0
503,1,0,1,0,0,0,0,0,0,0
504,1,0,1,0,0,0,0,0,0,0
505,5,0,0,0,0,0,0,1,0,0
506,2,1,0,0,0,0,0,0,0,0
507,1,0,1,0,0,0,0,0,0,0
508,1,0,1,0,0,0,0,0,0,0
509,2,1,0,0,0,0,0,0,0,0
510,4,0,0,0,1,0,0,0,0,0
511,1,0,1,0,0,0,0,0,0,0
512,1,0,1,0,0,0,0,0,0,0
513,1,0,1,0,0,0,0,0,0,0
514,1,0,1,0,0,0,0,0,0,0
515,1,0,1,0,0,0,0,0,0,0
516,1,0,1,0,0,0,0,0,0,0
517,2,1,0,0,0,0,0,0,0,0
518,1,0,1,0,0,0,0,0,0,0
519,2,1,0,0,0,0,0,0,0,0
520,1,0,1,0,0,0,0,0,0,0
521,1,0,1,0,0,0,0,0,0,0
522,1,0,1,0,0,0,0,0,0,0
523,7,0,0,0,0,0,1,0,0,0
524,1,0,1,0,0,0,0,0,0,0
525,3,0,0,0,0,1,0,0,0,0
526,4,0,0,0,1,0,0,0,0,0
527,3,0,0,0,0,1,0,0,0,0
528,4,0,0,0,1,0,0,0,0,0
529,3,0,0,0,0,1,0,0,0,0
530,2,1,0,0,0,0,0,0,0,0
531,2,1,0,0,0,0,0,0,0,0
532,1,0,1,0,0,0,0,0,0,0
533,5,0,0,0,0,0,0,1,0,0
534,1,0,1,0,0,0,0,0,0,0
535,1,0,1,0,0,0,0,0,0,0
536,5,0,0,0,0,0,0,1,0,0
537,5,0,0,0,0,0,0,1,0,0
538,7,0,0,0,0,0,1,0,0,0
539,1,0,1,0,0,0,0,0,0,0
540,1,0,1,0,0,0,0,0,0,0
541,3,0,0,0,0,1,0,0,0,0
542,7,0,0,0,0,0,1,0,0,0
543,5,0,0,0,0,0,0,1,0,0
544,3,0,0,0,0,1,0,0,0,0
545,2,1,0,0,0,0,0,0,0,0
546,1,0,1,0,0,0,0,0,0,0
547,1,0,1,0,0,0,0,0,0,0
548,1,0,1,0,0,0,0,0,0,0
549,2,1,0,0,0,0,0,0,0,0
550,1,0,1,0,0,0,0,0,0,0
551,1,0,1,0,0,0,0,0,0,0
552,1,0,1,0,0,0,0,0,0,0
553,5,0,0,0,0,0,0,1,0,0
554,1,0,1,0,0,0,0,0,0,0
555,1,0,1,0,0,0,0,0,0,0
556,1,0,1,0,0,0,0,0,0,0
557,1,0,1,0,0,0,0,0,0,0
558,4,0,0,0,1,0,0,0,0,0
559,1,0,1,0,0,0,0,0,0,0
560,3,0,0,0,0,1,0,0,0,0
561,2,1,0,0,0,0,0,0,0,0
562,4,0,0,0,1,0,0,0,0,0
563,3,0,0,0,0,1,0,0,0,0
564,2,1,0,0,0,0,0,0,0,0
565,5,0,0,0,0,0,0,1,0,0
566,3,0,0,0,0,1,0,0,0,0
567,1,0,1,0,0,0,0,0,0,0
568,7,0,0,0,0,0,1,0,0,0
569,1,0,1,0,0,0,0,0,0,0
570,6,0,0,1,0,0,0,0,0,0
571,2,1,0,0,0,0,0,0,0,0
572,3,0,0,0,0,1,0,0,0,0
573,1,0,1,0,0,0,0,0,0,0
574,1,0,1,0,0,0,0,0,0,0
575,4,0,0,0,1,0,0,0,0,0
576,8,0,0,0,0,0,0,0,1,0
577,2,1,0,0,0,0,0,0,0,0
578,2,1,0,0,0,0,0,0,0,0
579,5,0,0,0,0,0,0,1,0,0
580,8,0,0,0,0,0,0,0,1,0
581,2,1,0,0,0,0,0,0,0,0
582,1,0,1,0,0,0,0,0,0,0
583,1,0,1,0,0,0,0,0,0,0
584,5,0,0,0,0,0,0,1,0,0
585,4,0,0,0,1,0,0,0,0,0
586,1,0,1,0,0,0,0,0,0,0
587,4,0,0,0,1,0,0,0,0,0
588,5,0,0,0,0,0,0,1,0,0
589,1,0,1,0,0,0,0,0,0,0
590,1,0,1,0,0,0,0,0,0,0
591,2,1,0,0,0,0,0,0,0,0
592,5,0,0,0,0,0,0,1,0,0
593,3,0,0,0,0,1,0,0,0,0
594,3,0,0,0,0,1,0,0,0,0
595,5,0,0,0,0,0,0,1,0,0
596,2,1,0,0,0,0,0,0,0,0
597,1,0,1,0,0,0,0,0,0,0
598,2,1,0,0,0,0,0,0,0,0
599,3,0,0,0,0,1,0,0,0,0
600,9,0,0,0,0,0,0,0,0,1
601,1,0,1,0,0,0,0,0,0,0
602,1,0,1,0,0,0,0,0,0,0
603,2,1,0,0,0,0,0,0,0,0
604,1,0,1,0,0,0,0,0,0,0
605,5,0,0,0,0,0,0,1,0,0
606,3,0,0,0,0,1,0,0,0,0
607,4,0,0,0,1,0,0,0,0,0
608,1,0,1,0,0,0,0,0,0,0
609,4,0,0,0,1,0,0,0,0,0
610,4,0,0,0,1,0,0,0,0,0
611,1,0,1,0,0,0,0,0,0,0
612,4,0,0,0,1,0,0,0,0,0
613,2,1,0,0,0,0,0,0,0,0
614,4,0,0,0,1,0,0,0,0,0
615,1,0,1,0,0,0,0,0,0,0
616,3,0,0,0,0,1,0,0,0,0
617,1,0,1,0,0,0,0,0,0,0
618,1,0,1,0,0,0,0,0,0,0
619,1,0,1,0,0,0,0,0,0,0
620,4,0,0,0,1,0,0,0,0,0
621,1,0,1,0,0,0,0,0,0,0
622,4,0,0,0,1,0,0,0,0,0
623,2,1,0,0,0,0,0,0,0,0
624,1,0,1,0,0,0,0,0,0,0
625,3,0,0,0,0,1,0,0,0,0
626,1,0,1,0,0,0,0,0,0,0
627,1,0,1,0,0,0,0,0,0,0
628,7,0,0,0,0,0,1,0,0,0
629,7,0,0,0,0,0,1,0,0,0
630,1,0,1,0,0,0,0,0,0,0
631,1,0,1,0,0,0,0,0,0,0
632,5,0,0,0,0,0,0,1,0,0
633,1,0,1,0,0,0,0,0,0,0
634,2,1,0,0,0,0,0,0,0,0
635,4,0,0,0,1,0,0,0,0,0
636,5,0,0,0,0,0,0,1,0,0
637,1,0,1,0,0,0,0,0,0,0
638,9,0,0,0,0,0,0,0,0,1
639,5,0,0,0,0,0,0,1,0,0
640,1,0,1,0,0,0,0,0,0,0
641,8,0,0,0,0,0,0,0,1,0
642,3,0,0,0,0,1,0,0,0,0
643,5,0,0,0,0,0,0,1,0,0
644,5,0,0,0,0,0,0,1,0,0
645,4,0,0,0,1,0,0,0,0,0
646,4,0,0,0,1,0,0,0,0,0
647,1,0,1,0,0,0,0,0,0,0
648,4,0,0,0,1,0,0,0,0,0
649,1,0,1,0,0,0,0,0,0,0
650,5,0,0,0,0,0,0,1,0,0
651,6,0,0,1,0,0,0,0,0,0
652,1,0,1,0,0,0,0,0,0,0
653,1,0,1,0,0,0,0,0,0,0
654,8,0,0,0,0,0,0,0,1,0
655,1,0,1,0,0,0,0,0,0,0
656,2,1,0,0,0,0,0,0,0,0
657,3,0,0,0,0,1,0,0,0,0
658,2,1,0,0,0,0,0,0,0,0
659,3,0,0,0,0,1,0,0,0,0
660,7,0,0,0,0,0,1,0,0,0
661,2,1,0,0,0,0,0,0,0,0
662,1,0,1,0,0,0,0,0,0,0
663,1,0,1,0,0,0,0,0,0,0
664,1,0,1,0,0,0,0,0,0,0
665,1,0,1,0,0,0,0,0,0,0
666,1,0,1,0,0,0,0,0,0,0
667,2,1,0,0,0,0,0,0,0,0
668,2,1,0,0,0,0,0,0,0,0
669,1,0,1,0,0,0,0,0,0,0
670,3,0,0,0,0,1,0,0,0,0
671,4,0,0,0,1,0,0,0,0,0
672,2,1,0,0,0,0,0,0,0,0
673,3,0,0,0,0,1,0,0,0,0
674,1,0,1,0,0,0,0,0,0,0
675,7,0,0,0,0,0,1,0,0,0
676,8,0,0,0,0,0,0,0,1,0
677,3,0,0,0,0,1,0,0,0,0
678,2,1,0,0,0,0,0,0,0,0
679,1,0,1,0,0,0,0,0,0,0
680,1,0,1,0,0,0,0,0,0,0
681,1,0,1,0,0,0,0,0,0,0
682,5,0,0,0,0,0,0,1,0,0
683,1,0,1,0,0,0,0,0,0,0
684,1,0,1,0,0,0,0,0,0,0
685,1,0,1,0,0,0,0,0,0,0
686,1,0,1,0,0,0,0,0,0,0
687,4,0,0,0,1,0,0,0,0,0
688,5,0,0,0,0,0,0,1,0,0
689,3,0,0,0,0,1,0,0,0,0
690,2,1,0,0,0,0,0,0,0,0
691,1,0,1,0,0,0,0,0,0,0
692,1,0,1,0,0,0,0,0,0,0
693,4,0,0,0,1,0,0,0,0,0
694,1,0,1,0,0,0,0,0,0,0
695,1,0,1,0,0,0,0,0,0,0
696,1,0,1,0,0,0,0,0,0,0
697,5,0,0,0,0,0,0,1,0,0
698,1,0,1,0,0,0,0,0,0,0
699,3,0,0,0,0,1,0,0,0,0
700,1,0,1,0,0,0,0,0,0,0
701,2,1,0,0,0,0,0,0,0,0
702,5,0,0,0,0,0,0,1,0,0
703,1,0,1,0,0,0,0,0,0,0
704,2,1,0,0,0,0,0,0,0,0
705,2,1,0,0,0,0,0,0,0,0
706,1,0,1,0,0,0,0,0,0,0
707,1,0,1,0,0,0,0,0,0,0
708,4,0,0,0,1,0,0,0,0,0
709,2,1,0,0,0,0,0,0,0,0
710,4,0,0,0,1,0,0,0,0,0
711,3,0,0,0,0,1,0,0,0,0
712,3,0,0,0,0,1,0,0,0,0
713,2,1,0,0,0,0,0,0,0,0
714,8,0,0,0,0,0,0,0,1,0
715,4,0,0,0,1,0,0,0,0,0
716,1,0,1,0,0,0,0,0,0,0
717,1,0,1,0,0,0,0,0,0,0
718,1,0,1,0,0,0,0,0,0,0
719,5,0,0,0,0,0,0,1,0,0
720,8,0,0,0,0,0,0,0,1,0
721,5,0,0,0,0,0,0,1,0,0
722,1,0,1,0,0,0,0,0,0,0
723,1,0,1,0,0,0,0,0,0,0
724,1,0,1,0,0,0,0,0,0,0
725,4,0,0,0,1,0,0,0,0,0
726,2,1,0,0,0,0,0,0,0,0
727,8,0,0,0,0,0,0,0,1,0
728,2,1,0,0,0,0,0,0,0,0
729,3,0,0,0,0,1,0,0,0,0
730,2,1,0,0,0,0,0,0,0,0
731,2,1,0,0,0,0,0,0,0,0
732,3,0,0,0,0,1,0,0,0,0
733,5,0,0,0,0,0,0,1,0,0
734,9,0,0,0,0,0,0,0,0,1
735,1,0,1,0,0,0,0,0,0,0
736,2,1,0,0,0,0,0,0,0,0
737,6,0,0,1,0,0,0,0,0,0
738,2,1,0,0,0,0,0,0,0,0
739,4,0,0,0,1,0,0,0,0,0
740,8,0,0,0,0,0,0,0,1,0
741,2,1,0,0,0,0,0,0,0,0
742,4,0,0,0,1,0,0,0,0,0
743,3,0,0,0,0,1,0,0,0,0
744,4,0,0,0,1,0,0,0,0,0
745,3,0,0,0,0,1,0,0,0,0
746,1,0,1,0,0,0,0,0,0,0
747,1,0,1,0,0,0,0,0,0,0
748,1,0,1,0,0,0,0,0,0,0
749,4,0,0,0,1,0,0,0,0,0
750,4,0,0,0,1,0,0,0,0,0
751,4,0,0,0,1,0,0,0,0,0
752,6,0,0,1,0,0,0,0,0,0
753,1,0,1,0,0,0,0,0,0,0
754,2,1,0,0,0,0,0,0,0,0
755,1,0,1,0,0,0,0,0,0,0
756,4,0,0,0,1,0,0,0,0,0
757,2,1,0,0,0,0,0,0,0,0
758,4,0,0,0,1,0,0,0,0,0
759,3,0,0,0,0,1,0,0,0,0
760,4,0,0,0,1,0,0,0,0,0
761,1,0,1,0,0,0,0,0,0,0
762,2,1,0,0,0,0,0,0,0,0
763,1,0,1,0,0,0,0,0,0,0
764,5,0,0,0,0,0,0,1,0,0
765,4,0,0,0,1,0,0,0,0,0
766,3,0,0,0,0,1,0,0,0,0
767,4,0,0,0,1,0,0,0,0,0
768,2,1,0,0,0,0,0,0,0,0
769,1,0,1,0,0,0,0,0,0,0
770,4,0,0,0,1,0,0,0,0,0
771,1,0,1,0,0,0,0,0,0,0
772,2,1,0,0,0,0,0,0,0,0
773,1,0,1,0,0,0,0,0,0,0
774,1,0,1,0,0,0,0,0,0,0
775,1,0,1,0,0,0,0,0,0,0
776,1,0,1,0,0,0,0,0,0,0
777,9,0,0,0,0,0,0,0,0,1
778,8,0,0,0,0,0,0,0,1,0
779,5,0,0,0,0,0,0,1,0,0
780,1,0,1,0,0,0,0,0,0,0
781,1,0,1,0,0,0,0,0,0,0
782,2,1,0,0,0,0,0,0,0,0
783,3,0,0,0,0,1,0,0,0,0
784,1,0,1,0,0,0,0,0,0,0
785,4,0,0,0,1,0,0,0,0,0
786,4,0,0,0,1,0,0,0,0,0
787,1,0,1,0,0,0,0,0,0,0
788,4,0,0,0,1,0,0,0,0,0
789,4,0,0,0,1,0,0,0,0,0
790,1,0,1,0,0,0,0,0,0,0
791,2,1,0,0,0,0,0,0,0,0
792,1,0,1,0,0,0,0,0,0,0
793,4,0,0,0,1,0,0,0,0,0
794,1,0,1,0,0,0,0,0,0,0
795,4,0,0,0,1,0,0,0,0,0
796,1,0,1,0,0,0,0,0,0,0
797,1,0,1,0,0,0,0,0,0,0
798,2,1,0,0,0,0,0,0,0,0
799,1,0,1,0,0,0,0,0,0,0
800,1,0,1,0,0,0,0,0,0,0
801,1,0,1,0,0,0,0,0,0,0
802,1,0,1,0,0,0,0,0,0,0
803,2,1,0,0,0,0,0,0,0,0
804,1,0,1,0,0,0,0,0,0,0
805,1,0,1,0,0,0,0,0,0,0
806,1,0,1,0,0,0,0,0,0,0
807,1,0,1,0,0,0,0,0,0,0
808,6,0,0,1,0,0,0,0,0,0
809,1,0,1,0,0,0,0,0,0,0
810,1,0,1,0,0,0,0,0,0,0
811,1,0,1,0,0,0,0,0,0,0
812,3,0,0,0,0,1,0,0,0,0
813,3,0,0,0,0,1,0,0,0,0
814,1,0,1,0,0,0,0,0,0,0
815,1,0,1,0,0,0,0,0,0,0
816,7,0,0,0,0,0,1,0,0,0
817,1,0,1,0,0,0,0,0,0,0
818,5,0,0,0,0,0,0,1,0,0
819,3,0,0,0,0,1,0,0,0,0
820,1,0,1,0,0,0,0,0,0,0
821,8,0,0,0,0,0,0,0,1,0
822,1,0,1,0,0,0,0,0,0,0
823,8,0,0,0,0,0,0,0,1,0
824,4,0,0,0,1,0,0,0,0,0
825,1,0,1,0,0,0,0,0,0,0
826,5,0,0,0,0,0,0,1,0,0
827,1,0,1,0,0,0,0,0,0,0
828,1,0,1,0,0,0,0,0,0,0
829,1,0,1,0,0,0,0,0,0,0
830,7,0,0,0,0,0,1,0,0,0
831,2,1,0,0,0,0,0,0,0,0
832,1,0,1,0,0,0,0,0,0,0
833,1,0,1,0,0,0,0,0,0,0
834,5,0,0,0,0,0,0,1,0,0
835,8,0,0,0,0,0,0,0,1,0
836,1,0,1,0,0,0,0,0,0,0
837,1,0,1,0,0,0,0,0,0,0
838,9,0,0,0,0,0,0,0,0,1
839,1,0,1,0,0,0,0,0,0,0
840,1,0,1,0,0,0,0,0,0,0
841,8,0,0,0,0,0,0,0,1,0
842,2,1,0,0,0,0,0,0,0,0
843,2,1,0,0,0,0,0,0,0,0
844,1,0,1,0,0,0,0,0,0,0
845,1,0,1,0,0,0,0,0,0,0
846,8,0,0,0,0,0,0,0,1,0
847,7,0,0,0,0,0,1,0,0,0
848,1,0,1,0,0,0,0,0,0,0
849,1,0,1,0,0,0,0,0,0,0
850,1,0,1,0,0,0,0,0,0,0
851,3,0,0,0,0,1,0,0,0,0
852,2,1,0,0,0,0,0,0,0,0
853,4,0,0,0,1,0,0,0,0,0
854,4,0,0,0,1,0,0,0,0,0
855,1,0,1,0,0,0,0,0,0,0
856,4,0,0,0,1,0,0,0,0,0
857,1,0,1,0,0,0,0,0,0,0
858,1,0,1,0,0,0,0,0,0,0
859,1,0,1,0,0,0,0,0,0,0
860,2,1,0,0,0,0,0,0,0,0
861,5,0,0,0,0,0,0,1,0,0
862,3,0,0,0,0,1,0,0,0,0
863,1,0,1,0,0,0,0,0,0,0
864,2,1,0,0,0,0,0,0,0,0
865,2,1,0,0,0,0,0,0,0,0
866,1,0,1,0,0,0,0,0,0,0
867,2,1,0,0,0,0,0,0,0,0
