indice,CIE DL,CIE Da,CIE Db,CIE DC,CIE DH,y,XGBoost,KNeighbors,RedesNeuronales,SVC,GaussianNB,RandomF,CantCoincidencia
106,-1.1722658879688936,0.2427708785209606,-0.1222220872886701,-0.0016964221332252,0.619630579448376,0,0,0,0,0,0,0,6
721,1.1849603649714464,-0.1134796945000689,-0.1539309231213255,0.4440248125480387,-0.1564630269136266,0,0,0,0,0,0,0,6
1119,-0.0293683107856984,-0.920980993347736,-3.9748456409563073,-3.1960319373489505,-0.3618995697741567,0,0,0,0,0,0,0,6
663,0.8635204213886729,0.2427708785209606,0.733916480193027,-0.818852019048876,0.7109357096086116,0,0,0,0,0,0,0,6
430,-1.838956141325757,0.4327711841321763,-0.3283295202009305,0.2211641952074067,0.7565882746887295,0,0,0,0,0,1,0,5
1111,-0.5055756346120297,4.612777907578923,-3.11870707347461,-1.814296109837032,-5.474986858747351,0,0,0,0,0,0,0,6
961,1.4587795761715872,-0.6834806113337161,-0.8039620576907623,0.1468773227605294,0.619630579448376,0,0,0,0,0,0,0,6
361,-0.7793948458121701,0.1240206875139507,0.0046132560419516,-0.1354127925376044,0.5283254492881405,0,0,0,0,0,0,0,6
1073,-0.2198512403162309,-1.8234824450010103,-0.81981647560709,-0.8039946445595005,0.0261472334068446,0,0,0,0,0,0,0,6
575,-0.2198512403162309,0.0527705729097448,0.8607518235236489,-0.9525683894532552,0.5511517318281994,0,0,0,0,0,0,0,6
99,-0.6484378317599291,-0.042229579895863,-0.3124751022846028,0.132019948271154,0.3000626238875514,0,0,0,0,0,0,0,6
631,1.292107012832371,-0.5172303439239024,0.4326825397828003,-0.5811340272188684,-0.0651578967533909,0,0,0,0,0,0,0,6
756,2.089754280241476,0.0290205347083428,-0.185639758953981,0.4737395615267897,-0.2249418745338033,0,0,0,0,0,0,0,6
744,0.244450900414442,-0.6122304967295102,-0.3600383560335859,0.2508789441861577,0.1174523635670802,0,0,0,0,0,0,0,6
431,-1.4698954653603509,0.5040212987363822,-0.2173485947866364,0.132019948271154,0.8707196873890242,0,0,0,0,0,0,0,6
111,-1.0889296062992857,0.3377710313265684,-0.1222220872886701,0.0131609523561502,0.7109357096086116,0,0,0,0,0,0,0,6
197,-0.9222570429600696,0.1002706493125487,0.1790118531215566,-0.2988439119207345,0.5283254492881405,0,0,0,0,0,0,0,6
544,1.256391463545396,-0.0659796180972649,0.559517883113422,-0.6702782741551211,0.391367754047787,0,0,0,0,0,0,0,6
204,-0.4817652684207131,0.1240206875139507,0.1948662710378843,-0.31370128641011,0.5739780143682583,0,0,0,0,0,0,0,6
400,-0.9936881415340192,0.2190208403195586,0.2107206889542121,-0.31370128641011,0.6881094270685527,0,0,0,0,0,0,0,6
899,0.1134938863622009,-0.3747301147154905,-1.1844680876826277,-0.1948422904951062,0.9620248175492596,0,0,0,0,0,0,0,6
933,0.7206582242407734,0.3140209931251664,1.8120168985033125,0.8451739237611764,-3.1010534745812253,0,0,0,0,0,0,0,6
851,0.1730198018404924,-0.042229579895863,0.1948662710378843,0.2360215696967822,-0.9325566332756292,0,0,0,0,0,0,0,6
627,1.6373573226064613,-0.3509800765140886,0.3692648681174893,-0.5217045292613665,0.0717997984869624,0,0,0,0,0,0,0,6
964,-0.3269978881771554,0.646521527944794,0.2265751068705398,-0.1205554180482289,-1.2977771539165717,0,0,0,0,0,0,0,6
1163,-1.874671690612732,0.1477707257153527,-0.185639758953981,0.5331690594842916,0.1859312111872569,0,1,1,1,1,1,1,0
1107,0.1849249849361507,0.931521986361618,-3.705320536378736,-2.7651680771570617,-2.073870760278574,0,0,0,0,0,0,0,6
572,0.9825722523452556,-0.5172303439239024,-0.1380765052049978,-0.0462685456013516,-0.1336367443735676,0,0,0,0,0,0,0,6
376,-0.4103341698467634,0.0527705729097448,-0.185639758953981,0.0280183268455257,0.414194036587846,0,0,0,0,0,0,0,6
112,-1.3151280851167928,0.2190208403195586,-0.0588044156233591,-0.061125920090727,0.619630579448376,0,0,0,0,0,0,0,6
377,-0.8746363105774365,0.1477707257153527,0.0838853456235902,-0.2096996649844817,0.5739780143682583,0,0,0,0,0,0,0,6
793,1.0659085340148635,-0.4934803057225004,0.0204676739582794,0.5628838084630425,0.0261472334068446,0,0,0,0,0,0,0,6
85,-1.1008347893949435,0.2902709549237645,-0.5661457889458464,0.4143100635692878,0.5739780143682583,0,0,0,0,0,0,0,6
188,-0.6722481979512457,0.1002706493125487,0.163157435205229,-0.283986537431359,0.5511517318281994,0,0,0,0,0,0,0,6
471,-0.7317741134295371,-0.2322298855070787,-0.5027281172805356,0.2954510676542841,0.1174523635670802,0,0,0,0,0,0,0,6
689,0.411123463753658,-0.042229579895863,0.6070811368624053,-0.7148503976232475,0.4370203191279048,0,0,0,0,0,0,0,6
288,0.0539679708839095,0.1715207639167546,-0.011241161874376,-0.1056980435588534,0.5739780143682583,0,0,0,0,0,0,0,6
9,-0.2912823388901806,0.1002706493125487,-0.0588044156233591,-0.0759832945801025,0.4826728842080227,0,0,0,0,0,0,0,6
1016,0.994477435440914,5.610279512037805,0.2265751068705398,3.950365192040649,-0.6358149602548635,0,0,0,0,0,0,0,6
97,-1.6365680286995663,0.0290205347083428,0.1473030172889012,-0.283986537431359,0.4598466016679637,0,0,0,0,0,0,0,6
74,-1.4698954653603509,0.2427708785209606,0.0521765097909349,-0.1502701670269798,0.6652831445284938,0,0,0,0,0,0,0,6
801,1.244486280449738,-0.9447310315491378,-0.2173485947866364,0.4885969360161651,0.2315837762673747,0,0,0,0,0,0,0,6
578,0.1730198018404924,0.1240206875139507,0.4009737039501448,-0.5217045292613665,0.5511517318281994,0,0,0,0,0,0,0,6
219,-0.8746363105774365,0.1952708021181566,-0.0905132514560146,-0.0462685456013516,0.5968042969083173,0,0,0,0,0,0,0,6
818,-0.7198689303338788,0.2665209167223626,1.4473652864277746,0.6817428043780462,-2.621701541239988,0,0,0,0,0,0,0,6
146,-1.4103695498820592,0.3377710313265684,0.0046132560419516,-0.1056980435588534,0.7337619921486705,0,0,0,0,0,0,0,6
928,0.494459745423266,0.0765206111111468,2.240086182244161,1.186893537016812,-3.489100277762226,0,0,0,0,0,0,0,6
195,-0.43414453603808,0.0765206111111468,0.1314485993725735,-0.2542717884526081,0.5054991667480816,0,0,0,0,0,0,0,6
337,0.0896835201708843,0.1715207639167546,-0.1063676693723423,-0.0314111711119761,0.5511517318281994,0,0,0,0,0,0,0,6
62,-1.838956141325757,0.2427708785209606,-0.5661457889458464,0.3994526890799123,0.5283254492881405,0,1,0,0,0,1,1,3
549,1.0897189002061802,-0.2559799237084807,0.559517883113422,-0.699993023133872,0.2087574937273158,0,0,0,0,0,0,0,6
1132,-1.136550338681919,-0.5884804585281083,2.0656875851645564,-1.91829773126266,-1.434734849156925,1,0,0,0,0,0,0,0
284,-0.6841533810469039,0.2427708785209606,0.1948662710378843,-0.283986537431359,0.6881094270685527,0,0,0,0,0,0,0,6
897,0.2801664497014169,-0.4697302675210985,-1.6601006251724597,-0.3285586608994855,1.6468132937510267,0,0,0,0,0,0,0,6
330,-0.7913000289078285,0.3377710313265684,0.163157435205229,-0.2394144139632327,0.7794145572287884,0,0,0,0,0,0,0,6
427,-0.8508259443861199,0.2190208403195586,-0.2173485947866364,0.0725904503136521,0.5739780143682583,0,0,0,0,0,0,0,6
782,1.2206759142584211,-0.5409803821253043,-0.6295634606111574,0.2805936931649087,0.3228889064276103,0,0,0,0,0,0,0,6
154,-0.934162226055728,0.2190208403195586,-0.0746588335396869,-0.0462685456013516,0.619630579448376,0,0,0,0,0,0,0,6
628,1.4706847592672452,-0.2797299619098827,0.3217016143685062,-0.4622750313038646,0.1402786461071391,0,0,0,0,0,0,0,6
76,-1.4698954653603509,-0.042229579895863,-0.1539309231213255,-0.0016964221332252,0.3457151889676693,0,0,0,0,0,0,0,6
1043,-0.0293683107856984,2.4990245076541475,0.3217016143685062,2.0931933808687155,0.2087574937273158,0,0,0,0,0,0,0,6
623,0.8635204213886729,-0.6122304967295102,1.590055047674724,-1.6657223649432773,-0.042331614213332,0,0,0,0,0,0,0,6
416,-0.4103341698467634,0.3852711077293724,-0.3758927739499137,0.2657363186755332,0.7109357096086116,0,0,0,0,0,0,0,6
879,2.7088238012157064,-1.657232177591197,0.5436634651970943,1.2760377839530648,-0.6129886777148046,0,0,0,0,0,0,0,6
313,-0.8984466767687531,0.2902709549237645,0.2741383606195229,-0.3434160353888609,0.7794145572287884,0,0,0,0,0,0,0,6
214,-0.6722481979512457,0.4090211459307744,0.0680309277072626,-0.1354127925376044,0.8478934048489651,0,0,0,0,0,0,0,6
962,-0.4103341698467634,0.8602718717574119,-0.2490574306192919,-0.4474176568144891,-0.7955989380352759,0,0,0,0,0,0,0,6
821,-1.3151280851167928,-0.8259808405421281,1.9388522418339345,1.5137557757830724,-2.6901803888601648,0,0,0,0,0,0,0,6
0,-0.0055579445943818,-0.1134796945000689,-0.185639758953981,0.0131609523561502,0.2544100588074336,0,0,0,0,0,0,0,6
391,-0.0888942262639898,0.4090211459307744,-0.2490574306192919,0.1468773227605294,0.7565882746887295,0,0,0,0,0,0,0,6
842,0.7682789566234066,0.5515213751391862,1.9388522418339345,0.7857444258036744,-3.374968865061932,0,0,0,0,0,0,0,6
443,-0.1246097755509647,-0.2797299619098827,-0.5027281172805356,0.2954510676542841,0.0717997984869624,0,0,0,0,0,0,0,6
1136,0.2206405342231254,-0.0659796180972649,2.3986303614074385,-2.3343042169651733,-1.1151668935961003,1,0,0,0,0,0,0,0
726,0.5658908439972157,-0.1372297327014709,-0.3283295202009305,0.3103084421436595,-0.2021155919937444,0,0,0,0,0,0,0,6
1029,1.2325810973540794,0.1715207639167546,-2.0088978193316698,0.1468773227605294,-2.439091280919517,0,0,0,0,0,0,0,6
140,-0.6841533810469039,0.3377710313265684,-0.0270955797907037,-0.0759832945801025,0.7337619921486705,0,0,0,0,0,0,0,6
868,0.6492271256668237,-1.7522323303968046,-0.0270955797907037,1.0828919155911838,0.1174523635670802,0,0,0,0,0,0,0,6
826,0.8635204213886729,0.8127717953546079,2.7315731376503205,1.0828919155911838,-4.4478041444447,0,0,0,0,0,0,0,6
364,-0.4698600853250548,0.1952708021181566,-0.0270955797907037,-0.090840669069478,0.5968042969083173,0,0,0,0,0,0,0,6
1006,1.5421158578411949,4.185277219953687,-0.6295634606111574,2.895491603294991,-1.4803874142370428,0,0,0,0,0,0,0,6
350,0.1611146187448341,0.0527705729097448,-0.0429499977070315,-0.1056980435588534,0.4370203191279048,0,0,0,0,0,0,0,6
620,1.173055181875788,-0.3984801529168925,1.5107829580930856,-1.5914354924963998,0.1859312111872569,0,0,0,0,0,0,0,6
419,-0.7674896627165119,0.4327711841321763,-0.2807662664519473,0.1765920717392803,0.7794145572287884,0,0,0,0,0,0,0,6
1173,-1.779430225847466,0.4327711841321763,-0.4076016097825692,0.6817428043780462,-0.1792893094536854,0,1,1,1,1,1,1,0
348,-0.0293683107856984,0.0765206111111468,-0.0429499977070315,-0.1056980435588534,0.4826728842080227,0,0,0,0,0,0,0,6
31,-0.267471972698864,0.0765206111111468,-0.2332030127029642,0.0725904503136521,0.4370203191279048,0,0,0,0,0,0,0,6
629,1.339727745215004,-0.2322298855070787,0.385119286033817,-0.5217045292613665,0.2087574937273158,0,0,0,0,0,0,0,6
404,-1.5056110146473254,0.1240206875139507,-0.011241161874376,-0.1205554180482289,0.5283254492881405,0,0,0,0,0,0,0,6
591,1.9468920830935763,-1.1109812989589516,0.7180620622766992,-0.8782815170063777,-0.6358149602548635,0,0,0,0,0,0,0,6
762,0.7206582242407734,-0.73098068773652,-0.3124751022846028,0.3400231911224105,0.1859312111872569,0,0,0,0,0,0,0,6
533,0.0539679708839095,-0.018479541694461,-0.3441839381172583,0.1765920717392803,0.3228889064276103,0,0,0,0,0,0,0,6
263,-0.2912823388901806,0.3852711077293724,-0.3441839381172583,0.2211641952074067,0.7109357096086116,0,0,0,0,0,0,0,6
534,-0.1007994093596481,-0.042229579895863,-0.4234560276988969,0.2360215696967822,0.2772363413474926,0,0,0,0,0,0,0,6
918,-0.8627311274817782,-0.2322298855070787,0.7022076443603716,0.5925985574417935,-1.457561131696984,0,0,0,0,0,0,0,6
148,-1.398464366786401,-0.018479541694461,-0.1222220872886701,-0.0314111711119761,0.3457151889676693,0,0,0,0,0,0,0,6
557,-0.2555667896032058,0.3140209931251664,1.1619857639338755,-1.2200011302620135,0.8478934048489651,0,0,0,0,0,0,0,6
789,1.042098167823547,-0.4934803057225004,0.1948662710378843,0.7114575533567972,0.0261472334068446,0,0,0,0,0,0,0,6
1172,-1.1246451555862604,-2.7972340112584915,0.1314485993725735,-1.2497158792407643,0.9848511000893184,0,0,0,0,0,0,0,6
257,-0.1484201417422812,0.0765206111111468,-0.011241161874376,-0.1205554180482289,0.4826728842080227,0,0,0,0,0,0,0,6
425,-1.3032229020211346,0.1240206875139507,-0.3917471918662414,0.2211641952074067,0.4598466016679637,0,0,0,0,0,0,0,6
223,-0.3865238036554468,0.2427708785209606,0.0046132560419516,-0.1205554180482289,0.6424568619884349,0,0,0,0,0,0,0,6
308,-1.4341799160733757,0.2902709549237645,0.163157435205229,-0.2542717884526081,0.7337619921486705,0,0,0,0,0,0,0,6
1054,0.5658908439972157,2.9740252716821867,-0.6137090426948296,2.167480253315593,-1.183645741216277,0,0,0,0,0,0,0,6
1082,0.8635204213886729,-3.058484431473913,-0.3600383560335859,-1.2794306282195154,1.16746136040979,0,0,0,0,0,0,0,6
294,-1.0174985077253358,0.1952708021181566,0.163157435205229,-0.2691291629419836,0.6424568619884349,0,0,0,0,0,0,0,6
1047,1.6492625057021195,3.3302758447032166,-0.8832341472724009,2.330911372698723,-1.640171392017455,0,0,0,0,0,0,0,6
672,0.8278048721016981,-0.1372297327014709,0.5753723010297498,-0.6851356486444966,0.3228889064276103,0,0,0,0,0,0,0,6
287,-0.0769890431683315,0.0765206111111468,0.0046132560419516,-0.1354127925376044,0.4826728842080227,0,0,0,0,0,0,0,6
375,-0.5531963669946629,0.0290205347083428,-0.2014941768703087,0.0428757013349011,0.391367754047787,0,0,0,0,0,0,0,6
556,0.7801841397190649,-0.754730725937922,0.7814797339420102,-0.922853640474504,-0.2705944396139211,0,0,0,0,0,0,0,6
1137,0.2087353511274671,-0.0659796180972649,2.509611286821732,-2.4383058383908014,-1.1608194586762182,1,0,0,0,0,0,0,0
1046,0.4349338299449746,-1.585982062986991,-1.3588666847622326,-0.7742798955807495,-1.1151668935961003,0,0,0,0,0,0,0,6
52,-0.4936704515163714,0.3377710313265684,0.2107206889542121,-0.2691291629419836,0.8022408397688473,0,0,0,0,0,0,0,6
991,0.3039768158927335,-0.6834806113337161,-2.024752237247997,-0.3731307843676118,-2.279307303139104,0,0,0,0,0,0,0,6
769,0.7682789566234066,-0.4697302675210985,-0.0429499977070315,0.4885969360161651,0.0033209508667857,0,0,0,0,0,0,0,6
1080,0.661132308762482,-1.609732101188393,1.3522387789298085,0.2805936931649087,2.696822290593736,0,0,0,0,0,0,0,6
1069,0.4230286468493163,-1.1822314135631575,0.0838853456235902,-0.0462685456013516,0.9163722524691416,0,0,0,0,0,0,0,6
645,0.6373219425711654,-0.042229579895863,0.4009737039501448,-0.5217045292613665,0.391367754047787,0,0,0,0,0,0,0,6
784,1.1849603649714464,-0.73098068773652,-0.8039620576907623,0.4737395615267897,0.4826728842080227,0,0,0,0,0,0,0,6
836,1.208770731162763,-0.6122304967295102,0.4643913756154558,0.6817428043780462,-0.978209198355747,0,0,0,0,0,0,0,6
1038,0.6373219425711654,0.694021604347598,0.7497708981093547,1.1126066645699346,1.2359402080299666,0,0,0,0,0,0,0,6
252,-0.2198512403162309,0.2190208403195586,0.1790118531215566,-0.2691291629419836,0.6652831445284938,0,0,0,0,0,0,0,6
840,1.0301929847278888,-0.4459802293196964,0.8766062414399767,0.7857444258036744,-1.5945188269373374,0,0,0,0,0,0,0,6
1056,1.887366167615285,4.280277372759295,0.3534104502011617,3.1926390930825,-0.1564630269136266,0,0,0,0,0,0,0,6
70,-0.517480817707688,0.1477707257153527,-0.185639758953981,0.0428757013349011,0.5054991667480816,0,0,0,0,0,0,0,6
528,-0.0650838600726732,-0.1134796945000689,-0.4076016097825692,0.2211641952074067,0.2315837762673747,0,0,0,0,0,0,0,6
792,0.5063649285189242,0.0290205347083428,-0.3758927739499137,0.3845953145905369,-0.29342072215398,0,0,0,0,0,0,0,6
670,0.7920893228147232,0.3140209931251664,0.2265751068705398,-0.3434160353888609,0.7109357096086116,0,0,0,0,0,0,0,6
1123,3.946962843164168,5.30152901541958,6.901285049644511,7.501277695001385,-3.671710538082698,0,0,0,0,0,0,0,6
774,1.113529266397497,-0.3984801529168925,-0.1222220872886701,0.4143100635692878,-0.0195053316732731,0,0,0,0,0,0,0,6
839,0.3039768158927335,-0.3984801529168925,1.1302769281012202,0.8897460472293026,-1.9140867824981616,0,0,0,0,0,0,0,6
660,0.7206582242407734,0.1477707257153527,0.0046132560419516,-0.1502701670269798,0.5283254492881405,0,0,0,0,0,0,0,6
580,0.1730198018404924,-0.018479541694461,0.3534104502011617,-0.4771324057932401,0.414194036587846,0,0,0,0,0,0,0,6
771,1.92308171690226,-0.4934803057225004,-0.7405443860254514,0.3697379401011614,0.391367754047787,0,0,0,0,0,0,0,6
317,-0.1722305079335978,0.0527705729097448,0.0680309277072626,-0.1948422904951062,0.4598466016679637,0,0,0,0,0,0,0,6
304,-0.3746186205597885,0.3140209931251664,0.2424295247868676,-0.31370128641011,0.8022408397688473,0,0,0,0,0,0,0,6
864,-1.065119240107969,0.2665209167223626,0.385119286033817,0.1617346972499049,-1.3206034364566306,0,0,0,0,0,0,0,6
1079,-0.1246097755509647,-0.9684810697505396,-0.5820002068621741,-0.2394144139632327,-0.042331614213332,0,0,0,0,0,0,0,6
18,-0.3269978881771554,0.1715207639167546,-0.4234560276988969,0.2657363186755332,0.5054991667480816,0,0,0,0,0,0,0,6
454,-0.3150927050814971,-0.3984801529168925,-0.4393104456152246,0.2360215696967822,-0.042331614213332,0,0,0,0,0,0,0,6
736,0.6849426749537986,0.0527705729097448,-0.4393104456152246,0.3994526890799123,-0.3390732872340978,0,0,0,0,0,0,0,6
993,0.2563560835101003,-0.73098068773652,-2.0564610730806527,-0.4028455333463628,-2.3249598682192225,0,0,0,0,0,0,0,6
250,-0.4222393529424217,0.2902709549237645,-0.1380765052049978,0.0131609523561502,0.6652831445284938,0,0,0,0,0,0,0,6
472,-1.1603607048732352,-0.0897296562986669,-0.3917471918662414,0.2063068207180313,0.2544100588074336,0,0,0,0,0,0,0,6
410,-1.0770244232036272,0.1715207639167546,-0.0905132514560146,-0.0314111711119761,0.5511517318281994,0,0,0,0,0,0,0,6
681,0.74446859043209,-0.3984801529168925,0.5912267189460775,-0.729707772112623,0.0717997984869624,0,0,0,0,0,0,0,6
892,-0.0888942262639898,-1.1584813753617555,0.7180620622766992,1.0977492900805592,-1.0466880459759238,0,0,0,0,0,0,0,6
459,0.1849249849361507,-0.3272300383126866,-0.5978546247785019,0.3845953145905369,0.0033209508667857,0,0,0,0,0,0,0,6
694,0.196830168031809,-0.4697302675210985,0.797334151858338,-0.922853640474504,0.0261472334068446,0,0,0,0,0,0,0,6
167,-1.4937058315516671,0.1477707257153527,-0.3441839381172583,0.1914494462286558,0.4826728842080227,0,0,0,0,0,0,0,6
378,-0.4936704515163714,0.2427708785209606,-0.3283295202009305,0.1914494462286558,0.5739780143682583,0,0,0,0,0,0,0,6
5,-1.0532140570123103,-0.2559799237084807,-0.3917471918662414,0.1914494462286558,0.0946260810270213,0,0,0,0,0,0,0,6
690,-0.0769890431683315,0.0765206111111468,0.6704988085277163,-0.7742798955807495,0.5511517318281994,0,0,0,0,0,0,0,6
715,1.208770731162763,0.1240206875139507,-0.2807662664519473,0.4737395615267897,-0.29342072215398,0,0,0,0,0,0,0,6
1110,-0.8389207612904616,0.9790220627644216,-4.323642835115518,-3.32974830775333,-2.279307303139104,0,0,0,0,0,0,0,6
383,-1.0413088739166525,0.4090211459307744,-0.185639758953981,0.0725904503136521,0.7565882746887295,0,0,0,0,0,0,0,6
823,-0.2079460572205726,-0.2797299619098827,1.5742006297583966,1.0383197921230574,-2.507570128539694,0,0,0,0,0,0,0,6
1036,1.50640030855422,2.5227745458555497,0.7656253160256825,2.21205237678372,0.8250671223089062,0,0,0,0,0,0,0,6
764,1.1492448156844717,-0.5172303439239024,-0.7563988039417792,0.3845953145905369,0.414194036587846,0,0,0,0,0,0,0,6
331,-0.6127222824729543,0.1715207639167546,-0.0905132514560146,-0.0462685456013516,0.5511517318281994,0,0,0,0,0,0,0,6
379,-0.43414453603808,0.5040212987363822,-0.2332030127029642,0.1468773227605294,0.8478934048489651,0,0,0,0,0,0,0,6
640,1.7683143366587022,-0.8022308023407261,0.8131885697746657,-0.9525683894532552,-0.3162470046940389,0,0,0,0,0,0,0,6
912,1.244486280449738,-0.5409803821253043,0.3058471964521784,0.5628838084630425,-0.8412515031153935,0,0,0,0,0,0,0,6
1028,1.3516329283106625,-0.3034800001112847,-1.644246207256132,-0.061125920090727,-1.8227816523379263,0,0,0,0,0,0,0,6
92,-1.243696986542843,-0.018479541694461,-0.185639758953981,0.0280183268455257,0.3457151889676693,0,0,0,0,0,0,0,6
192,-0.1484201417422812,0.1002706493125487,0.1314485993725735,-0.2542717884526081,0.5283254492881405,0,0,0,0,0,0,0,6
1133,-1.9818183384736567,-0.3747301147154905,1.8595801522522952,-1.7845813608582812,-1.1151668935961003,1,0,0,0,0,0,0,0
872,-0.6722481979512457,0.5515213751391862,1.9547066597502616,0.80060180029305,-3.397795147601991,0,0,0,0,0,0,0,6
368,-0.3150927050814971,0.0052704965069409,-0.0270955797907037,-0.1205554180482289,0.414194036587846,0,0,0,0,0,0,0,6
890,0.2563560835101003,-0.1134796945000689,1.2095490176828587,0.770887051314299,-2.142349607898751,0,0,0,0,0,0,0,6
401,-0.8032052120034867,0.1240206875139507,0.0363220918746071,-0.1502701670269798,0.5511517318281994,0,0,0,0,0,0,0,6
224,-0.7198689303338788,0.2665209167223626,0.1948662710378843,-0.2691291629419836,0.7109357096086116,0,0,0,0,0,0,0,6
435,-0.0412734938813567,-0.3272300383126866,-0.4234560276988969,0.2211641952074067,0.0261472334068446,0,0,0,0,0,0,0,6
326,-0.0412734938813567,0.1477707257153527,0.0838853456235902,-0.1948422904951062,0.5739780143682583,0,0,0,0,0,0,0,6
1134,-1.0770244232036272,-0.3034800001112847,-0.7722532218581069,0.5183116849949161,0.2315837762673747,1,0,0,0,0,0,0,0
2,0.2682612666057586,-0.4222301911182945,-0.3283295202009305,0.132019948271154,-0.0651578967533909,0,0,0,0,0,0,0,6
569,1.042098167823547,-0.5884804585281083,-0.2173485947866364,0.0131609523561502,-0.2021155919937444,0,0,0,0,0,0,0,6
152,-0.9698777753427028,0.1715207639167546,0.0204676739582794,-0.1354127925376044,0.5739780143682583,0,0,0,0,0,0,0,6
193,-0.3150927050814971,0.1240206875139507,0.0680309277072626,-0.1948422904951062,0.5283254492881405,0,0,0,0,0,0,0,6
1084,0.8873307875799893,-1.4672318719799813,-0.2966206843682751,-0.3879881588569873,0.5283254492881405,0,0,0,0,0,0,0,6
552,0.577796027092874,0.0527705729097448,-0.0429499977070315,-0.1056980435588534,0.414194036587846,0,0,0,0,0,0,0,6
819,-0.7317741134295371,0.2190208403195586,1.6693271372563632,0.8154591747824255,-2.872790649180636,0,0,0,0,0,0,0,6
523,-0.1127045924553064,-0.1134796945000689,-0.3600383560335859,0.1765920717392803,0.2315837762673747,0,0,0,0,0,0,0,6
275,-0.4579549022293965,0.4090211459307744,-0.3124751022846028,0.1914494462286558,0.7337619921486705,0,0,0,0,0,0,0,6
179,-0.1603253248379395,0.0765206111111468,0.0363220918746071,-0.1799849160057308,0.4826728842080227,0,0,0,0,0,0,0,6
37,0.1730198018404924,0.2427708785209606,-0.4234560276988969,0.2805936931649087,0.5739780143682583,0,0,0,0,0,0,0,6
772,1.9111765338066016,-0.8022308023407261,-0.8356708935234176,0.5183116849949161,0.5054991667480816,0,0,0,0,0,0,0,6
1001,-0.9460674091513862,-0.2797299619098827,-0.5978546247785019,0.1914494462286558,-0.3847258523142156,0,0,0,0,0,0,0,6
576,0.2801664497014169,-0.3984801529168925,0.7022076443603716,-0.8337093935382515,0.0717997984869624,0,0,0,0,0,0,0,6
733,2.3873838576329325,0.1240206875139507,0.4643913756154558,1.0383197921230574,-0.1336367443735676,0,0,0,0,0,0,0,6
940,0.7206582242407734,-2.53598359104307,0.4961002114481112,1.7366163931237044,-0.1564630269136266,0,0,0,0,0,0,0,6
373,-0.267471972698864,0.1240206875139507,0.0680309277072626,-0.1948422904951062,0.5283254492881405,0,0,0,0,0,0,0,6
297,-0.9579725922470445,0.3140209931251664,0.163157435205229,-0.2394144139632327,0.7565882746887295,0,0,0,0,0,0,0,6
1130,-1.148455521777577,-0.6359805349309122,2.2083773464115057,-2.037156727177664,-1.5488662618572195,1,0,0,0,0,0,0,0
238,-0.350808254368472,0.2427708785209606,0.0838853456235902,-0.1948422904951062,0.6881094270685527,0,0,0,0,0,0,0,6
205,-0.517480817707688,0.1002706493125487,0.2107206889542121,-0.3285586608994855,0.5511517318281994,0,0,0,0,0,0,0,6
227,-0.0412734938813567,-0.1847298091042748,0.1473030172889012,-0.2988439119207345,0.2315837762673747,0,0,0,0,0,0,0,6
357,0.2682612666057586,0.0765206111111468,-0.1222220872886701,-0.0165537966226006,0.4598466016679637,0,0,0,0,0,0,0,6
927,-0.2198512403162309,0.1477707257153527,0.0046132560419516,0.0428757013349011,-0.772772655495217,0,0,0,0,0,0,0,6
763,1.077813717110522,-0.5409803821253043,-0.5661457889458464,0.2360215696967822,0.2544100588074336,0,0,0,0,0,0,0,6
240,-0.5651015500903211,0.4327711841321763,0.0363220918746071,-0.1056980435588534,0.8478934048489651,0,0,0,0,0,0,0,6
15,-1.5770421132212753,-0.042229579895863,-0.2807662664519473,0.102305199292403,0.3228889064276103,0,0,0,0,0,0,0,6
894,-0.3031875219858388,0.2427708785209606,-0.8039620576907623,-0.3731307843676118,0.2087574937273158,0,0,0,0,0,0,0,6
1023,1.0897189002061802,-2.7259838966542853,-1.86620805808472,-1.5765781180070244,-1.5716925443972785,0,0,0,0,0,0,0,6
453,-0.43414453603808,-0.1134796945000689,-0.1539309231213255,-0.0165537966226006,0.2544100588074336,0,0,0,0,0,0,0,6
921,1.256391463545396,-1.3484816809729712,-0.6454178785274851,0.577741182952418,0.7337619921486705,0,0,0,0,0,0,0,6
184,-1.0174985077253358,0.0527705729097448,0.1790118531215566,-0.31370128641011,0.4826728842080227,0,0,0,0,0,0,0,6
72,-1.398464366786401,0.2190208403195586,-0.011241161874376,-0.1056980435588534,0.619630579448376,0,0,0,0,0,0,0,6
1102,0.196830168031809,-1.9422326360080204,0.6070811368624053,-0.2394144139632327,1.8979024016916743,0,0,0,0,0,0,0,6
1051,-0.0412734938813567,0.5277713369377842,-0.4393104456152246,0.7114575533567972,-0.3618995697741567,0,0,0,0,0,0,0,6
14,-0.2198512403162309,0.0527705729097448,-0.2332030127029642,0.0874478248030275,0.414194036587846,0,0,0,0,0,0,0,6
593,1.0182878016322303,-0.4934803057225004,0.7814797339420102,-0.9079962659851288,0.0033209508667857,0,0,0,0,0,0,0,6
67,-1.4103695498820592,0.1477707257153527,-0.1697853410376532,0.0280183268455257,0.5283254492881405,0,0,0,0,0,0,0,6
797,1.5540210409368531,-0.2322298855070787,-0.0746588335396869,0.4737395615267897,-0.0879841792934498,0,0,0,0,0,0,0,6
57,-1.2794125358298185,0.3140209931251664,-0.0270955797907037,-0.0759832945801025,0.7109357096086116,0,0,0,0,0,0,0,6
1011,0.8278048721016981,0.7177716425489999,-0.5502913710295186,0.8154591747824255,-0.544509830094628,0,0,0,0,0,0,0,6
529,0.2563560835101003,-0.2559799237084807,-0.3283295202009305,0.1468773227605294,0.1174523635670802,0,0,0,0,0,0,0,6
1045,1.708788421180411,3.02152534808499,-1.2161769235152833,2.0634786318899647,-2.0282181951984564,0,0,0,0,0,0,0,6
