,multiclase1,ova_1,ova_2,ova_3,ova_4,ova_5,ova_6,ova_7,ova_8,ova_9
0,1,1,0,0,0,0,0,0,0,0
1,1,1,0,0,0,0,0,0,0,0
2,1,1,0,0,0,0,0,0,0,0
3,1,1,0,0,0,0,0,0,0,0
5,1,1,0,0,0,0,0,0,0,0
6,1,1,0,0,0,0,0,0,0,0
7,1,1,0,0,0,0,0,0,0,0
8,1,1,0,0,0,0,0,0,0,0
9,1,1,0,0,0,0,0,0,0,0
10,1,1,0,0,0,0,0,0,0,0
11,1,1,0,0,0,0,0,0,0,0
12,1,1,0,0,0,0,0,0,0,0
13,1,1,0,0,0,0,0,0,0,0
14,1,1,0,0,0,0,0,0,0,0
15,1,1,0,0,0,0,0,0,0,0
16,1,1,0,0,0,0,0,0,0,0
17,1,1,0,0,0,0,0,0,0,0
18,1,1,0,0,0,0,0,0,0,0
19,1,1,0,0,0,0,0,0,0,0
20,1,1,0,0,0,0,0,0,0,0
21,1,1,0,0,0,0,0,0,0,0
22,1,1,0,0,0,0,0,0,0,0
23,1,1,0,0,0,0,0,0,0,0
24,1,1,0,0,0,0,0,0,0,0
25,1,1,0,0,0,0,0,0,0,0
26,1,1,0,0,0,0,0,0,0,0
27,1,1,0,0,0,0,0,0,0,0
28,1,1,0,0,0,0,0,0,0,0
29,1,1,0,0,0,0,0,0,0,0
30,1,1,0,0,0,0,0,0,0,0
31,1,1,0,0,0,0,0,0,0,0
32,1,1,0,0,0,0,0,0,0,0
33,1,1,0,0,0,0,0,0,0,0
34,1,1,0,0,0,0,0,0,0,0
35,1,1,0,0,0,0,0,0,0,0
36,1,1,0,0,0,0,0,0,0,0
37,1,1,0,0,0,0,0,0,0,0
38,1,1,0,0,0,0,0,0,0,0
39,1,1,0,0,0,0,0,0,0,0
40,1,1,0,0,0,0,0,0,0,0
41,1,1,0,0,0,0,0,0,0,0
42,1,1,0,0,0,0,0,0,0,0
43,1,1,0,0,0,0,0,0,0,0
44,1,1,0,0,0,0,0,0,0,0
45,1,1,0,0,0,0,0,0,0,0
46,1,1,0,0,0,0,0,0,0,0
47,1,1,0,0,0,0,0,0,0,0
48,1,1,0,0,0,0,0,0,0,0
49,1,1,0,0,0,0,0,0,0,0
52,1,1,0,0,0,0,0,0,0,0
53,1,1,0,0,0,0,0,0,0,0
54,1,1,0,0,0,0,0,0,0,0
56,1,1,0,0,0,0,0,0,0,0
57,1,1,0,0,0,0,0,0,0,0
58,1,1,0,0,0,0,0,0,0,0
59,1,1,0,0,0,0,0,0,0,0
60,1,1,0,0,0,0,0,0,0,0
61,1,1,0,0,0,0,0,0,0,0
62,1,1,0,0,0,0,0,0,0,0
63,1,1,0,0,0,0,0,0,0,0
64,1,1,0,0,0,0,0,0,0,0
65,1,1,0,0,0,0,0,0,0,0
66,1,1,0,0,0,0,0,0,0,0
67,1,1,0,0,0,0,0,0,0,0
68,1,1,0,0,0,0,0,0,0,0
69,1,1,0,0,0,0,0,0,0,0
70,1,1,0,0,0,0,0,0,0,0
71,1,1,0,0,0,0,0,0,0,0
72,1,1,0,0,0,0,0,0,0,0
73,1,1,0,0,0,0,0,0,0,0
74,1,1,0,0,0,0,0,0,0,0
75,1,1,0,0,0,0,0,0,0,0
76,1,1,0,0,0,0,0,0,0,0
78,1,1,0,0,0,0,0,0,0,0
79,1,1,0,0,0,0,0,0,0,0
80,1,1,0,0,0,0,0,0,0,0
81,1,1,0,0,0,0,0,0,0,0
82,1,1,0,0,0,0,0,0,0,0
83,1,1,0,0,0,0,0,0,0,0
85,1,1,0,0,0,0,0,0,0,0
86,1,1,0,0,0,0,0,0,0,0
87,1,1,0,0,0,0,0,0,0,0
88,1,1,0,0,0,0,0,0,0,0
89,1,1,0,0,0,0,0,0,0,0
90,1,1,0,0,0,0,0,0,0,0
91,1,1,0,0,0,0,0,0,0,0
92,1,1,0,0,0,0,0,0,0,0
93,1,1,0,0,0,0,0,0,0,0
94,1,1,0,0,0,0,0,0,0,0
95,1,1,0,0,0,0,0,0,0,0
96,1,1,0,0,0,0,0,0,0,0
97,1,1,0,0,0,0,0,0,0,0
98,1,1,0,0,0,0,0,0,0,0
99,1,1,0,0,0,0,0,0,0,0
100,1,1,0,0,0,0,0,0,0,0
101,1,1,0,0,0,0,0,0,0,0
102,1,1,0,0,0,0,0,0,0,0
103,1,1,0,0,0,0,0,0,0,0
104,1,1,0,0,0,0,0,0,0,0
105,1,1,0,0,0,0,0,0,0,0
106,1,1,0,0,0,0,0,0,0,0
107,1,1,0,0,0,0,0,0,0,0
108,1,1,0,0,0,0,0,0,0,0
109,1,1,0,0,0,0,0,0,0,0
110,1,1,0,0,0,0,0,0,0,0
111,1,1,0,0,0,0,0,0,0,0
112,1,1,0,0,0,0,0,0,0,0
113,1,1,0,0,0,0,0,0,0,0
114,1,1,0,0,0,0,0,0,0,0
115,1,1,0,0,0,0,0,0,0,0
116,1,1,0,0,0,0,0,0,0,0
117,1,1,0,0,0,0,0,0,0,0
118,1,1,0,0,0,0,0,0,0,0
119,1,1,0,0,0,0,0,0,0,0
120,1,1,0,0,0,0,0,0,0,0
121,1,1,0,0,0,0,0,0,0,0
122,1,1,0,0,0,0,0,0,0,0
123,1,1,0,0,0,0,0,0,0,0
125,1,1,0,0,0,0,0,0,0,0
126,1,1,0,0,0,0,0,0,0,0
128,1,1,0,0,0,0,0,0,0,0
129,1,1,0,0,0,0,0,0,0,0
130,1,1,0,0,0,0,0,0,0,0
131,1,1,0,0,0,0,0,0,0,0
132,1,1,0,0,0,0,0,0,0,0
133,1,1,0,0,0,0,0,0,0,0
134,1,1,0,0,0,0,0,0,0,0
135,1,1,0,0,0,0,0,0,0,0
137,1,1,0,0,0,0,0,0,0,0
138,1,1,0,0,0,0,0,0,0,0
139,1,1,0,0,0,0,0,0,0,0
140,1,1,0,0,0,0,0,0,0,0
142,1,1,0,0,0,0,0,0,0,0
143,1,1,0,0,0,0,0,0,0,0
144,1,1,0,0,0,0,0,0,0,0
146,1,1,0,0,0,0,0,0,0,0
147,1,1,0,0,0,0,0,0,0,0
148,1,1,0,0,0,0,0,0,0,0
149,1,1,0,0,0,0,0,0,0,0
150,1,1,0,0,0,0,0,0,0,0
151,1,1,0,0,0,0,0,0,0,0
152,1,1,0,0,0,0,0,0,0,0
153,1,1,0,0,0,0,0,0,0,0
154,1,1,0,0,0,0,0,0,0,0
155,1,1,0,0,0,0,0,0,0,0
156,1,1,0,0,0,0,0,0,0,0
157,1,1,0,0,0,0,0,0,0,0
158,1,1,0,0,0,0,0,0,0,0
159,1,1,0,0,0,0,0,0,0,0
160,1,1,0,0,0,0,0,0,0,0
162,1,1,0,0,0,0,0,0,0,0
163,1,1,0,0,0,0,0,0,0,0
164,1,1,0,0,0,0,0,0,0,0
165,1,1,0,0,0,0,0,0,0,0
166,1,1,0,0,0,0,0,0,0,0
167,1,1,0,0,0,0,0,0,0,0
168,1,1,0,0,0,0,0,0,0,0
169,1,1,0,0,0,0,0,0,0,0
170,1,1,0,0,0,0,0,0,0,0
171,1,1,0,0,0,0,0,0,0,0
172,1,1,0,0,0,0,0,0,0,0
173,1,1,0,0,0,0,0,0,0,0
174,1,1,0,0,0,0,0,0,0,0
175,1,1,0,0,0,0,0,0,0,0
176,1,1,0,0,0,0,0,0,0,0
177,1,1,0,0,0,0,0,0,0,0
178,1,1,0,0,0,0,0,0,0,0
179,1,1,0,0,0,0,0,0,0,0
180,1,1,0,0,0,0,0,0,0,0
181,1,1,0,0,0,0,0,0,0,0
182,1,1,0,0,0,0,0,0,0,0
183,1,1,0,0,0,0,0,0,0,0
184,1,1,0,0,0,0,0,0,0,0
185,1,1,0,0,0,0,0,0,0,0
186,1,1,0,0,0,0,0,0,0,0
187,1,1,0,0,0,0,0,0,0,0
188,1,1,0,0,0,0,0,0,0,0
189,1,1,0,0,0,0,0,0,0,0
190,1,1,0,0,0,0,0,0,0,0
191,1,1,0,0,0,0,0,0,0,0
192,1,1,0,0,0,0,0,0,0,0
193,1,1,0,0,0,0,0,0,0,0
194,1,1,0,0,0,0,0,0,0,0
195,1,1,0,0,0,0,0,0,0,0
196,1,1,0,0,0,0,0,0,0,0
197,1,1,0,0,0,0,0,0,0,0
198,1,1,0,0,0,0,0,0,0,0
199,1,1,0,0,0,0,0,0,0,0
200,1,1,0,0,0,0,0,0,0,0
201,1,1,0,0,0,0,0,0,0,0
202,1,1,0,0,0,0,0,0,0,0
203,1,1,0,0,0,0,0,0,0,0
204,1,1,0,0,0,0,0,0,0,0
205,1,1,0,0,0,0,0,0,0,0
206,1,1,0,0,0,0,0,0,0,0
207,1,1,0,0,0,0,0,0,0,0
208,1,1,0,0,0,0,0,0,0,0
209,1,1,0,0,0,0,0,0,0,0
210,1,1,0,0,0,0,0,0,0,0
211,1,1,0,0,0,0,0,0,0,0
212,1,1,0,0,0,0,0,0,0,0
213,1,1,0,0,0,0,0,0,0,0
214,1,1,0,0,0,0,0,0,0,0
215,1,1,0,0,0,0,0,0,0,0
216,1,1,0,0,0,0,0,0,0,0
217,1,1,0,0,0,0,0,0,0,0
218,1,1,0,0,0,0,0,0,0,0
219,1,1,0,0,0,0,0,0,0,0
220,1,1,0,0,0,0,0,0,0,0
221,1,1,0,0,0,0,0,0,0,0
222,1,1,0,0,0,0,0,0,0,0
223,1,1,0,0,0,0,0,0,0,0
224,1,1,0,0,0,0,0,0,0,0
225,1,1,0,0,0,0,0,0,0,0
226,1,1,0,0,0,0,0,0,0,0
227,1,1,0,0,0,0,0,0,0,0
228,1,1,0,0,0,0,0,0,0,0
229,1,1,0,0,0,0,0,0,0,0
230,1,1,0,0,0,0,0,0,0,0
231,1,1,0,0,0,0,0,0,0,0
232,1,1,0,0,0,0,0,0,0,0
233,1,1,0,0,0,0,0,0,0,0
234,1,1,0,0,0,0,0,0,0,0
235,1,1,0,0,0,0,0,0,0,0
236,1,1,0,0,0,0,0,0,0,0
237,1,1,0,0,0,0,0,0,0,0
238,1,1,0,0,0,0,0,0,0,0
239,1,1,0,0,0,0,0,0,0,0
240,1,1,0,0,0,0,0,0,0,0
241,1,1,0,0,0,0,0,0,0,0
242,1,1,0,0,0,0,0,0,0,0
243,1,1,0,0,0,0,0,0,0,0
244,1,1,0,0,0,0,0,0,0,0
245,1,1,0,0,0,0,0,0,0,0
246,1,1,0,0,0,0,0,0,0,0
247,1,1,0,0,0,0,0,0,0,0
248,1,1,0,0,0,0,0,0,0,0
249,1,1,0,0,0,0,0,0,0,0
250,1,1,0,0,0,0,0,0,0,0
251,1,1,0,0,0,0,0,0,0,0
252,1,1,0,0,0,0,0,0,0,0
253,1,1,0,0,0,0,0,0,0,0
254,1,1,0,0,0,0,0,0,0,0
255,1,1,0,0,0,0,0,0,0,0
256,1,1,0,0,0,0,0,0,0,0
257,1,1,0,0,0,0,0,0,0,0
258,1,1,0,0,0,0,0,0,0,0
259,1,1,0,0,0,0,0,0,0,0
260,1,1,0,0,0,0,0,0,0,0
261,1,1,0,0,0,0,0,0,0,0
262,1,1,0,0,0,0,0,0,0,0
263,1,1,0,0,0,0,0,0,0,0
264,1,1,0,0,0,0,0,0,0,0
265,1,1,0,0,0,0,0,0,0,0
267,1,1,0,0,0,0,0,0,0,0
269,1,1,0,0,0,0,0,0,0,0
270,1,1,0,0,0,0,0,0,0,0
271,1,1,0,0,0,0,0,0,0,0
272,1,1,0,0,0,0,0,0,0,0
273,1,1,0,0,0,0,0,0,0,0
274,1,1,0,0,0,0,0,0,0,0
275,1,1,0,0,0,0,0,0,0,0
276,1,1,0,0,0,0,0,0,0,0
277,1,1,0,0,0,0,0,0,0,0
278,1,1,0,0,0,0,0,0,0,0
279,1,1,0,0,0,0,0,0,0,0
280,1,1,0,0,0,0,0,0,0,0
281,1,1,0,0,0,0,0,0,0,0
282,1,1,0,0,0,0,0,0,0,0
283,1,1,0,0,0,0,0,0,0,0
284,1,1,0,0,0,0,0,0,0,0
285,1,1,0,0,0,0,0,0,0,0
286,1,1,0,0,0,0,0,0,0,0
287,1,1,0,0,0,0,0,0,0,0
288,1,1,0,0,0,0,0,0,0,0
289,1,1,0,0,0,0,0,0,0,0
290,1,1,0,0,0,0,0,0,0,0
291,1,1,0,0,0,0,0,0,0,0
292,1,1,0,0,0,0,0,0,0,0
293,1,1,0,0,0,0,0,0,0,0
294,1,1,0,0,0,0,0,0,0,0
295,1,1,0,0,0,0,0,0,0,0
296,1,1,0,0,0,0,0,0,0,0
297,1,1,0,0,0,0,0,0,0,0
298,1,1,0,0,0,0,0,0,0,0
299,1,1,0,0,0,0,0,0,0,0
300,1,1,0,0,0,0,0,0,0,0
301,1,1,0,0,0,0,0,0,0,0
302,1,1,0,0,0,0,0,0,0,0
303,1,1,0,0,0,0,0,0,0,0
304,1,1,0,0,0,0,0,0,0,0
305,1,1,0,0,0,0,0,0,0,0
306,1,1,0,0,0,0,0,0,0,0
307,1,1,0,0,0,0,0,0,0,0
308,1,1,0,0,0,0,0,0,0,0
309,1,1,0,0,0,0,0,0,0,0
310,1,1,0,0,0,0,0,0,0,0
311,1,1,0,0,0,0,0,0,0,0
312,1,1,0,0,0,0,0,0,0,0
313,1,1,0,0,0,0,0,0,0,0
314,1,1,0,0,0,0,0,0,0,0
315,1,1,0,0,0,0,0,0,0,0
316,1,1,0,0,0,0,0,0,0,0
317,1,1,0,0,0,0,0,0,0,0
318,1,1,0,0,0,0,0,0,0,0
319,1,1,0,0,0,0,0,0,0,0
320,1,1,0,0,0,0,0,0,0,0
321,1,1,0,0,0,0,0,0,0,0
322,1,1,0,0,0,0,0,0,0,0
323,1,1,0,0,0,0,0,0,0,0
324,1,1,0,0,0,0,0,0,0,0
325,1,1,0,0,0,0,0,0,0,0
326,1,1,0,0,0,0,0,0,0,0
327,1,1,0,0,0,0,0,0,0,0
328,1,1,0,0,0,0,0,0,0,0
329,1,1,0,0,0,0,0,0,0,0
330,1,1,0,0,0,0,0,0,0,0
331,1,1,0,0,0,0,0,0,0,0
332,1,1,0,0,0,0,0,0,0,0
333,1,1,0,0,0,0,0,0,0,0
334,1,1,0,0,0,0,0,0,0,0
335,1,1,0,0,0,0,0,0,0,0
336,1,1,0,0,0,0,0,0,0,0
337,1,1,0,0,0,0,0,0,0,0
338,1,1,0,0,0,0,0,0,0,0
339,1,1,0,0,0,0,0,0,0,0
340,1,1,0,0,0,0,0,0,0,0
341,1,1,0,0,0,0,0,0,0,0
342,1,1,0,0,0,0,0,0,0,0
343,1,1,0,0,0,0,0,0,0,0
344,1,1,0,0,0,0,0,0,0,0
345,1,1,0,0,0,0,0,0,0,0
346,1,1,0,0,0,0,0,0,0,0
347,1,1,0,0,0,0,0,0,0,0
348,1,1,0,0,0,0,0,0,0,0
349,1,1,0,0,0,0,0,0,0,0
350,1,1,0,0,0,0,0,0,0,0
351,1,1,0,0,0,0,0,0,0,0
352,1,1,0,0,0,0,0,0,0,0
353,1,1,0,0,0,0,0,0,0,0
354,1,1,0,0,0,0,0,0,0,0
355,1,1,0,0,0,0,0,0,0,0
356,1,1,0,0,0,0,0,0,0,0
357,1,1,0,0,0,0,0,0,0,0
358,1,1,0,0,0,0,0,0,0,0
359,1,1,0,0,0,0,0,0,0,0
360,1,1,0,0,0,0,0,0,0,0
361,1,1,0,0,0,0,0,0,0,0
362,1,1,0,0,0,0,0,0,0,0
363,1,1,0,0,0,0,0,0,0,0
364,1,1,0,0,0,0,0,0,0,0
365,1,1,0,0,0,0,0,0,0,0
366,1,1,0,0,0,0,0,0,0,0
367,1,1,0,0,0,0,0,0,0,0
368,1,1,0,0,0,0,0,0,0,0
369,1,1,0,0,0,0,0,0,0,0
370,1,1,0,0,0,0,0,0,0,0
371,1,1,0,0,0,0,0,0,0,0
372,1,1,0,0,0,0,0,0,0,0
373,1,1,0,0,0,0,0,0,0,0
374,1,1,0,0,0,0,0,0,0,0
375,1,1,0,0,0,0,0,0,0,0
376,1,1,0,0,0,0,0,0,0,0
377,1,1,0,0,0,0,0,0,0,0
378,1,1,0,0,0,0,0,0,0,0
379,1,1,0,0,0,0,0,0,0,0
380,1,1,0,0,0,0,0,0,0,0
381,1,1,0,0,0,0,0,0,0,0
382,1,1,0,0,0,0,0,0,0,0
383,1,1,0,0,0,0,0,0,0,0
384,1,1,0,0,0,0,0,0,0,0
385,1,1,0,0,0,0,0,0,0,0
386,1,1,0,0,0,0,0,0,0,0
387,1,1,0,0,0,0,0,0,0,0
388,1,1,0,0,0,0,0,0,0,0
389,1,1,0,0,0,0,0,0,0,0
390,1,1,0,0,0,0,0,0,0,0
391,1,1,0,0,0,0,0,0,0,0
392,1,1,0,0,0,0,0,0,0,0
394,1,1,0,0,0,0,0,0,0,0
395,1,1,0,0,0,0,0,0,0,0
396,1,1,0,0,0,0,0,0,0,0
397,1,1,0,0,0,0,0,0,0,0
398,1,1,0,0,0,0,0,0,0,0
399,1,1,0,0,0,0,0,0,0,0
400,1,1,0,0,0,0,0,0,0,0
401,1,1,0,0,0,0,0,0,0,0
403,1,1,0,0,0,0,0,0,0,0
404,1,1,0,0,0,0,0,0,0,0
405,1,1,0,0,0,0,0,0,0,0
406,1,1,0,0,0,0,0,0,0,0
407,1,1,0,0,0,0,0,0,0,0
408,1,1,0,0,0,0,0,0,0,0
409,1,1,0,0,0,0,0,0,0,0
410,1,1,0,0,0,0,0,0,0,0
411,1,1,0,0,0,0,0,0,0,0
412,1,1,0,0,0,0,0,0,0,0
413,1,1,0,0,0,0,0,0,0,0
414,1,1,0,0,0,0,0,0,0,0
415,1,1,0,0,0,0,0,0,0,0
416,1,1,0,0,0,0,0,0,0,0
417,1,1,0,0,0,0,0,0,0,0
418,1,1,0,0,0,0,0,0,0,0
419,1,1,0,0,0,0,0,0,0,0
420,1,1,0,0,0,0,0,0,0,0
421,1,1,0,0,0,0,0,0,0,0
422,1,1,0,0,0,0,0,0,0,0
423,1,1,0,0,0,0,0,0,0,0
424,1,1,0,0,0,0,0,0,0,0
425,1,1,0,0,0,0,0,0,0,0
426,1,1,0,0,0,0,0,0,0,0
427,1,1,0,0,0,0,0,0,0,0
428,1,1,0,0,0,0,0,0,0,0
429,1,1,0,0,0,0,0,0,0,0
430,1,1,0,0,0,0,0,0,0,0
431,1,1,0,0,0,0,0,0,0,0
432,1,1,0,0,0,0,0,0,0,0
433,1,1,0,0,0,0,0,0,0,0
435,1,1,0,0,0,0,0,0,0,0
436,1,1,0,0,0,0,0,0,0,0
437,1,1,0,0,0,0,0,0,0,0
439,1,1,0,0,0,0,0,0,0,0
440,1,1,0,0,0,0,0,0,0,0
442,1,1,0,0,0,0,0,0,0,0
443,1,1,0,0,0,0,0,0,0,0
444,1,1,0,0,0,0,0,0,0,0
445,1,1,0,0,0,0,0,0,0,0
447,1,1,0,0,0,0,0,0,0,0
449,1,1,0,0,0,0,0,0,0,0
451,1,1,0,0,0,0,0,0,0,0
452,1,1,0,0,0,0,0,0,0,0
453,1,1,0,0,0,0,0,0,0,0
454,1,1,0,0,0,0,0,0,0,0
455,1,1,0,0,0,0,0,0,0,0
456,1,1,0,0,0,0,0,0,0,0
457,1,1,0,0,0,0,0,0,0,0
459,1,1,0,0,0,0,0,0,0,0
462,1,1,0,0,0,0,0,0,0,0
463,1,1,0,0,0,0,0,0,0,0
464,1,1,0,0,0,0,0,0,0,0
465,1,1,0,0,0,0,0,0,0,0
466,1,1,0,0,0,0,0,0,0,0
471,1,1,0,0,0,0,0,0,0,0
472,1,1,0,0,0,0,0,0,0,0
473,1,1,0,0,0,0,0,0,0,0
474,1,1,0,0,0,0,0,0,0,0
475,1,1,0,0,0,0,0,0,0,0
476,1,1,0,0,0,0,0,0,0,0
477,1,1,0,0,0,0,0,0,0,0
478,1,1,0,0,0,0,0,0,0,0
479,1,1,0,0,0,0,0,0,0,0
480,1,1,0,0,0,0,0,0,0,0
482,1,1,0,0,0,0,0,0,0,0
483,1,1,0,0,0,0,0,0,0,0
484,1,1,0,0,0,0,0,0,0,0
485,1,1,0,0,0,0,0,0,0,0
486,1,1,0,0,0,0,0,0,0,0
487,1,1,0,0,0,0,0,0,0,0
488,1,1,0,0,0,0,0,0,0,0
489,1,1,0,0,0,0,0,0,0,0
490,1,1,0,0,0,0,0,0,0,0
491,1,1,0,0,0,0,0,0,0,0
492,1,1,0,0,0,0,0,0,0,0
493,1,1,0,0,0,0,0,0,0,0
494,1,1,0,0,0,0,0,0,0,0
495,1,1,0,0,0,0,0,0,0,0
496,1,1,0,0,0,0,0,0,0,0
498,1,1,0,0,0,0,0,0,0,0
499,1,1,0,0,0,0,0,0,0,0
500,1,1,0,0,0,0,0,0,0,0
502,1,1,0,0,0,0,0,0,0,0
503,1,1,0,0,0,0,0,0,0,0
504,1,1,0,0,0,0,0,0,0,0
505,1,1,0,0,0,0,0,0,0,0
506,1,1,0,0,0,0,0,0,0,0
507,1,1,0,0,0,0,0,0,0,0
508,1,1,0,0,0,0,0,0,0,0
509,1,1,0,0,0,0,0,0,0,0
510,1,1,0,0,0,0,0,0,0,0
511,1,1,0,0,0,0,0,0,0,0
512,1,1,0,0,0,0,0,0,0,0
513,1,1,0,0,0,0,0,0,0,0
514,1,1,0,0,0,0,0,0,0,0
515,1,1,0,0,0,0,0,0,0,0
516,1,1,0,0,0,0,0,0,0,0
517,1,1,0,0,0,0,0,0,0,0
523,1,1,0,0,0,0,0,0,0,0
524,1,1,0,0,0,0,0,0,0,0
525,1,1,0,0,0,0,0,0,0,0
526,1,1,0,0,0,0,0,0,0,0
528,1,1,0,0,0,0,0,0,0,0
529,1,1,0,0,0,0,0,0,0,0
530,1,1,0,0,0,0,0,0,0,0
531,1,1,0,0,0,0,0,0,0,0
532,1,1,0,0,0,0,0,0,0,0
533,1,1,0,0,0,0,0,0,0,0
534,1,1,0,0,0,0,0,0,0,0
535,1,1,0,0,0,0,0,0,0,0
537,2,0,1,0,0,0,0,0,0,0
538,2,0,1,0,0,0,0,0,0,0
539,2,0,1,0,0,0,0,0,0,0
540,2,0,1,0,0,0,0,0,0,0
541,2,0,1,0,0,0,0,0,0,0
542,2,0,1,0,0,0,0,0,0,0
543,2,0,1,0,0,0,0,0,0,0
544,2,0,1,0,0,0,0,0,0,0
545,2,0,1,0,0,0,0,0,0,0
546,2,0,1,0,0,0,0,0,0,0
547,2,0,1,0,0,0,0,0,0,0
548,2,0,1,0,0,0,0,0,0,0
549,2,0,1,0,0,0,0,0,0,0
550,2,0,1,0,0,0,0,0,0,0
551,2,0,1,0,0,0,0,0,0,0
552,2,0,1,0,0,0,0,0,0,0
553,2,0,1,0,0,0,0,0,0,0
554,2,0,1,0,0,0,0,0,0,0
555,2,0,1,0,0,0,0,0,0,0
556,2,0,1,0,0,0,0,0,0,0
557,2,0,1,0,0,0,0,0,0,0
558,2,0,1,0,0,0,0,0,0,0
559,2,0,1,0,0,0,0,0,0,0
560,2,0,1,0,0,0,0,0,0,0
561,2,0,1,0,0,0,0,0,0,0
562,2,0,1,0,0,0,0,0,0,0
563,2,0,1,0,0,0,0,0,0,0
564,2,0,1,0,0,0,0,0,0,0
565,2,0,1,0,0,0,0,0,0,0
566,2,0,1,0,0,0,0,0,0,0
567,2,0,1,0,0,0,0,0,0,0
568,2,0,1,0,0,0,0,0,0,0
569,2,0,1,0,0,0,0,0,0,0
570,2,0,1,0,0,0,0,0,0,0
571,2,0,1,0,0,0,0,0,0,0
572,2,0,1,0,0,0,0,0,0,0
573,2,0,1,0,0,0,0,0,0,0
574,2,0,1,0,0,0,0,0,0,0
575,2,0,1,0,0,0,0,0,0,0
576,2,0,1,0,0,0,0,0,0,0
577,2,0,1,0,0,0,0,0,0,0
578,2,0,1,0,0,0,0,0,0,0
579,2,0,1,0,0,0,0,0,0,0
580,2,0,1,0,0,0,0,0,0,0
581,2,0,1,0,0,0,0,0,0,0
582,2,0,1,0,0,0,0,0,0,0
583,2,0,1,0,0,0,0,0,0,0
584,2,0,1,0,0,0,0,0,0,0
585,2,0,1,0,0,0,0,0,0,0
586,2,0,1,0,0,0,0,0,0,0
587,2,0,1,0,0,0,0,0,0,0
588,2,0,1,0,0,0,0,0,0,0
589,2,0,1,0,0,0,0,0,0,0
590,2,0,1,0,0,0,0,0,0,0
591,2,0,1,0,0,0,0,0,0,0
592,2,0,1,0,0,0,0,0,0,0
593,2,0,1,0,0,0,0,0,0,0
594,2,0,1,0,0,0,0,0,0,0
595,2,0,1,0,0,0,0,0,0,0
596,2,0,1,0,0,0,0,0,0,0
597,2,0,1,0,0,0,0,0,0,0
598,2,0,1,0,0,0,0,0,0,0
599,2,0,1,0,0,0,0,0,0,0
600,2,0,1,0,0,0,0,0,0,0
601,2,0,1,0,0,0,0,0,0,0
602,2,0,1,0,0,0,0,0,0,0
603,2,0,1,0,0,0,0,0,0,0
604,2,0,1,0,0,0,0,0,0,0
605,2,0,1,0,0,0,0,0,0,0
606,2,0,1,0,0,0,0,0,0,0
607,2,0,1,0,0,0,0,0,0,0
608,2,0,1,0,0,0,0,0,0,0
609,2,0,1,0,0,0,0,0,0,0
610,2,0,1,0,0,0,0,0,0,0
611,2,0,1,0,0,0,0,0,0,0
612,2,0,1,0,0,0,0,0,0,0
613,2,0,1,0,0,0,0,0,0,0
614,2,0,1,0,0,0,0,0,0,0
615,2,0,1,0,0,0,0,0,0,0
616,2,0,1,0,0,0,0,0,0,0
617,2,0,1,0,0,0,0,0,0,0
618,2,0,1,0,0,0,0,0,0,0
619,2,0,1,0,0,0,0,0,0,0
620,2,0,1,0,0,0,0,0,0,0
621,2,0,1,0,0,0,0,0,0,0
622,2,0,1,0,0,0,0,0,0,0
623,2,0,1,0,0,0,0,0,0,0
624,2,0,1,0,0,0,0,0,0,0
625,2,0,1,0,0,0,0,0,0,0
626,2,0,1,0,0,0,0,0,0,0
627,2,0,1,0,0,0,0,0,0,0
628,2,0,1,0,0,0,0,0,0,0
629,2,0,1,0,0,0,0,0,0,0
630,2,0,1,0,0,0,0,0,0,0
631,2,0,1,0,0,0,0,0,0,0
632,2,0,1,0,0,0,0,0,0,0
633,2,0,1,0,0,0,0,0,0,0
634,2,0,1,0,0,0,0,0,0,0
635,2,0,1,0,0,0,0,0,0,0
636,2,0,1,0,0,0,0,0,0,0
637,2,0,1,0,0,0,0,0,0,0
638,2,0,1,0,0,0,0,0,0,0
639,2,0,1,0,0,0,0,0,0,0
640,2,0,1,0,0,0,0,0,0,0
641,2,0,1,0,0,0,0,0,0,0
642,2,0,1,0,0,0,0,0,0,0
643,2,0,1,0,0,0,0,0,0,0
644,2,0,1,0,0,0,0,0,0,0
645,2,0,1,0,0,0,0,0,0,0
646,2,0,1,0,0,0,0,0,0,0
647,2,0,1,0,0,0,0,0,0,0
648,2,0,1,0,0,0,0,0,0,0
649,2,0,1,0,0,0,0,0,0,0
650,2,0,1,0,0,0,0,0,0,0
651,2,0,1,0,0,0,0,0,0,0
652,2,0,1,0,0,0,0,0,0,0
653,2,0,1,0,0,0,0,0,0,0
654,2,0,1,0,0,0,0,0,0,0
655,2,0,1,0,0,0,0,0,0,0
656,2,0,1,0,0,0,0,0,0,0
657,2,0,1,0,0,0,0,0,0,0
658,2,0,1,0,0,0,0,0,0,0
659,2,0,1,0,0,0,0,0,0,0
660,2,0,1,0,0,0,0,0,0,0
661,2,0,1,0,0,0,0,0,0,0
662,2,0,1,0,0,0,0,0,0,0
663,2,0,1,0,0,0,0,0,0,0
664,2,0,1,0,0,0,0,0,0,0
665,2,0,1,0,0,0,0,0,0,0
666,2,0,1,0,0,0,0,0,0,0
667,2,0,1,0,0,0,0,0,0,0
668,2,0,1,0,0,0,0,0,0,0
669,2,0,1,0,0,0,0,0,0,0
670,2,0,1,0,0,0,0,0,0,0
671,2,0,1,0,0,0,0,0,0,0
672,2,0,1,0,0,0,0,0,0,0
673,2,0,1,0,0,0,0,0,0,0
674,2,0,1,0,0,0,0,0,0,0
675,2,0,1,0,0,0,0,0,0,0
676,2,0,1,0,0,0,0,0,0,0
677,2,0,1,0,0,0,0,0,0,0
678,2,0,1,0,0,0,0,0,0,0
679,2,0,1,0,0,0,0,0,0,0
680,2,0,1,0,0,0,0,0,0,0
681,2,0,1,0,0,0,0,0,0,0
682,2,0,1,0,0,0,0,0,0,0
683,2,0,1,0,0,0,0,0,0,0
684,2,0,1,0,0,0,0,0,0,0
685,2,0,1,0,0,0,0,0,0,0
686,2,0,1,0,0,0,0,0,0,0
687,2,0,1,0,0,0,0,0,0,0
688,2,0,1,0,0,0,0,0,0,0
689,2,0,1,0,0,0,0,0,0,0
690,2,0,1,0,0,0,0,0,0,0
691,2,0,1,0,0,0,0,0,0,0
692,2,0,1,0,0,0,0,0,0,0
693,2,0,1,0,0,0,0,0,0,0
694,2,0,1,0,0,0,0,0,0,0
695,2,0,1,0,0,0,0,0,0,0
696,3,0,0,1,0,0,0,0,0,0
697,3,0,0,1,0,0,0,0,0,0
698,3,0,0,1,0,0,0,0,0,0
699,3,0,0,1,0,0,0,0,0,0
700,3,0,0,1,0,0,0,0,0,0
701,3,0,0,1,0,0,0,0,0,0
702,3,0,0,1,0,0,0,0,0,0
703,3,0,0,1,0,0,0,0,0,0
704,3,0,0,1,0,0,0,0,0,0
705,3,0,0,1,0,0,0,0,0,0
706,3,0,0,1,0,0,0,0,0,0
707,3,0,0,1,0,0,0,0,0,0
708,3,0,0,1,0,0,0,0,0,0
709,3,0,0,1,0,0,0,0,0,0
710,3,0,0,1,0,0,0,0,0,0
711,3,0,0,1,0,0,0,0,0,0
712,3,0,0,1,0,0,0,0,0,0
713,3,0,0,1,0,0,0,0,0,0
714,3,0,0,1,0,0,0,0,0,0
715,3,0,0,1,0,0,0,0,0,0
716,3,0,0,1,0,0,0,0,0,0
717,3,0,0,1,0,0,0,0,0,0
718,3,0,0,1,0,0,0,0,0,0
719,3,0,0,1,0,0,0,0,0,0
720,3,0,0,1,0,0,0,0,0,0
721,3,0,0,1,0,0,0,0,0,0
722,3,0,0,1,0,0,0,0,0,0
723,3,0,0,1,0,0,0,0,0,0
724,3,0,0,1,0,0,0,0,0,0
725,3,0,0,1,0,0,0,0,0,0
726,3,0,0,1,0,0,0,0,0,0
727,3,0,0,1,0,0,0,0,0,0
728,3,0,0,1,0,0,0,0,0,0
729,3,0,0,1,0,0,0,0,0,0
730,3,0,0,1,0,0,0,0,0,0
731,3,0,0,1,0,0,0,0,0,0
732,3,0,0,1,0,0,0,0,0,0
733,3,0,0,1,0,0,0,0,0,0
734,3,0,0,1,0,0,0,0,0,0
735,3,0,0,1,0,0,0,0,0,0
736,3,0,0,1,0,0,0,0,0,0
737,3,0,0,1,0,0,0,0,0,0
738,3,0,0,1,0,0,0,0,0,0
739,3,0,0,1,0,0,0,0,0,0
740,3,0,0,1,0,0,0,0,0,0
741,3,0,0,1,0,0,0,0,0,0
742,3,0,0,1,0,0,0,0,0,0
743,3,0,0,1,0,0,0,0,0,0
744,3,0,0,1,0,0,0,0,0,0
745,3,0,0,1,0,0,0,0,0,0
746,3,0,0,1,0,0,0,0,0,0
747,3,0,0,1,0,0,0,0,0,0
748,3,0,0,1,0,0,0,0,0,0
749,3,0,0,1,0,0,0,0,0,0
750,3,0,0,1,0,0,0,0,0,0
751,3,0,0,1,0,0,0,0,0,0
752,3,0,0,1,0,0,0,0,0,0
753,3,0,0,1,0,0,0,0,0,0
754,3,0,0,1,0,0,0,0,0,0
755,3,0,0,1,0,0,0,0,0,0
756,3,0,0,1,0,0,0,0,0,0
757,3,0,0,1,0,0,0,0,0,0
758,3,0,0,1,0,0,0,0,0,0
759,3,0,0,1,0,0,0,0,0,0
760,3,0,0,1,0,0,0,0,0,0
761,3,0,0,1,0,0,0,0,0,0
762,3,0,0,1,0,0,0,0,0,0
763,3,0,0,1,0,0,0,0,0,0
764,3,0,0,1,0,0,0,0,0,0
765,3,0,0,1,0,0,0,0,0,0
766,3,0,0,1,0,0,0,0,0,0
767,3,0,0,1,0,0,0,0,0,0
768,3,0,0,1,0,0,0,0,0,0
769,3,0,0,1,0,0,0,0,0,0
770,3,0,0,1,0,0,0,0,0,0
771,3,0,0,1,0,0,0,0,0,0
772,3,0,0,1,0,0,0,0,0,0
773,3,0,0,1,0,0,0,0,0,0
774,3,0,0,1,0,0,0,0,0,0
775,3,0,0,1,0,0,0,0,0,0
776,3,0,0,1,0,0,0,0,0,0
777,3,0,0,1,0,0,0,0,0,0
778,3,0,0,1,0,0,0,0,0,0
779,3,0,0,1,0,0,0,0,0,0
780,3,0,0,1,0,0,0,0,0,0
781,3,0,0,1,0,0,0,0,0,0
782,3,0,0,1,0,0,0,0,0,0
783,3,0,0,1,0,0,0,0,0,0
784,3,0,0,1,0,0,0,0,0,0
785,3,0,0,1,0,0,0,0,0,0
786,3,0,0,1,0,0,0,0,0,0
787,3,0,0,1,0,0,0,0,0,0
788,3,0,0,1,0,0,0,0,0,0
789,3,0,0,1,0,0,0,0,0,0
790,3,0,0,1,0,0,0,0,0,0
791,3,0,0,1,0,0,0,0,0,0
792,3,0,0,1,0,0,0,0,0,0
793,3,0,0,1,0,0,0,0,0,0
794,3,0,0,1,0,0,0,0,0,0
795,3,0,0,1,0,0,0,0,0,0
796,3,0,0,1,0,0,0,0,0,0
797,3,0,0,1,0,0,0,0,0,0
798,3,0,0,1,0,0,0,0,0,0
799,3,0,0,1,0,0,0,0,0,0
800,3,0,0,1,0,0,0,0,0,0
801,3,0,0,1,0,0,0,0,0,0
802,3,0,0,1,0,0,0,0,0,0
803,3,0,0,1,0,0,0,0,0,0
804,3,0,0,1,0,0,0,0,0,0
805,3,0,0,1,0,0,0,0,0,0
806,3,0,0,1,0,0,0,0,0,0
807,3,0,0,1,0,0,0,0,0,0
808,3,0,0,1,0,0,0,0,0,0
809,3,0,0,1,0,0,0,0,0,0
810,3,0,0,1,0,0,0,0,0,0
811,4,0,0,0,1,0,0,0,0,0
812,4,0,0,0,1,0,0,0,0,0
813,4,0,0,0,1,0,0,0,0,0
814,4,0,0,0,1,0,0,0,0,0
815,4,0,0,0,1,0,0,0,0,0
816,4,0,0,0,1,0,0,0,0,0
817,4,0,0,0,1,0,0,0,0,0
818,4,0,0,0,1,0,0,0,0,0
819,4,0,0,0,1,0,0,0,0,0
820,4,0,0,0,1,0,0,0,0,0
821,4,0,0,0,1,0,0,0,0,0
822,4,0,0,0,1,0,0,0,0,0
823,4,0,0,0,1,0,0,0,0,0
824,4,0,0,0,1,0,0,0,0,0
825,4,0,0,0,1,0,0,0,0,0
826,4,0,0,0,1,0,0,0,0,0
827,4,0,0,0,1,0,0,0,0,0
828,4,0,0,0,1,0,0,0,0,0
829,4,0,0,0,1,0,0,0,0,0
830,4,0,0,0,1,0,0,0,0,0
831,4,0,0,0,1,0,0,0,0,0
832,4,0,0,0,1,0,0,0,0,0
833,4,0,0,0,1,0,0,0,0,0
834,4,0,0,0,1,0,0,0,0,0
835,4,0,0,0,1,0,0,0,0,0
836,4,0,0,0,1,0,0,0,0,0
837,4,0,0,0,1,0,0,0,0,0
838,4,0,0,0,1,0,0,0,0,0
839,4,0,0,0,1,0,0,0,0,0
840,4,0,0,0,1,0,0,0,0,0
841,4,0,0,0,1,0,0,0,0,0
842,4,0,0,0,1,0,0,0,0,0
843,4,0,0,0,1,0,0,0,0,0
844,4,0,0,0,1,0,0,0,0,0
845,4,0,0,0,1,0,0,0,0,0
846,4,0,0,0,1,0,0,0,0,0
847,4,0,0,0,1,0,0,0,0,0
848,4,0,0,0,1,0,0,0,0,0
849,4,0,0,0,1,0,0,0,0,0
850,4,0,0,0,1,0,0,0,0,0
851,4,0,0,0,1,0,0,0,0,0
852,4,0,0,0,1,0,0,0,0,0
853,4,0,0,0,1,0,0,0,0,0
854,4,0,0,0,1,0,0,0,0,0
855,4,0,0,0,1,0,0,0,0,0
856,4,0,0,0,1,0,0,0,0,0
857,4,0,0,0,1,0,0,0,0,0
858,4,0,0,0,1,0,0,0,0,0
859,4,0,0,0,1,0,0,0,0,0
860,4,0,0,0,1,0,0,0,0,0
861,4,0,0,0,1,0,0,0,0,0
862,4,0,0,0,1,0,0,0,0,0
863,4,0,0,0,1,0,0,0,0,0
864,4,0,0,0,1,0,0,0,0,0
865,4,0,0,0,1,0,0,0,0,0
866,4,0,0,0,1,0,0,0,0,0
867,4,0,0,0,1,0,0,0,0,0
868,4,0,0,0,1,0,0,0,0,0
869,4,0,0,0,1,0,0,0,0,0
870,4,0,0,0,1,0,0,0,0,0
871,4,0,0,0,1,0,0,0,0,0
872,4,0,0,0,1,0,0,0,0,0
873,4,0,0,0,1,0,0,0,0,0
874,4,0,0,0,1,0,0,0,0,0
875,4,0,0,0,1,0,0,0,0,0
876,4,0,0,0,1,0,0,0,0,0
877,4,0,0,0,1,0,0,0,0,0
878,4,0,0,0,1,0,0,0,0,0
879,4,0,0,0,1,0,0,0,0,0
880,4,0,0,0,1,0,0,0,0,0
881,4,0,0,0,1,0,0,0,0,0
882,4,0,0,0,1,0,0,0,0,0
883,4,0,0,0,1,0,0,0,0,0
884,4,0,0,0,1,0,0,0,0,0
885,4,0,0,0,1,0,0,0,0,0
886,4,0,0,0,1,0,0,0,0,0
887,4,0,0,0,1,0,0,0,0,0
888,4,0,0,0,1,0,0,0,0,0
889,4,0,0,0,1,0,0,0,0,0
890,4,0,0,0,1,0,0,0,0,0
891,4,0,0,0,1,0,0,0,0,0
892,4,0,0,0,1,0,0,0,0,0
893,4,0,0,0,1,0,0,0,0,0
894,4,0,0,0,1,0,0,0,0,0
895,4,0,0,0,1,0,0,0,0,0
896,4,0,0,0,1,0,0,0,0,0
897,4,0,0,0,1,0,0,0,0,0
898,4,0,0,0,1,0,0,0,0,0
899,4,0,0,0,1,0,0,0,0,0
900,4,0,0,0,1,0,0,0,0,0
901,4,0,0,0,1,0,0,0,0,0
902,4,0,0,0,1,0,0,0,0,0
903,4,0,0,0,1,0,0,0,0,0
904,4,0,0,0,1,0,0,0,0,0
905,4,0,0,0,1,0,0,0,0,0
906,4,0,0,0,1,0,0,0,0,0
907,4,0,0,0,1,0,0,0,0,0
908,4,0,0,0,1,0,0,0,0,0
909,4,0,0,0,1,0,0,0,0,0
910,4,0,0,0,1,0,0,0,0,0
911,4,0,0,0,1,0,0,0,0,0
912,4,0,0,0,1,0,0,0,0,0
913,4,0,0,0,1,0,0,0,0,0
914,4,0,0,0,1,0,0,0,0,0
915,4,0,0,0,1,0,0,0,0,0
916,4,0,0,0,1,0,0,0,0,0
917,4,0,0,0,1,0,0,0,0,0
918,4,0,0,0,1,0,0,0,0,0
919,4,0,0,0,1,0,0,0,0,0
920,4,0,0,0,1,0,0,0,0,0
921,4,0,0,0,1,0,0,0,0,0
922,4,0,0,0,1,0,0,0,0,0
923,4,0,0,0,1,0,0,0,0,0
924,4,0,0,0,1,0,0,0,0,0
925,4,0,0,0,1,0,0,0,0,0
926,4,0,0,0,1,0,0,0,0,0
927,4,0,0,0,1,0,0,0,0,0
928,4,0,0,0,1,0,0,0,0,0
929,4,0,0,0,1,0,0,0,0,0
930,4,0,0,0,1,0,0,0,0,0
931,4,0,0,0,1,0,0,0,0,0
932,4,0,0,0,1,0,0,0,0,0
933,4,0,0,0,1,0,0,0,0,0
934,4,0,0,0,1,0,0,0,0,0
935,4,0,0,0,1,0,0,0,0,0
936,4,0,0,0,1,0,0,0,0,0
937,4,0,0,0,1,0,0,0,0,0
938,4,0,0,0,1,0,0,0,0,0
939,4,0,0,0,1,0,0,0,0,0
940,4,0,0,0,1,0,0,0,0,0
941,4,0,0,0,1,0,0,0,0,0
942,4,0,0,0,1,0,0,0,0,0
943,4,0,0,0,1,0,0,0,0,0
944,4,0,0,0,1,0,0,0,0,0
945,4,0,0,0,1,0,0,0,0,0
946,4,0,0,0,1,0,0,0,0,0
947,4,0,0,0,1,0,0,0,0,0
948,4,0,0,0,1,0,0,0,0,0
949,4,0,0,0,1,0,0,0,0,0
950,4,0,0,0,1,0,0,0,0,0
951,4,0,0,0,1,0,0,0,0,0
952,4,0,0,0,1,0,0,0,0,0
953,4,0,0,0,1,0,0,0,0,0
954,4,0,0,0,1,0,0,0,0,0
955,4,0,0,0,1,0,0,0,0,0
956,4,0,0,0,1,0,0,0,0,0
957,4,0,0,0,1,0,0,0,0,0
958,4,0,0,0,1,0,0,0,0,0
959,4,0,0,0,1,0,0,0,0,0
960,4,0,0,0,1,0,0,0,0,0
961,4,0,0,0,1,0,0,0,0,0
962,4,0,0,0,1,0,0,0,0,0
963,4,0,0,0,1,0,0,0,0,0
964,4,0,0,0,1,0,0,0,0,0
965,4,0,0,0,1,0,0,0,0,0
966,4,0,0,0,1,0,0,0,0,0
967,4,0,0,0,1,0,0,0,0,0
968,4,0,0,0,1,0,0,0,0,0
969,4,0,0,0,1,0,0,0,0,0
970,4,0,0,0,1,0,0,0,0,0
971,5,0,0,0,0,1,0,0,0,0
972,5,0,0,0,0,1,0,0,0,0
973,5,0,0,0,0,1,0,0,0,0
974,5,0,0,0,0,1,0,0,0,0
975,5,0,0,0,0,1,0,0,0,0
976,5,0,0,0,0,1,0,0,0,0
977,5,0,0,0,0,1,0,0,0,0
978,5,0,0,0,0,1,0,0,0,0
979,5,0,0,0,0,1,0,0,0,0
980,5,0,0,0,0,1,0,0,0,0
981,5,0,0,0,0,1,0,0,0,0
982,5,0,0,0,0,1,0,0,0,0
983,5,0,0,0,0,1,0,0,0,0
984,5,0,0,0,0,1,0,0,0,0
985,5,0,0,0,0,1,0,0,0,0
986,5,0,0,0,0,1,0,0,0,0
987,5,0,0,0,0,1,0,0,0,0
988,5,0,0,0,0,1,0,0,0,0
989,5,0,0,0,0,1,0,0,0,0
990,5,0,0,0,0,1,0,0,0,0
991,5,0,0,0,0,1,0,0,0,0
992,5,0,0,0,0,1,0,0,0,0
993,5,0,0,0,0,1,0,0,0,0
994,5,0,0,0,0,1,0,0,0,0
995,5,0,0,0,0,1,0,0,0,0
996,5,0,0,0,0,1,0,0,0,0
997,5,0,0,0,0,1,0,0,0,0
998,5,0,0,0,0,1,0,0,0,0
999,5,0,0,0,0,1,0,0,0,0
1000,5,0,0,0,0,1,0,0,0,0
1001,5,0,0,0,0,1,0,0,0,0
1002,5,0,0,0,0,1,0,0,0,0
1003,5,0,0,0,0,1,0,0,0,0
1004,5,0,0,0,0,1,0,0,0,0
1005,5,0,0,0,0,1,0,0,0,0
1006,5,0,0,0,0,1,0,0,0,0
1007,5,0,0,0,0,1,0,0,0,0
1008,5,0,0,0,0,1,0,0,0,0
1009,5,0,0,0,0,1,0,0,0,0
1010,5,0,0,0,0,1,0,0,0,0
1011,5,0,0,0,0,1,0,0,0,0
1012,5,0,0,0,0,1,0,0,0,0
1013,5,0,0,0,0,1,0,0,0,0
1014,5,0,0,0,0,1,0,0,0,0
1015,5,0,0,0,0,1,0,0,0,0
1016,5,0,0,0,0,1,0,0,0,0
1017,5,0,0,0,0,1,0,0,0,0
1018,5,0,0,0,0,1,0,0,0,0
1019,5,0,0,0,0,1,0,0,0,0
1020,5,0,0,0,0,1,0,0,0,0
1021,5,0,0,0,0,1,0,0,0,0
1022,5,0,0,0,0,1,0,0,0,0
1023,5,0,0,0,0,1,0,0,0,0
1024,5,0,0,0,0,1,0,0,0,0
1025,5,0,0,0,0,1,0,0,0,0
1026,5,0,0,0,0,1,0,0,0,0
1027,5,0,0,0,0,1,0,0,0,0
1028,5,0,0,0,0,1,0,0,0,0
1029,5,0,0,0,0,1,0,0,0,0
1030,5,0,0,0,0,1,0,0,0,0
1031,5,0,0,0,0,1,0,0,0,0
1032,5,0,0,0,0,1,0,0,0,0
1033,5,0,0,0,0,1,0,0,0,0
1034,5,0,0,0,0,1,0,0,0,0
1035,5,0,0,0,0,1,0,0,0,0
1036,5,0,0,0,0,1,0,0,0,0
1037,5,0,0,0,0,1,0,0,0,0
1038,5,0,0,0,0,1,0,0,0,0
1039,5,0,0,0,0,1,0,0,0,0
1040,5,0,0,0,0,1,0,0,0,0
1041,5,0,0,0,0,1,0,0,0,0
1042,5,0,0,0,0,1,0,0,0,0
1043,5,0,0,0,0,1,0,0,0,0
1044,5,0,0,0,0,1,0,0,0,0
1045,5,0,0,0,0,1,0,0,0,0
1046,5,0,0,0,0,1,0,0,0,0
1047,5,0,0,0,0,1,0,0,0,0
1048,5,0,0,0,0,1,0,0,0,0
1049,5,0,0,0,0,1,0,0,0,0
1050,5,0,0,0,0,1,0,0,0,0
1051,5,0,0,0,0,1,0,0,0,0
1052,5,0,0,0,0,1,0,0,0,0
1053,5,0,0,0,0,1,0,0,0,0
1054,5,0,0,0,0,1,0,0,0,0
1055,5,0,0,0,0,1,0,0,0,0
1056,5,0,0,0,0,1,0,0,0,0
1057,5,0,0,0,0,1,0,0,0,0
1058,5,0,0,0,0,1,0,0,0,0
1059,5,0,0,0,0,1,0,0,0,0
1060,5,0,0,0,0,1,0,0,0,0
1061,5,0,0,0,0,1,0,0,0,0
1062,5,0,0,0,0,1,0,0,0,0
1063,5,0,0,0,0,1,0,0,0,0
1064,5,0,0,0,0,1,0,0,0,0
1065,5,0,0,0,0,1,0,0,0,0
1066,5,0,0,0,0,1,0,0,0,0
1067,5,0,0,0,0,1,0,0,0,0
1068,6,0,0,0,0,0,1,0,0,0
1069,6,0,0,0,0,0,1,0,0,0
1070,6,0,0,0,0,0,1,0,0,0
1071,6,0,0,0,0,0,1,0,0,0
1072,6,0,0,0,0,0,1,0,0,0
1073,6,0,0,0,0,0,1,0,0,0
1074,6,0,0,0,0,0,1,0,0,0
1075,6,0,0,0,0,0,1,0,0,0
1076,6,0,0,0,0,0,1,0,0,0
1077,6,0,0,0,0,0,1,0,0,0
1078,6,0,0,0,0,0,1,0,0,0
1079,6,0,0,0,0,0,1,0,0,0
1080,6,0,0,0,0,0,1,0,0,0
1081,6,0,0,0,0,0,1,0,0,0
1082,6,0,0,0,0,0,1,0,0,0
1083,6,0,0,0,0,0,1,0,0,0
1084,6,0,0,0,0,0,1,0,0,0
1085,6,0,0,0,0,0,1,0,0,0
1086,6,0,0,0,0,0,1,0,0,0
1087,6,0,0,0,0,0,1,0,0,0
1088,6,0,0,0,0,0,1,0,0,0
1089,6,0,0,0,0,0,1,0,0,0
1090,6,0,0,0,0,0,1,0,0,0
1091,6,0,0,0,0,0,1,0,0,0
1092,6,0,0,0,0,0,1,0,0,0
1093,6,0,0,0,0,0,1,0,0,0
1094,6,0,0,0,0,0,1,0,0,0
1095,6,0,0,0,0,0,1,0,0,0
1096,6,0,0,0,0,0,1,0,0,0
1097,6,0,0,0,0,0,1,0,0,0
1098,6,0,0,0,0,0,1,0,0,0
1099,6,0,0,0,0,0,1,0,0,0
1100,6,0,0,0,0,0,1,0,0,0
1101,6,0,0,0,0,0,1,0,0,0
1102,6,0,0,0,0,0,1,0,0,0
1103,7,0,0,0,0,0,0,1,0,0
1104,7,0,0,0,0,0,0,1,0,0
1105,7,0,0,0,0,0,0,1,0,0
1106,7,0,0,0,0,0,0,1,0,0
1107,7,0,0,0,0,0,0,1,0,0
1108,7,0,0,0,0,0,0,1,0,0
1109,7,0,0,0,0,0,0,1,0,0
1110,7,0,0,0,0,0,0,1,0,0
1111,7,0,0,0,0,0,0,1,0,0
1112,7,0,0,0,0,0,0,1,0,0
1113,7,0,0,0,0,0,0,1,0,0
1114,7,0,0,0,0,0,0,1,0,0
1115,7,0,0,0,0,0,0,1,0,0
1116,7,0,0,0,0,0,0,1,0,0
1117,7,0,0,0,0,0,0,1,0,0
1118,7,0,0,0,0,0,0,1,0,0
1119,7,0,0,0,0,0,0,1,0,0
1120,7,0,0,0,0,0,0,1,0,0
1121,7,0,0,0,0,0,0,1,0,0
1122,7,0,0,0,0,0,0,1,0,0
1123,7,0,0,0,0,0,0,1,0,0
1124,7,0,0,0,0,0,0,1,0,0
1125,7,0,0,0,0,0,0,1,0,0
1126,7,0,0,0,0,0,0,1,0,0
1127,7,0,0,0,0,0,0,1,0,0
1128,7,0,0,0,0,0,0,1,0,0
1129,8,0,0,0,0,0,0,0,1,0
1130,8,0,0,0,0,0,0,0,1,0
1131,8,0,0,0,0,0,0,0,1,0
1132,8,0,0,0,0,0,0,0,1,0
1133,8,0,0,0,0,0,0,0,1,0
1134,8,0,0,0,0,0,0,0,1,0
1135,8,0,0,0,0,0,0,0,1,0
1136,8,0,0,0,0,0,0,0,1,0
1137,8,0,0,0,0,0,0,0,1,0
1138,8,0,0,0,0,0,0,0,1,0
1139,8,0,0,0,0,0,0,0,1,0
1140,8,0,0,0,0,0,0,0,1,0
1141,8,0,0,0,0,0,0,0,1,0
1142,8,0,0,0,0,0,0,0,1,0
1143,8,0,0,0,0,0,0,0,1,0
1144,8,0,0,0,0,0,0,0,1,0
1145,8,0,0,0,0,0,0,0,1,0
1146,8,0,0,0,0,0,0,0,1,0
1147,8,0,0,0,0,0,0,0,1,0
1148,8,0,0,0,0,0,0,0,1,0
1149,8,0,0,0,0,0,0,0,1,0
1150,8,0,0,0,0,0,0,0,1,0
1151,8,0,0,0,0,0,0,0,1,0
1152,8,0,0,0,0,0,0,0,1,0
1153,8,0,0,0,0,0,0,0,1,0
1154,8,0,0,0,0,0,0,0,1,0
1155,8,0,0,0,0,0,0,0,1,0
1156,8,0,0,0,0,0,0,0,1,0
1157,8,0,0,0,0,0,0,0,1,0
1158,8,0,0,0,0,0,0,0,1,0
1159,8,0,0,0,0,0,0,0,1,0
1160,8,0,0,0,0,0,0,0,1,0
1161,8,0,0,0,0,0,0,0,1,0
1162,8,0,0,0,0,0,0,0,1,0
1163,9,0,0,0,0,0,0,0,0,1
1164,9,0,0,0,0,0,0,0,0,1
1165,9,0,0,0,0,0,0,0,0,1
1166,9,0,0,0,0,0,0,0,0,1
1167,9,0,0,0,0,0,0,0,0,1
1168,9,0,0,0,0,0,0,0,0,1
1169,9,0,0,0,0,0,0,0,0,1
1170,9,0,0,0,0,0,0,0,0,1
1171,9,0,0,0,0,0,0,0,0,1
1172,9,0,0,0,0,0,0,0,0,1
1173,9,0,0,0,0,0,0,0,0,1
1174,9,0,0,0,0,0,0,0,0,1
1175,9,0,0,0,0,0,0,0,0,1
1176,9,0,0,0,0,0,0,0,0,1
1177,9,0,0,0,0,0,0,0,0,1
1178,9,0,0,0,0,0,0,0,0,1
1179,9,0,0,0,0,0,0,0,0,1
