,multiclase1,ova_7,ova_8,ova_6,ova_9,ova_5,ova_3,ova_2,ova_4,ova_1
3131,7,1,0,0,0,0,0,0,0,0
3589,8,0,1,0,0,0,0,0,0,0
2696,6,0,0,1,0,0,0,0,0,0
4105,9,0,0,0,1,0,0,0,0,0
2252,5,0,0,0,0,1,0,0,0,0
3905,8,0,1,0,0,0,0,0,0,0
1651,3,0,0,0,0,0,1,0,0,0
1312,2,0,0,0,0,0,0,1,0,0
509,2,0,0,0,0,0,0,1,0,0
2587,5,0,0,0,0,1,0,0,0,0
3020,6,0,0,1,0,0,0,0,0,0
3497,7,1,0,0,0,0,0,0,0,0
1191,2,0,0,0,0,0,0,1,0,0
3988,8,0,1,0,0,0,0,0,0,0
3935,8,0,1,0,0,0,0,0,0,0
4057,9,0,0,0,1,0,0,0,0,0
912,4,0,0,0,0,0,0,0,1,0
1359,2,0,0,0,0,0,0,1,0,0
1964,4,0,0,0,0,0,0,0,1,0
1883,4,0,0,0,0,0,0,0,1,0
2101,4,0,0,0,0,0,0,0,1,0
4086,9,0,0,0,1,0,0,0,0,0
2370,5,0,0,0,0,1,0,0,0,0
2275,5,0,0,0,0,1,0,0,0,0
595,2,0,0,0,0,0,0,1,0,0
3299,7,1,0,0,0,0,0,0,0,0
2183,4,0,0,0,0,0,0,0,1,0
1380,2,0,0,0,0,0,0,1,0,0
2529,5,0,0,0,0,1,0,0,0,0
4150,9,0,0,0,1,0,0,0,0,0
2833,6,0,0,1,0,0,0,0,0,0
407,1,0,0,0,0,0,0,0,0,1
356,1,0,0,0,0,0,0,0,0,1
3391,7,1,0,0,0,0,0,0,0,0
2718,6,0,0,1,0,0,0,0,0,0
1466,2,0,0,0,0,0,0,1,0,0
134,1,0,0,0,0,0,0,0,0,1
3218,7,1,0,0,0,0,0,0,0,0
1746,3,0,0,0,0,0,1,0,0,0
3864,8,0,1,0,0,0,0,0,0,0
730,3,0,0,0,0,0,1,0,0,0
2422,5,0,0,0,0,1,0,0,0,0
4124,9,0,0,0,1,0,0,0,0,0
4123,9,0,0,0,1,0,0,0,0,0
598,2,0,0,0,0,0,0,1,0,0
4059,9,0,0,0,1,0,0,0,0,0
1429,2,0,0,0,0,0,0,1,0,0
1184,2,0,0,0,0,0,0,1,0,0
2249,5,0,0,0,0,1,0,0,0,0
1528,3,0,0,0,0,0,1,0,0,0
1257,2,0,0,0,0,0,0,1,0,0
4060,9,0,0,0,1,0,0,0,0,0
2023,4,0,0,0,0,0,0,0,1,0
3293,7,1,0,0,0,0,0,0,0,0
1598,3,0,0,0,0,0,1,0,0,0
3957,8,0,1,0,0,0,0,0,0,0
1952,4,0,0,0,0,0,0,0,1,0
3649,8,0,1,0,0,0,0,0,0,0
2412,5,0,0,0,0,1,0,0,0,0
638,2,0,0,0,0,0,0,1,0,0
3628,8,0,1,0,0,0,0,0,0,0
2030,4,0,0,0,0,0,0,0,1,0
105,1,0,0,0,0,0,0,0,0,1
3551,8,0,1,0,0,0,0,0,0,0
2336,5,0,0,0,0,1,0,0,0,0
4449,9,0,0,0,1,0,0,0,0,0
2746,6,0,0,1,0,0,0,0,0,0
669,3,0,0,0,0,0,1,0,0,0
1766,3,0,0,0,0,0,1,0,0,0
550,2,0,0,0,0,0,0,1,0,0
2029,4,0,0,0,0,0,0,0,1,0
1830,3,0,0,0,0,0,1,0,0,0
617,2,0,0,0,0,0,0,1,0,0
2863,6,0,0,1,0,0,0,0,0,0
2180,4,0,0,0,0,0,0,0,1,0
205,1,0,0,0,0,0,0,0,0,1
336,1,0,0,0,0,0,0,0,0,1
139,1,0,0,0,0,0,0,0,0,1
1231,2,0,0,0,0,0,0,1,0,0
3996,9,0,0,0,1,0,0,0,0,0
3694,8,0,1,0,0,0,0,0,0,0
323,1,0,0,0,0,0,0,0,0,1
1235,2,0,0,0,0,0,0,1,0,0
4138,9,0,0,0,1,0,0,0,0,0
1834,3,0,0,0,0,0,1,0,0,0
342,1,0,0,0,0,0,0,0,0,1
995,5,0,0,0,0,1,0,0,0,0
3932,8,0,1,0,0,0,0,0,0,0
3650,8,0,1,0,0,0,0,0,0,0
1058,7,1,0,0,0,0,0,0,0,0
5,1,0,0,0,0,0,0,0,0,1
1418,2,0,0,0,0,0,0,1,0,0
678,3,0,0,0,0,0,1,0,0,0
1525,3,0,0,0,0,0,1,0,0,0
4062,9,0,0,0,1,0,0,0,0,0
2201,5,0,0,0,0,1,0,0,0,0
1565,3,0,0,0,0,0,1,0,0,0
4470,9,0,0,0,1,0,0,0,0,0
4213,9,0,0,0,1,0,0,0,0,0
1381,2,0,0,0,0,0,0,1,0,0
1264,2,0,0,0,0,0,0,1,0,0
2337,5,0,0,0,0,1,0,0,0,0
4441,9,0,0,0,1,0,0,0,0,0
2548,5,0,0,0,0,1,0,0,0,0
3857,8,0,1,0,0,0,0,0,0,0
2167,4,0,0,0,0,0,0,0,1,0
213,1,0,0,0,0,0,0,0,0,1
3785,8,0,1,0,0,0,0,0,0,0
2948,6,0,0,1,0,0,0,0,0,0
2225,5,0,0,0,0,1,0,0,0,0
2393,5,0,0,0,0,1,0,0,0,0
283,1,0,0,0,0,0,0,0,0,1
3909,8,0,1,0,0,0,0,0,0,0
3946,8,0,1,0,0,0,0,0,0,0
2391,5,0,0,0,0,1,0,0,0,0
3669,8,0,1,0,0,0,0,0,0,0
340,1,0,0,0,0,0,0,0,0,1
4187,9,0,0,0,1,0,0,0,0,0
31,1,0,0,0,0,0,0,0,0,1
1101,8,0,1,0,0,0,0,0,0,0
114,1,0,0,0,0,0,0,0,0,1
2699,6,0,0,1,0,0,0,0,0,0
2652,6,0,0,1,0,0,0,0,0,0
1224,2,0,0,0,0,0,0,1,0,0
1260,2,0,0,0,0,0,0,1,0,0
3059,7,1,0,0,0,0,0,0,0,0
2799,6,0,0,1,0,0,0,0,0,0
1761,3,0,0,0,0,0,1,0,0,0
547,2,0,0,0,0,0,0,1,0,0
1204,2,0,0,0,0,0,0,1,0,0
2925,6,0,0,1,0,0,0,0,0,0
1344,2,0,0,0,0,0,0,1,0,0
2617,6,0,0,1,0,0,0,0,0,0
2048,4,0,0,0,0,0,0,0,1,0
2058,4,0,0,0,0,0,0,0,1,0
2297,5,0,0,0,0,1,0,0,0,0
1007,5,0,0,0,0,1,0,0,0,0
4401,9,0,0,0,1,0,0,0,0,0
440,1,0,0,0,0,0,0,0,0,1
3422,7,1,0,0,0,0,0,0,0,0
882,4,0,0,0,0,0,0,0,1,0
434,1,0,0,0,0,0,0,0,0,1
3023,6,0,0,1,0,0,0,0,0,0
2947,6,0,0,1,0,0,0,0,0,0
716,3,0,0,0,0,0,1,0,0,0
1023,6,0,0,1,0,0,0,0,0,0
864,4,0,0,0,0,0,0,0,1,0
1491,3,0,0,0,0,0,1,0,0,0
4088,9,0,0,0,1,0,0,0,0,0
54,1,0,0,0,0,0,0,0,0,1
2832,6,0,0,1,0,0,0,0,0,0
2689,6,0,0,1,0,0,0,0,0,0
2474,5,0,0,0,0,1,0,0,0,0
308,1,0,0,0,0,0,0,0,0,1
4416,9,0,0,0,1,0,0,0,0,0
1543,3,0,0,0,0,0,1,0,0,0
2269,5,0,0,0,0,1,0,0,0,0
2282,5,0,0,0,0,1,0,0,0,0
2803,6,0,0,1,0,0,0,0,0,0
4358,9,0,0,0,1,0,0,0,0,0
1601,3,0,0,0,0,0,1,0,0,0
3273,7,1,0,0,0,0,0,0,0,0
1526,3,0,0,0,0,0,1,0,0,0
3345,7,1,0,0,0,0,0,0,0,0
3495,7,1,0,0,0,0,0,0,0,0
1044,6,0,0,1,0,0,0,0,0,0
1638,3,0,0,0,0,0,1,0,0,0
3462,7,1,0,0,0,0,0,0,0,0
3187,7,1,0,0,0,0,0,0,0,0
728,3,0,0,0,0,0,1,0,0,0
3264,7,1,0,0,0,0,0,0,0,0
3427,7,1,0,0,0,0,0,0,0,0
361,1,0,0,0,0,0,0,0,0,1
173,1,0,0,0,0,0,0,0,0,1
1398,2,0,0,0,0,0,0,1,0,0
44,1,0,0,0,0,0,0,0,0,1
3087,7,1,0,0,0,0,0,0,0,0
2856,6,0,0,1,0,0,0,0,0,0
2481,5,0,0,0,0,1,0,0,0,0
588,2,0,0,0,0,0,0,1,0,0
1289,2,0,0,0,0,0,0,1,0,0
4012,9,0,0,0,1,0,0,0,0,0
1372,2,0,0,0,0,0,0,1,0,0
4206,9,0,0,0,1,0,0,0,0,0
2735,6,0,0,1,0,0,0,0,0,0
334,1,0,0,0,0,0,0,0,0,1
2153,4,0,0,0,0,0,0,0,1,0
3494,7,1,0,0,0,0,0,0,0,0
3683,8,0,1,0,0,0,0,0,0,0
185,1,0,0,0,0,0,0,0,0,1
762,3,0,0,0,0,0,1,0,0,0
1394,2,0,0,0,0,0,0,1,0,0
3860,8,0,1,0,0,0,0,0,0,0
4414,9,0,0,0,1,0,0,0,0,0
4363,9,0,0,0,1,0,0,0,0,0
4417,9,0,0,0,1,0,0,0,0,0
1470,2,0,0,0,0,0,0,1,0,0
1338,2,0,0,0,0,0,0,1,0,0
2062,4,0,0,0,0,0,0,0,1,0
2730,6,0,0,1,0,0,0,0,0,0
3567,8,0,1,0,0,0,0,0,0,0
622,2,0,0,0,0,0,0,1,0,0
599,2,0,0,0,0,0,0,1,0,0
2482,5,0,0,0,0,1,0,0,0,0
328,1,0,0,0,0,0,0,0,0,1
2778,6,0,0,1,0,0,0,0,0,0
1756,3,0,0,0,0,0,1,0,0,0
2461,5,0,0,0,0,1,0,0,0,0
103,1,0,0,0,0,0,0,0,0,1
1684,3,0,0,0,0,0,1,0,0,0
2408,5,0,0,0,0,1,0,0,0,0
1292,2,0,0,0,0,0,0,1,0,0
1132,9,0,0,0,1,0,0,0,0,0
363,1,0,0,0,0,0,0,0,0,1
1327,2,0,0,0,0,0,0,1,0,0
1379,2,0,0,0,0,0,0,1,0,0
2413,5,0,0,0,0,1,0,0,0,0
1814,3,0,0,0,0,0,1,0,0,0
3963,8,0,1,0,0,0,0,0,0,0
70,1,0,0,0,0,0,0,0,0,1
1666,3,0,0,0,0,0,1,0,0,0
1301,2,0,0,0,0,0,0,1,0,0
1592,3,0,0,0,0,0,1,0,0,0
851,4,0,0,0,0,0,0,0,1,0
414,1,0,0,0,0,0,0,0,0,1
1639,3,0,0,0,0,0,1,0,0,0
650,2,0,0,0,0,0,0,1,0,0
1266,2,0,0,0,0,0,0,1,0,0
3875,8,0,1,0,0,0,0,0,0,0
69,1,0,0,0,0,0,0,0,0,1
672,3,0,0,0,0,0,1,0,0,0
2666,6,0,0,1,0,0,0,0,0,0
3783,8,0,1,0,0,0,0,0,0,0
901,4,0,0,0,0,0,0,0,1,0
2967,6,0,0,1,0,0,0,0,0,0
1724,3,0,0,0,0,0,1,0,0,0
3069,7,1,0,0,0,0,0,0,0,0
3660,8,0,1,0,0,0,0,0,0,0
2558,5,0,0,0,0,1,0,0,0,0
3984,8,0,1,0,0,0,0,0,0,0
2695,6,0,0,1,0,0,0,0,0,0
3605,8,0,1,0,0,0,0,0,0,0
2979,6,0,0,1,0,0,0,0,0,0
2047,4,0,0,0,0,0,0,0,1,0
2788,6,0,0,1,0,0,0,0,0,0
2747,6,0,0,1,0,0,0,0,0,0
2496,5,0,0,0,0,1,0,0,0,0
2076,4,0,0,0,0,0,0,0,1,0
2366,5,0,0,0,0,1,0,0,0,0
1056,6,0,0,1,0,0,0,0,0,0
2300,5,0,0,0,0,1,0,0,0,0
3421,7,1,0,0,0,0,0,0,0,0
3354,7,1,0,0,0,0,0,0,0,0
332,1,0,0,0,0,0,0,0,0,1
1764,3,0,0,0,0,0,1,0,0,0
631,2,0,0,0,0,0,0,1,0,0
3682,8,0,1,0,0,0,0,0,0,0
3656,8,0,1,0,0,0,0,0,0,0
3528,7,1,0,0,0,0,0,0,0,0
3849,8,0,1,0,0,0,0,0,0,0
2285,5,0,0,0,0,1,0,0,0,0
2488,5,0,0,0,0,1,0,0,0,0
2234,5,0,0,0,0,1,0,0,0,0
4374,9,0,0,0,1,0,0,0,0,0
3934,8,0,1,0,0,0,0,0,0,0
4133,9,0,0,0,1,0,0,0,0,0
2144,4,0,0,0,0,0,0,0,1,0
2057,4,0,0,0,0,0,0,0,1,0
3897,8,0,1,0,0,0,0,0,0,0
1995,4,0,0,0,0,0,0,0,1,0
2569,5,0,0,0,0,1,0,0,0,0
1553,3,0,0,0,0,0,1,0,0,0
2736,6,0,0,1,0,0,0,0,0,0
977,5,0,0,0,0,1,0,0,0,0
3493,7,1,0,0,0,0,0,0,0,0
2576,5,0,0,0,0,1,0,0,0,0
3781,8,0,1,0,0,0,0,0,0,0
4195,9,0,0,0,1,0,0,0,0,0
758,3,0,0,0,0,0,1,0,0,0
2823,6,0,0,1,0,0,0,0,0,0
3976,8,0,1,0,0,0,0,0,0,0
3167,7,1,0,0,0,0,0,0,0,0
945,5,0,0,0,0,1,0,0,0,0
2521,5,0,0,0,0,1,0,0,0,0
413,1,0,0,0,0,0,0,0,0,1
626,2,0,0,0,0,0,0,1,0,0
1386,2,0,0,0,0,0,0,1,0,0
1006,5,0,0,0,0,1,0,0,0,0
967,5,0,0,0,0,1,0,0,0,0
74,1,0,0,0,0,0,0,0,0,1
4070,9,0,0,0,1,0,0,0,0,0
1664,3,0,0,0,0,0,1,0,0,0
2966,6,0,0,1,0,0,0,0,0,0
542,2,0,0,0,0,0,0,1,0,0
1564,3,0,0,0,0,0,1,0,0,0
1067,7,1,0,0,0,0,0,0,0,0
3839,8,0,1,0,0,0,0,0,0,0
2203,5,0,0,0,0,1,0,0,0,0
3992,9,0,0,0,1,0,0,0,0,0
231,1,0,0,0,0,0,0,0,0,1
2291,5,0,0,0,0,1,0,0,0,0
969,5,0,0,0,0,1,0,0,0,0
1827,3,0,0,0,0,0,1,0,0,0
4415,9,0,0,0,1,0,0,0,0,0
765,3,0,0,0,0,0,1,0,0,0
80,1,0,0,0,0,0,0,0,0,1
4351,9,0,0,0,1,0,0,0,0,0
530,2,0,0,0,0,0,0,1,0,0
1441,2,0,0,0,0,0,0,1,0,0
2888,6,0,0,1,0,0,0,0,0,0
4436,9,0,0,0,1,0,0,0,0,0
4295,9,0,0,0,1,0,0,0,0,0
3791,8,0,1,0,0,0,0,0,0,0
4222,9,0,0,0,1,0,0,0,0,0
3319,7,1,0,0,0,0,0,0,0,0
2473,5,0,0,0,0,1,0,0,0,0
1439,2,0,0,0,0,0,0,1,0,0
444,1,0,0,0,0,0,0,0,0,1
3805,8,0,1,0,0,0,0,0,0,0
3244,7,1,0,0,0,0,0,0,0,0
1924,4,0,0,0,0,0,0,0,1,0
2743,6,0,0,1,0,0,0,0,0,0
2745,6,0,0,1,0,0,0,0,0,0
4276,9,0,0,0,1,0,0,0,0,0
724,3,0,0,0,0,0,1,0,0,0
3496,7,1,0,0,0,0,0,0,0,0
654,3,0,0,0,0,0,1,0,0,0
2679,6,0,0,1,0,0,0,0,0,0
1969,4,0,0,0,0,0,0,0,1,0
3723,8,0,1,0,0,0,0,0,0,0
2158,4,0,0,0,0,0,0,0,1,0
1294,2,0,0,0,0,0,0,1,0,0
4240,9,0,0,0,1,0,0,0,0,0
400,1,0,0,0,0,0,0,0,0,1
1252,2,0,0,0,0,0,0,1,0,0
4182,9,0,0,0,1,0,0,0,0,0
627,2,0,0,0,0,0,0,1,0,0
855,4,0,0,0,0,0,0,0,1,0
3623,8,0,1,0,0,0,0,0,0,0
2551,5,0,0,0,0,1,0,0,0,0
1855,4,0,0,0,0,0,0,0,1,0
1163,2,0,0,0,0,0,0,1,0,0
1755,3,0,0,0,0,0,1,0,0,0
536,2,0,0,0,0,0,0,1,0,0
3456,7,1,0,0,0,0,0,0,0,0
2432,5,0,0,0,0,1,0,0,0,0
511,2,0,0,0,0,0,0,1,0,0
28,1,0,0,0,0,0,0,0,0,1
1307,2,0,0,0,0,0,0,1,0,0
3054,6,0,0,1,0,0,0,0,0,0
2567,5,0,0,0,0,1,0,0,0,0
3362,7,1,0,0,0,0,0,0,0,0
428,1,0,0,0,0,0,0,0,0,1
474,1,0,0,0,0,0,0,0,0,1
4301,9,0,0,0,1,0,0,0,0,0
2957,6,0,0,1,0,0,0,0,0,0
3752,8,0,1,0,0,0,0,0,0,0
1409,2,0,0,0,0,0,0,1,0,0
3256,7,1,0,0,0,0,0,0,0,0
3780,8,0,1,0,0,0,0,0,0,0
1059,7,1,0,0,0,0,0,0,0,0
597,2,0,0,0,0,0,0,1,0,0
2309,5,0,0,0,0,1,0,0,0,0
1091,8,0,1,0,0,0,0,0,0,0
3012,6,0,0,1,0,0,0,0,0,0
594,2,0,0,0,0,0,0,1,0,0
538,2,0,0,0,0,0,0,1,0,0
576,2,0,0,0,0,0,0,1,0,0
150,1,0,0,0,0,0,0,0,0,1
1551,3,0,0,0,0,0,1,0,0,0
2155,4,0,0,0,0,0,0,0,1,0
3504,7,1,0,0,0,0,0,0,0,0
3247,7,1,0,0,0,0,0,0,0,0
2495,5,0,0,0,0,1,0,0,0,0
3888,8,0,1,0,0,0,0,0,0,0
792,4,0,0,0,0,0,0,0,1,0
3712,8,0,1,0,0,0,0,0,0,0
56,1,0,0,0,0,0,0,0,0,1
4330,9,0,0,0,1,0,0,0,0,0
3442,7,1,0,0,0,0,0,0,0,0
1792,3,0,0,0,0,0,1,0,0,0
2603,6,0,0,1,0,0,0,0,0,0
2871,6,0,0,1,0,0,0,0,0,0
1221,2,0,0,0,0,0,0,1,0,0
1835,3,0,0,0,0,0,1,0,0,0
2744,6,0,0,1,0,0,0,0,0,0
117,1,0,0,0,0,0,0,0,0,1
3931,8,0,1,0,0,0,0,0,0,0
883,4,0,0,0,0,0,0,0,1,0
3844,8,0,1,0,0,0,0,0,0,0
4009,9,0,0,0,1,0,0,0,0,0
3097,7,1,0,0,0,0,0,0,0,0
4168,9,0,0,0,1,0,0,0,0,0
269,1,0,0,0,0,0,0,0,0,1
3790,8,0,1,0,0,0,0,0,0,0
370,1,0,0,0,0,0,0,0,0,1
2279,5,0,0,0,0,1,0,0,0,0
316,1,0,0,0,0,0,0,0,0,1
3484,7,1,0,0,0,0,0,0,0,0
66,1,0,0,0,0,0,0,0,0,1
1313,2,0,0,0,0,0,0,1,0,0
1463,2,0,0,0,0,0,0,1,0,0
3315,7,1,0,0,0,0,0,0,0,0
1239,2,0,0,0,0,0,0,1,0,0
130,1,0,0,0,0,0,0,0,0,1
3821,8,0,1,0,0,0,0,0,0,0
1296,2,0,0,0,0,0,0,1,0,0
318,1,0,0,0,0,0,0,0,0,1
1440,2,0,0,0,0,0,0,1,0,0
1546,3,0,0,0,0,0,1,0,0,0
1499,3,0,0,0,0,0,1,0,0,0
2522,5,0,0,0,0,1,0,0,0,0
2061,4,0,0,0,0,0,0,0,1,0
2331,5,0,0,0,0,1,0,0,0,0
3916,8,0,1,0,0,0,0,0,0,0
71,1,0,0,0,0,0,0,0,0,1
2099,4,0,0,0,0,0,0,0,1,0
3825,8,0,1,0,0,0,0,0,0,0
3145,7,1,0,0,0,0,0,0,0,0
616,2,0,0,0,0,0,0,1,0,0
3349,7,1,0,0,0,0,0,0,0,0
1047,6,0,0,1,0,0,0,0,0,0
2824,6,0,0,1,0,0,0,0,0,0
1735,3,0,0,0,0,0,1,0,0,0
652,3,0,0,0,0,0,1,0,0,0
3400,7,1,0,0,0,0,0,0,0,0
649,2,0,0,0,0,0,0,1,0,0
3182,7,1,0,0,0,0,0,0,0,0
2998,6,0,0,1,0,0,0,0,0,0
1014,5,0,0,0,0,1,0,0,0,0
663,3,0,0,0,0,0,1,0,0,0
4388,9,0,0,0,1,0,0,0,0,0
1864,4,0,0,0,0,0,0,0,1,0
3861,8,0,1,0,0,0,0,0,0,0
2278,5,0,0,0,0,1,0,0,0,0
1122,9,0,0,0,1,0,0,0,0,0
1872,4,0,0,0,0,0,0,0,1,0
3709,8,0,1,0,0,0,0,0,0,0
1923,4,0,0,0,0,0,0,0,1,0
2464,5,0,0,0,0,1,0,0,0,0
2102,4,0,0,0,0,0,0,0,1,0
1501,3,0,0,0,0,0,1,0,0,0
3758,8,0,1,0,0,0,0,0,0,0
4040,9,0,0,0,1,0,0,0,0,0
3325,7,1,0,0,0,0,0,0,0,0
2996,6,0,0,1,0,0,0,0,0,0
352,1,0,0,0,0,0,0,0,0,1
1641,3,0,0,0,0,0,1,0,0,0
3204,7,1,0,0,0,0,0,0,0,0
2949,6,0,0,1,0,0,0,0,0,0
3374,7,1,0,0,0,0,0,0,0,0
1839,3,0,0,0,0,0,1,0,0,0
679,3,0,0,0,0,0,1,0,0,0
160,1,0,0,0,0,0,0,0,0,1
2367,5,0,0,0,0,1,0,0,0,0
2737,6,0,0,1,0,0,0,0,0,0
1709,3,0,0,0,0,0,1,0,0,0
1159,2,0,0,0,0,0,0,1,0,0
382,1,0,0,0,0,0,0,0,0,1
2820,6,0,0,1,0,0,0,0,0,0
3748,8,0,1,0,0,0,0,0,0,0
1583,3,0,0,0,0,0,1,0,0,0
3710,8,0,1,0,0,0,0,0,0,0
1881,4,0,0,0,0,0,0,0,1,0
849,4,0,0,0,0,0,0,0,1,0
229,1,0,0,0,0,0,0,0,0,1
3978,8,0,1,0,0,0,0,0,0,0
1063,7,1,0,0,0,0,0,0,0,0
242,1,0,0,0,0,0,0,0,0,1
4077,9,0,0,0,1,0,0,0,0,0
1520,3,0,0,0,0,0,1,0,0,0
4367,9,0,0,0,1,0,0,0,0,0
3372,7,1,0,0,0,0,0,0,0,0
12,1,0,0,0,0,0,0,0,0,1
1780,3,0,0,0,0,0,1,0,0,0
2985,6,0,0,1,0,0,0,0,0,0
2703,6,0,0,1,0,0,0,0,0,0
2363,5,0,0,0,0,1,0,0,0,0
63,1,0,0,0,0,0,0,0,0,1
2213,5,0,0,0,0,1,0,0,0,0
811,4,0,0,0,0,0,0,0,1,0
284,1,0,0,0,0,0,0,0,0,1
3263,7,1,0,0,0,0,0,0,0,0
1999,4,0,0,0,0,0,0,0,1,0
3342,7,1,0,0,0,0,0,0,0,0
258,1,0,0,0,0,0,0,0,0,1
1135,2,0,0,0,0,0,0,1,0,0
1920,4,0,0,0,0,0,0,0,1,0
3804,8,0,1,0,0,0,0,0,0,0
3313,7,1,0,0,0,0,0,0,0,0
2077,4,0,0,0,0,0,0,0,1,0
463,1,0,0,0,0,0,0,0,0,1
3483,7,1,0,0,0,0,0,0,0,0
2661,6,0,0,1,0,0,0,0,0,0
1828,3,0,0,0,0,0,1,0,0,0
1889,4,0,0,0,0,0,0,0,1,0
1823,3,0,0,0,0,0,1,0,0,0
1447,2,0,0,0,0,0,0,1,0,0
3534,8,0,1,0,0,0,0,0,0,0
3418,7,1,0,0,0,0,0,0,0,0
1270,2,0,0,0,0,0,0,1,0,0
2449,5,0,0,0,0,1,0,0,0,0
2918,6,0,0,1,0,0,0,0,0,0
2535,5,0,0,0,0,1,0,0,0,0
2323,5,0,0,0,0,1,0,0,0,0
2032,4,0,0,0,0,0,0,0,1,0
537,2,0,0,0,0,0,0,1,0,0
3560,8,0,1,0,0,0,0,0,0,0
3769,8,0,1,0,0,0,0,0,0,0
3716,8,0,1,0,0,0,0,0,0,0
1481,3,0,0,0,0,0,1,0,0,0
706,3,0,0,0,0,0,1,0,0,0
3153,7,1,0,0,0,0,0,0,0,0
3553,8,0,1,0,0,0,0,0,0,0
3753,8,0,1,0,0,0,0,0,0,0
2195,5,0,0,0,0,1,0,0,0,0
4451,9,0,0,0,1,0,0,0,0,0
836,4,0,0,0,0,0,0,0,1,0
490,1,0,0,0,0,0,0,0,0,1
3241,7,1,0,0,0,0,0,0,0,0
1567,3,0,0,0,0,0,1,0,0,0
1355,2,0,0,0,0,0,0,1,0,0
696,3,0,0,0,0,0,1,0,0,0
1212,2,0,0,0,0,0,0,1,0,0
1824,3,0,0,0,0,0,1,0,0,0
2692,6,0,0,1,0,0,0,0,0,0
999,5,0,0,0,0,1,0,0,0,0
710,3,0,0,0,0,0,1,0,0,0
3823,8,0,1,0,0,0,0,0,0,0
2723,6,0,0,1,0,0,0,0,0,0
2794,6,0,0,1,0,0,0,0,0,0
2851,6,0,0,1,0,0,0,0,0,0
582,2,0,0,0,0,0,0,1,0,0
75,1,0,0,0,0,0,0,0,0,1
3555,8,0,1,0,0,0,0,0,0,0
2677,6,0,0,1,0,0,0,0,0,0
1514,3,0,0,0,0,0,1,0,0,0
2755,6,0,0,1,0,0,0,0,0,0
237,1,0,0,0,0,0,0,0,0,1
3563,8,0,1,0,0,0,0,0,0,0
3297,7,1,0,0,0,0,0,0,0,0
3863,8,0,1,0,0,0,0,0,0,0
1360,2,0,0,0,0,0,0,1,0,0
4144,9,0,0,0,1,0,0,0,0,0
3599,8,0,1,0,0,0,0,0,0,0
935,5,0,0,0,0,1,0,0,0,0
1711,3,0,0,0,0,0,1,0,0,0
2973,6,0,0,1,0,0,0,0,0,0
4079,9,0,0,0,1,0,0,0,0,0
4321,9,0,0,0,1,0,0,0,0,0
1931,4,0,0,0,0,0,0,0,1,0
498,2,0,0,0,0,0,0,1,0,0
3002,6,0,0,1,0,0,0,0,0,0
529,2,0,0,0,0,0,0,1,0,0
472,1,0,0,0,0,0,0,0,0,1
770,4,0,0,0,0,0,0,0,1,0
3216,7,1,0,0,0,0,0,0,0,0
908,4,0,0,0,0,0,0,0,1,0
1148,2,0,0,0,0,0,0,1,0,0
3793,8,0,1,0,0,0,0,0,0,0
232,1,0,0,0,0,0,0,0,0,1
3236,7,1,0,0,0,0,0,0,0,0
1740,3,0,0,0,0,0,1,0,0,0
4248,9,0,0,0,1,0,0,0,0,0
483,1,0,0,0,0,0,0,0,0,1
1815,3,0,0,0,0,0,1,0,0,0
166,1,0,0,0,0,0,0,0,0,1
3485,7,1,0,0,0,0,0,0,0,0
2033,4,0,0,0,0,0,0,0,1,0
2497,5,0,0,0,0,1,0,0,0,0
2302,5,0,0,0,0,1,0,0,0,0
1505,3,0,0,0,0,0,1,0,0,0
3572,8,0,1,0,0,0,0,0,0,0
1636,3,0,0,0,0,0,1,0,0,0
1907,4,0,0,0,0,0,0,0,1,0
4328,9,0,0,0,1,0,0,0,0,0
1438,2,0,0,0,0,0,0,1,0,0
1185,2,0,0,0,0,0,0,1,0,0
2096,4,0,0,0,0,0,0,0,1,0
2675,6,0,0,1,0,0,0,0,0,0
2637,6,0,0,1,0,0,0,0,0,0
4169,9,0,0,0,1,0,0,0,0,0
3092,7,1,0,0,0,0,0,0,0,0
2994,6,0,0,1,0,0,0,0,0,0
925,4,0,0,0,0,0,0,0,1,0
2312,5,0,0,0,0,1,0,0,0,0
3914,8,0,1,0,0,0,0,0,0,0
3974,8,0,1,0,0,0,0,0,0,0
2621,6,0,0,1,0,0,0,0,0,0
2530,5,0,0,0,0,1,0,0,0,0
3598,8,0,1,0,0,0,0,0,0,0
485,1,0,0,0,0,0,0,0,0,1
4450,9,0,0,0,1,0,0,0,0,0
1358,2,0,0,0,0,0,0,1,0,0
3766,8,0,1,0,0,0,0,0,0,0
1490,3,0,0,0,0,0,1,0,0,0
1693,3,0,0,0,0,0,1,0,0,0
4322,9,0,0,0,1,0,0,0,0,0
3404,7,1,0,0,0,0,0,0,0,0
455,1,0,0,0,0,0,0,0,0,1
279,1,0,0,0,0,0,0,0,0,1
3912,8,0,1,0,0,0,0,0,0,0
1369,2,0,0,0,0,0,0,1,0,0
1579,3,0,0,0,0,0,1,0,0,0
2316,5,0,0,0,0,1,0,0,0,0
1280,2,0,0,0,0,0,0,1,0,0
2889,6,0,0,1,0,0,0,0,0,0
209,1,0,0,0,0,0,0,0,0,1
4121,9,0,0,0,1,0,0,0,0,0
4137,9,0,0,0,1,0,0,0,0,0
147,1,0,0,0,0,0,0,0,0,1
1779,3,0,0,0,0,0,1,0,0,0
3205,7,1,0,0,0,0,0,0,0,0
1223,2,0,0,0,0,0,0,1,0,0
3278,7,1,0,0,0,0,0,0,0,0
1913,4,0,0,0,0,0,0,0,1,0
1739,3,0,0,0,0,0,1,0,0,0
1939,4,0,0,0,0,0,0,0,1,0
446,1,0,0,0,0,0,0,0,0,1
3024,6,0,0,1,0,0,0,0,0,0
4459,9,0,0,0,1,0,0,0,0,0
1346,2,0,0,0,0,0,0,1,0,0
3143,7,1,0,0,0,0,0,0,0,0
1643,3,0,0,0,0,0,1,0,0,0
2993,6,0,0,1,0,0,0,0,0,0
773,4,0,0,0,0,0,0,0,1,0
115,1,0,0,0,0,0,0,0,0,1
919,4,0,0,0,0,0,0,0,1,0
2869,6,0,0,1,0,0,0,0,0,0
2200,5,0,0,0,0,1,0,0,0,0
2962,6,0,0,1,0,0,0,0,0,0
733,3,0,0,0,0,0,1,0,0,0
4058,9,0,0,0,1,0,0,0,0,0
2454,5,0,0,0,0,1,0,0,0,0
1994,4,0,0,0,0,0,0,0,1,0
1618,3,0,0,0,0,0,1,0,0,0
4259,9,0,0,0,1,0,0,0,0,0
3063,7,1,0,0,0,0,0,0,0,0
602,2,0,0,0,0,0,0,1,0,0
1727,3,0,0,0,0,0,1,0,0,0
2963,6,0,0,1,0,0,0,0,0,0
1769,3,0,0,0,0,0,1,0,0,0
533,2,0,0,0,0,0,0,1,0,0
3736,8,0,1,0,0,0,0,0,0,0
682,3,0,0,0,0,0,1,0,0,0
4471,9,0,0,0,1,0,0,0,0,0
4286,9,0,0,0,1,0,0,0,0,0
1697,3,0,0,0,0,0,1,0,0,0
1469,2,0,0,0,0,0,0,1,0,0
3478,7,1,0,0,0,0,0,0,0,0
1156,2,0,0,0,0,0,0,1,0,0
438,1,0,0,0,0,0,0,0,0,1
528,2,0,0,0,0,0,0,1,0,0
3645,8,0,1,0,0,0,0,0,0,0
4264,9,0,0,0,1,0,0,0,0,0
2726,6,0,0,1,0,0,0,0,0,0
955,5,0,0,0,0,1,0,0,0,0
494,2,0,0,0,0,0,0,1,0,0
1345,2,0,0,0,0,0,0,1,0,0
2411,5,0,0,0,0,1,0,0,0,0
956,5,0,0,0,0,1,0,0,0,0
1030,6,0,0,1,0,0,0,0,0,0
1645,3,0,0,0,0,0,1,0,0,0
1043,6,0,0,1,0,0,0,0,0,0
2185,4,0,0,0,0,0,0,0,1,0
2701,6,0,0,1,0,0,0,0,0,0
904,4,0,0,0,0,0,0,0,1,0
875,4,0,0,0,0,0,0,0,1,0
26,1,0,0,0,0,0,0,0,0,1
203,1,0,0,0,0,0,0,0,0,1
1903,4,0,0,0,0,0,0,0,1,0
584,2,0,0,0,0,0,0,1,0,0
417,1,0,0,0,0,0,0,0,0,1
3544,8,0,1,0,0,0,0,0,0,0
3060,7,1,0,0,0,0,0,0,0,0
2884,6,0,0,1,0,0,0,0,0,0
750,3,0,0,0,0,0,1,0,0,0
1423,2,0,0,0,0,0,0,1,0,0
1993,4,0,0,0,0,0,0,0,1,0
177,1,0,0,0,0,0,0,0,0,1
260,1,0,0,0,0,0,0,0,0,1
3797,8,0,1,0,0,0,0,0,0,0
1532,3,0,0,0,0,0,1,0,0,0
339,1,0,0,0,0,0,0,0,0,1
2668,6,0,0,1,0,0,0,0,0,0
567,2,0,0,0,0,0,0,1,0,0
515,2,0,0,0,0,0,0,1,0,0
1882,4,0,0,0,0,0,0,0,1,0
1849,3,0,0,0,0,0,1,0,0,0
1240,2,0,0,0,0,0,0,1,0,0
1259,2,0,0,0,0,0,0,1,0,0
1027,6,0,0,1,0,0,0,0,0,0
3040,6,0,0,1,0,0,0,0,0,0
1410,2,0,0,0,0,0,0,1,0,0
2069,4,0,0,0,0,0,0,0,1,0
2165,4,0,0,0,0,0,0,0,1,0
3292,7,1,0,0,0,0,0,0,0,0
960,5,0,0,0,0,1,0,0,0,0
1670,3,0,0,0,0,0,1,0,0,0
1339,2,0,0,0,0,0,0,1,0,0
1396,2,0,0,0,0,0,0,1,0,0
343,1,0,0,0,0,0,0,0,0,1
1857,4,0,0,0,0,0,0,0,1,0
3197,7,1,0,0,0,0,0,0,0,0
2164,4,0,0,0,0,0,0,0,1,0
402,1,0,0,0,0,0,0,0,0,1
497,2,0,0,0,0,0,0,1,0,0
228,1,0,0,0,0,0,0,0,0,1
4016,9,0,0,0,1,0,0,0,0,0
2009,4,0,0,0,0,0,0,0,1,0
124,1,0,0,0,0,0,0,0,0,1
1562,3,0,0,0,0,0,1,0,0,0
2172,4,0,0,0,0,0,0,0,1,0
3578,8,0,1,0,0,0,0,0,0,0
2139,4,0,0,0,0,0,0,0,1,0
2087,4,0,0,0,0,0,0,0,1,0
893,4,0,0,0,0,0,0,0,1,0
1762,3,0,0,0,0,0,1,0,0,0
3516,7,1,0,0,0,0,0,0,0,0
2659,6,0,0,1,0,0,0,0,0,0
23,1,0,0,0,0,0,0,0,0,1
183,1,0,0,0,0,0,0,0,0,1
2222,5,0,0,0,0,1,0,0,0,0
936,5,0,0,0,0,1,0,0,0,0
3564,8,0,1,0,0,0,0,0,0,0
1736,3,0,0,0,0,0,1,0,0,0
1107,8,0,1,0,0,0,0,0,0,0
2274,5,0,0,0,0,1,0,0,0,0
940,5,0,0,0,0,1,0,0,0,0
3489,7,1,0,0,0,0,0,0,0,0
1273,2,0,0,0,0,0,0,1,0,0
574,2,0,0,0,0,0,0,1,0,0
2507,5,0,0,0,0,1,0,0,0,0
2749,6,0,0,1,0,0,0,0,0,0
1332,2,0,0,0,0,0,0,1,0,0
4349,9,0,0,0,1,0,0,0,0,0
2016,4,0,0,0,0,0,0,0,1,0
2582,5,0,0,0,0,1,0,0,0,0
1694,3,0,0,0,0,0,1,0,0,0
295,1,0,0,0,0,0,0,0,0,1
3424,7,1,0,0,0,0,0,0,0,0
2404,5,0,0,0,0,1,0,0,0,0
3981,8,0,1,0,0,0,0,0,0,0
2359,5,0,0,0,0,1,0,0,0,0
3636,8,0,1,0,0,0,0,0,0,0
4035,9,0,0,0,1,0,0,0,0,0
562,2,0,0,0,0,0,0,1,0,0
4001,9,0,0,0,1,0,0,0,0,0
4457,9,0,0,0,1,0,0,0,0,0
299,1,0,0,0,0,0,0,0,0,1
2643,6,0,0,1,0,0,0,0,0,0
1692,3,0,0,0,0,0,1,0,0,0
606,2,0,0,0,0,0,0,1,0,0
3697,8,0,1,0,0,0,0,0,0,0
583,2,0,0,0,0,0,0,1,0,0
1035,6,0,0,1,0,0,0,0,0,0
2731,6,0,0,1,0,0,0,0,0,0
3371,7,1,0,0,0,0,0,0,0,0
3969,8,0,1,0,0,0,0,0,0,0
1749,3,0,0,0,0,0,1,0,0,0
1977,4,0,0,0,0,0,0,0,1,0
3638,8,0,1,0,0,0,0,0,0,0
3407,7,1,0,0,0,0,0,0,0,0
1496,3,0,0,0,0,0,1,0,0,0
3360,7,1,0,0,0,0,0,0,0,0
2500,5,0,0,0,0,1,0,0,0,0
3283,7,1,0,0,0,0,0,0,0,0
3443,7,1,0,0,0,0,0,0,0,0
450,1,0,0,0,0,0,0,0,0,1
2506,5,0,0,0,0,1,0,0,0,0
641,2,0,0,0,0,0,0,1,0,0
3862,8,0,1,0,0,0,0,0,0,0
3900,8,0,1,0,0,0,0,0,0,0
942,5,0,0,0,0,1,0,0,0,0
517,2,0,0,0,0,0,0,1,0,0
3334,7,1,0,0,0,0,0,0,0,0
272,1,0,0,0,0,0,0,0,0,1
1742,3,0,0,0,0,0,1,0,0,0
3208,7,1,0,0,0,0,0,0,0,0
2972,6,0,0,1,0,0,0,0,0,0
499,2,0,0,0,0,0,0,1,0,0
1775,3,0,0,0,0,0,1,0,0,0
2005,4,0,0,0,0,0,0,0,1,0
4201,9,0,0,0,1,0,0,0,0,0
2766,6,0,0,1,0,0,0,0,0,0
2471,5,0,0,0,0,1,0,0,0,0
1048,6,0,0,1,0,0,0,0,0,0
191,1,0,0,0,0,0,0,0,0,1
4225,9,0,0,0,1,0,0,0,0,0
1637,3,0,0,0,0,0,1,0,0,0
91,1,0,0,0,0,0,0,0,0,1
1751,3,0,0,0,0,0,1,0,0,0
3414,7,1,0,0,0,0,0,0,0,0
1617,3,0,0,0,0,0,1,0,0,0
2462,5,0,0,0,0,1,0,0,0,0
1811,3,0,0,0,0,0,1,0,0,0
3235,7,1,0,0,0,0,0,0,0,0
4348,9,0,0,0,1,0,0,0,0,0
2690,6,0,0,1,0,0,0,0,0,0
4346,9,0,0,0,1,0,0,0,0,0
3032,6,0,0,1,0,0,0,0,0,0
225,1,0,0,0,0,0,0,0,0,1
2190,4,0,0,0,0,0,0,0,1,0
871,4,0,0,0,0,0,0,0,1,0
1425,2,0,0,0,0,0,0,1,0,0
1515,3,0,0,0,0,0,1,0,0,0
1750,3,0,0,0,0,0,1,0,0,0
376,1,0,0,0,0,0,0,0,0,1
565,2,0,0,0,0,0,0,1,0,0
3868,8,0,1,0,0,0,0,0,0,0
1925,4,0,0,0,0,0,0,0,1,0
381,1,0,0,0,0,0,0,0,0,1
3977,8,0,1,0,0,0,0,0,0,0
821,4,0,0,0,0,0,0,0,1,0
2064,4,0,0,0,0,0,0,0,1,0
3737,8,0,1,0,0,0,0,0,0,0
1051,6,0,0,1,0,0,0,0,0,0
3201,7,1,0,0,0,0,0,0,0,0
243,1,0,0,0,0,0,0,0,0,1
1421,2,0,0,0,0,0,0,1,0,0
1384,2,0,0,0,0,0,0,1,0,0
2262,5,0,0,0,0,1,0,0,0,0
2597,6,0,0,1,0,0,0,0,0,0
3056,6,0,0,1,0,0,0,0,0,0
545,2,0,0,0,0,0,0,1,0,0
3016,6,0,0,1,0,0,0,0,0,0
4151,9,0,0,0,1,0,0,0,0,0
2326,5,0,0,0,0,1,0,0,0,0
481,1,0,0,0,0,0,0,0,0,1
2685,6,0,0,1,0,0,0,0,0,0
1474,3,0,0,0,0,0,1,0,0,0
189,1,0,0,0,0,0,0,0,0,1
2563,5,0,0,0,0,1,0,0,0,0
3260,7,1,0,0,0,0,0,0,0,0
4236,9,0,0,0,1,0,0,0,0,0
1127,9,0,0,0,1,0,0,0,0,0
2858,6,0,0,1,0,0,0,0,0,0
3700,8,0,1,0,0,0,0,0,0,0
1248,2,0,0,0,0,0,0,1,0,0
4400,9,0,0,0,1,0,0,0,0,0
2733,6,0,0,1,0,0,0,0,0,0
3039,6,0,0,1,0,0,0,0,0,0
1657,3,0,0,0,0,0,1,0,0,0
3006,6,0,0,1,0,0,0,0,0,0
1656,3,0,0,0,0,0,1,0,0,0
1071,7,1,0,0,0,0,0,0,0,0
36,1,0,0,0,0,0,0,0,0,1
1049,6,0,0,1,0,0,0,0,0,0
2417,5,0,0,0,0,1,0,0,0,0
1800,3,0,0,0,0,0,1,0,0,0
1710,3,0,0,0,0,0,1,0,0,0
1678,3,0,0,0,0,0,1,0,0,0
4251,9,0,0,0,1,0,0,0,0,0
1324,2,0,0,0,0,0,0,1,0,0
467,1,0,0,0,0,0,0,0,0,1
2040,4,0,0,0,0,0,0,0,1,0
396,1,0,0,0,0,0,0,0,0,1
121,1,0,0,0,0,0,0,0,0,1
126,1,0,0,0,0,0,0,0,0,1
1906,4,0,0,0,0,0,0,0,1,0
3764,8,0,1,0,0,0,0,0,0,0
3640,8,0,1,0,0,0,0,0,0,0
4257,9,0,0,0,1,0,0,0,0,0
1560,3,0,0,0,0,0,1,0,0,0
3794,8,0,1,0,0,0,0,0,0,0
3865,8,0,1,0,0,0,0,0,0,0
2238,5,0,0,0,0,1,0,0,0,0
838,4,0,0,0,0,0,0,0,1,0
2226,5,0,0,0,0,1,0,0,0,0
2004,4,0,0,0,0,0,0,0,1,0
1524,3,0,0,0,0,0,1,0,0,0
951,5,0,0,0,0,1,0,0,0,0
426,1,0,0,0,0,0,0,0,0,1
3270,7,1,0,0,0,0,0,0,0,0
4310,9,0,0,0,1,0,0,0,0,0
2756,6,0,0,1,0,0,0,0,0,0
635,2,0,0,0,0,0,0,1,0,0
1465,2,0,0,0,0,0,0,1,0,0
2119,4,0,0,0,0,0,0,0,1,0
2264,5,0,0,0,0,1,0,0,0,0
2787,6,0,0,1,0,0,0,0,0,0
4329,9,0,0,0,1,0,0,0,0,0
4185,9,0,0,0,1,0,0,0,0,0
1568,3,0,0,0,0,0,1,0,0,0
3692,8,0,1,0,0,0,0,0,0,0
2796,6,0,0,1,0,0,0,0,0,0
989,5,0,0,0,0,1,0,0,0,0
2786,6,0,0,1,0,0,0,0,0,0
1282,2,0,0,0,0,0,0,1,0,0
2044,4,0,0,0,0,0,0,0,1,0
3383,7,1,0,0,0,0,0,0,0,0
95,1,0,0,0,0,0,0,0,0,1
3625,8,0,1,0,0,0,0,0,0,0
837,4,0,0,0,0,0,0,0,1,0
1104,8,0,1,0,0,0,0,0,0,0
4226,9,0,0,0,1,0,0,0,0,0
2559,5,0,0,0,0,1,0,0,0,0
3533,8,0,1,0,0,0,0,0,0,0
3466,7,1,0,0,0,0,0,0,0,0
771,4,0,0,0,0,0,0,0,1,0
2995,6,0,0,1,0,0,0,0,0,0
2286,5,0,0,0,0,1,0,0,0,0
1406,2,0,0,0,0,0,0,1,0,0
1228,2,0,0,0,0,0,0,1,0,0
1794,3,0,0,0,0,0,1,0,0,0
3388,7,1,0,0,0,0,0,0,0,0
3455,7,1,0,0,0,0,0,0,0,0
1187,2,0,0,0,0,0,0,1,0,0
2604,6,0,0,1,0,0,0,0,0,0
823,4,0,0,0,0,0,0,0,1,0
3501,7,1,0,0,0,0,0,0,0,0
4278,9,0,0,0,1,0,0,0,0,0
465,1,0,0,0,0,0,0,0,0,1
2866,6,0,0,1,0,0,0,0,0,0
425,1,0,0,0,0,0,0,0,0,1
500,2,0,0,0,0,0,0,1,0,0
3115,7,1,0,0,0,0,0,0,0,0
2965,6,0,0,1,0,0,0,0,0,0
152,1,0,0,0,0,0,0,0,0,1
2716,6,0,0,1,0,0,0,0,0,0
1609,3,0,0,0,0,0,1,0,0,0
763,3,0,0,0,0,0,1,0,0,0
3085,7,1,0,0,0,0,0,0,0,0
3592,8,0,1,0,0,0,0,0,0,0
2660,6,0,0,1,0,0,0,0,0,0
4083,9,0,0,0,1,0,0,0,0,0
1812,3,0,0,0,0,0,1,0,0,0
84,1,0,0,0,0,0,0,0,0,1
2928,6,0,0,1,0,0,0,0,0,0
587,2,0,0,0,0,0,0,1,0,0
2335,5,0,0,0,0,1,0,0,0,0
2381,5,0,0,0,0,1,0,0,0,0
971,5,0,0,0,0,1,0,0,0,0
927,5,0,0,0,0,1,0,0,0,0
1157,2,0,0,0,0,0,0,1,0,0
986,5,0,0,0,0,1,0,0,0,0
2231,5,0,0,0,0,1,0,0,0,0
2748,6,0,0,1,0,0,0,0,0,0
3239,7,1,0,0,0,0,0,0,0,0
1498,3,0,0,0,0,0,1,0,0,0
3536,8,0,1,0,0,0,0,0,0,0
3835,8,0,1,0,0,0,0,0,0,0
2031,4,0,0,0,0,0,0,0,1,0
2053,4,0,0,0,0,0,0,0,1,0
1020,5,0,0,0,0,1,0,0,0,0
3328,7,1,0,0,0,0,0,0,0,0
1530,3,0,0,0,0,0,1,0,0,0
4274,9,0,0,0,1,0,0,0,0,0
4112,9,0,0,0,1,0,0,0,0,0
3850,8,0,1,0,0,0,0,0,0,0
235,1,0,0,0,0,0,0,0,0,1
1286,2,0,0,0,0,0,0,1,0,0
4340,9,0,0,0,1,0,0,0,0,0
1162,2,0,0,0,0,0,0,1,0,0
3873,8,0,1,0,0,0,0,0,0,0
4314,9,0,0,0,1,0,0,0,0,0
3853,8,0,1,0,0,0,0,0,0,0
2039,4,0,0,0,0,0,0,0,1,0
1535,3,0,0,0,0,0,1,0,0,0
3698,8,0,1,0,0,0,0,0,0,0
3884,8,0,1,0,0,0,0,0,0,0
329,1,0,0,0,0,0,0,0,0,1
2658,6,0,0,1,0,0,0,0,0,0
4335,9,0,0,0,1,0,0,0,0,0
1297,2,0,0,0,0,0,0,1,0,0
2555,5,0,0,0,0,1,0,0,0,0
2453,5,0,0,0,0,1,0,0,0,0
690,3,0,0,0,0,0,1,0,0,0
2008,4,0,0,0,0,0,0,0,1,0
1433,2,0,0,0,0,0,0,1,0,0
1146,2,0,0,0,0,0,0,1,0,0
2338,5,0,0,0,0,1,0,0,0,0
273,1,0,0,0,0,0,0,0,0,1
1336,2,0,0,0,0,0,0,1,0,0
337,1,0,0,0,0,0,0,0,0,1
3842,8,0,1,0,0,0,0,0,0,0
3357,7,1,0,0,0,0,0,0,0,0
3164,7,1,0,0,0,0,0,0,0,0
1696,3,0,0,0,0,0,1,0,0,0
832,4,0,0,0,0,0,0,0,1,0
2151,4,0,0,0,0,0,0,0,1,0
561,2,0,0,0,0,0,0,1,0,0
1093,8,0,1,0,0,0,0,0,0,0
1459,2,0,0,0,0,0,0,1,0,0
1288,2,0,0,0,0,0,0,1,0,0
683,3,0,0,0,0,0,1,0,0,0
257,1,0,0,0,0,0,0,0,0,1
1668,3,0,0,0,0,0,1,0,0,0
4418,9,0,0,0,1,0,0,0,0,0
2631,6,0,0,1,0,0,0,0,0,0
2717,6,0,0,1,0,0,0,0,0,0
949,5,0,0,0,0,1,0,0,0,0
1516,3,0,0,0,0,0,1,0,0,0
3630,8,0,1,0,0,0,0,0,0,0
3855,8,0,1,0,0,0,0,0,0,0
3154,7,1,0,0,0,0,0,0,0,0
3009,6,0,0,1,0,0,0,0,0,0
2857,6,0,0,1,0,0,0,0,0,0
442,1,0,0,0,0,0,0,0,0,1
3759,8,0,1,0,0,0,0,0,0,0
3229,7,1,0,0,0,0,0,0,0,0
2281,5,0,0,0,0,1,0,0,0,0
3165,7,1,0,0,0,0,0,0,0,0
3128,7,1,0,0,0,0,0,0,0,0
3250,7,1,0,0,0,0,0,0,0,0
3517,7,1,0,0,0,0,0,0,0,0
207,1,0,0,0,0,0,0,0,0,1
4087,9,0,0,0,1,0,0,0,0,0
3217,7,1,0,0,0,0,0,0,0,0
1111,8,0,1,0,0,0,0,0,0,0
4148,9,0,0,0,1,0,0,0,0,0
3122,7,1,0,0,0,0,0,0,0,0
4419,9,0,0,0,1,0,0,0,0,0
3125,7,1,0,0,0,0,0,0,0,0
1311,2,0,0,0,0,0,0,1,0,0
1407,2,0,0,0,0,0,0,1,0,0
2273,5,0,0,0,0,1,0,0,0,0
2287,5,0,0,0,0,1,0,0,0,0
2133,4,0,0,0,0,0,0,0,1,0
1847,3,0,0,0,0,0,1,0,0,0
1596,3,0,0,0,0,0,1,0,0,0
1953,4,0,0,0,0,0,0,0,1,0
176,1,0,0,0,0,0,0,0,0,1
3848,8,0,1,0,0,0,0,0,0,0
753,3,0,0,0,0,0,1,0,0,0
2547,5,0,0,0,0,1,0,0,0,0
3699,8,0,1,0,0,0,0,0,0,0
751,3,0,0,0,0,0,1,0,0,0
3411,7,1,0,0,0,0,0,0,0,0
4025,9,0,0,0,1,0,0,0,0,0
2634,6,0,0,1,0,0,0,0,0,0
2358,5,0,0,0,0,1,0,0,0,0
3954,8,0,1,0,0,0,0,0,0,0
531,2,0,0,0,0,0,0,1,0,0
1544,3,0,0,0,0,0,1,0,0,0
3275,7,1,0,0,0,0,0,0,0,0
2772,6,0,0,1,0,0,0,0,0,0
4129,9,0,0,0,1,0,0,0,0,0
2271,5,0,0,0,0,1,0,0,0,0
384,1,0,0,0,0,0,0,0,0,1
1419,2,0,0,0,0,0,0,1,0,0
3398,7,1,0,0,0,0,0,0,0,0
4146,9,0,0,0,1,0,0,0,0,0
19,1,0,0,0,0,0,0,0,0,1
589,2,0,0,0,0,0,0,1,0,0
1967,4,0,0,0,0,0,0,0,1,0
4263,9,0,0,0,1,0,0,0,0,0
1087,8,0,1,0,0,0,0,0,0,0
4076,9,0,0,0,1,0,0,0,0,0
3800,8,0,1,0,0,0,0,0,0,0
4437,9,0,0,0,1,0,0,0,0,0
2455,5,0,0,0,0,1,0,0,0,0
277,1,0,0,0,0,0,0,0,0,1
2246,5,0,0,0,0,1,0,0,0,0
3481,7,1,0,0,0,0,0,0,0,0
264,1,0,0,0,0,0,0,0,0,1
3511,7,1,0,0,0,0,0,0,0,0
708,3,0,0,0,0,0,1,0,0,0
3740,8,0,1,0,0,0,0,0,0,0
3492,7,1,0,0,0,0,0,0,0,0
2801,6,0,0,1,0,0,0,0,0,0
3008,6,0,0,1,0,0,0,0,0,0
3331,7,1,0,0,0,0,0,0,0,0
3812,8,0,1,0,0,0,0,0,0,0
1604,3,0,0,0,0,0,1,0,0,0
4165,9,0,0,0,1,0,0,0,0,0
2611,6,0,0,1,0,0,0,0,0,0
1175,2,0,0,0,0,0,0,1,0,0
1921,4,0,0,0,0,0,0,0,1,0
2688,6,0,0,1,0,0,0,0,0,0
195,1,0,0,0,0,0,0,0,0,1
2840,6,0,0,1,0,0,0,0,0,0
2204,5,0,0,0,0,1,0,0,0,0
2757,6,0,0,1,0,0,0,0,0,0
1070,7,1,0,0,0,0,0,0,0,0
3813,8,0,1,0,0,0,0,0,0,0
2917,6,0,0,1,0,0,0,0,0,0
3731,8,0,1,0,0,0,0,0,0,0
2307,5,0,0,0,0,1,0,0,0,0
168,1,0,0,0,0,0,0,0,0,1
3431,7,1,0,0,0,0,0,0,0,0
320,1,0,0,0,0,0,0,0,0,1
487,1,0,0,0,0,0,0,0,0,1
15,1,0,0,0,0,0,0,0,0,1
1472,2,0,0,0,0,0,0,1,0,0
3809,8,0,1,0,0,0,0,0,0,0
3693,8,0,1,0,0,0,0,0,0,0
3993,9,0,0,0,1,0,0,0,0,0
3228,7,1,0,0,0,0,0,0,0,0
2258,5,0,0,0,0,1,0,0,0,0
3559,8,0,1,0,0,0,0,0,0,0
198,1,0,0,0,0,0,0,0,0,1
1963,4,0,0,0,0,0,0,0,1,0
1089,8,0,1,0,0,0,0,0,0,0
3135,7,1,0,0,0,0,0,0,0,0
2893,6,0,0,1,0,0,0,0,0,0
834,4,0,0,0,0,0,0,0,1,0
985,5,0,0,0,0,1,0,0,0,0
1182,2,0,0,0,0,0,0,1,0,0
1671,3,0,0,0,0,0,1,0,0,0
1479,3,0,0,0,0,0,1,0,0,0
3155,7,1,0,0,0,0,0,0,0,0
1105,8,0,1,0,0,0,0,0,0,0
171,1,0,0,0,0,0,0,0,0,1
3458,7,1,0,0,0,0,0,0,0,0
1869,4,0,0,0,0,0,0,0,1,0
2946,6,0,0,1,0,0,0,0,0,0
963,5,0,0,0,0,1,0,0,0,0
1461,2,0,0,0,0,0,0,1,0,0
1199,2,0,0,0,0,0,0,1,0,0
1446,2,0,0,0,0,0,0,1,0,0
4229,9,0,0,0,1,0,0,0,0,0
3287,7,1,0,0,0,0,0,0,0,0
2738,6,0,0,1,0,0,0,0,0,0
1276,2,0,0,0,0,0,0,1,0,0
1980,4,0,0,0,0,0,0,0,1,0
2131,4,0,0,0,0,0,0,0,1,0
784,4,0,0,0,0,0,0,0,1,0
4159,9,0,0,0,1,0,0,0,0,0
4189,9,0,0,0,1,0,0,0,0,0
2538,5,0,0,0,0,1,0,0,0,0
3013,6,0,0,1,0,0,0,0,0,0
1808,3,0,0,0,0,0,1,0,0,0
4360,9,0,0,0,1,0,0,0,0,0
1167,2,0,0,0,0,0,0,1,0,0
2109,4,0,0,0,0,0,0,0,1,0
3005,6,0,0,1,0,0,0,0,0,0
1016,5,0,0,0,0,1,0,0,0,0
4463,9,0,0,0,1,0,0,0,0,0
4294,9,0,0,0,1,0,0,0,0,0
2813,6,0,0,1,0,0,0,0,0,0
3318,7,1,0,0,0,0,0,0,0,0
632,2,0,0,0,0,0,0,1,0,0
4113,9,0,0,0,1,0,0,0,0,0
2237,5,0,0,0,0,1,0,0,0,0
3076,7,1,0,0,0,0,0,0,0,0
2387,5,0,0,0,0,1,0,0,0,0
1285,2,0,0,0,0,0,0,1,0,0
987,5,0,0,0,0,1,0,0,0,0
910,4,0,0,0,0,0,0,0,1,0
3789,8,0,1,0,0,0,0,0,0,0
3942,8,0,1,0,0,0,0,0,0,0
475,1,0,0,0,0,0,0,0,0,1
1385,2,0,0,0,0,0,0,1,0,0
2002,4,0,0,0,0,0,0,0,1,0
4091,9,0,0,0,1,0,0,0,0,0
4271,9,0,0,0,1,0,0,0,0,0
2147,4,0,0,0,0,0,0,0,1,0
3827,8,0,1,0,0,0,0,0,0,0
2217,5,0,0,0,0,1,0,0,0,0
2398,5,0,0,0,0,1,0,0,0,0
2846,6,0,0,1,0,0,0,0,0,0
3320,7,1,0,0,0,0,0,0,0,0
913,4,0,0,0,0,0,0,0,1,0
2625,6,0,0,1,0,0,0,0,0,0
4120,9,0,0,0,1,0,0,0,0,0
2242,5,0,0,0,0,1,0,0,0,0
141,1,0,0,0,0,0,0,0,0,1
4446,9,0,0,0,1,0,0,0,0,0
2280,5,0,0,0,0,1,0,0,0,0
4166,9,0,0,0,1,0,0,0,0,0
1337,2,0,0,0,0,0,0,1,0,0
1371,2,0,0,0,0,0,0,1,0,0
4069,9,0,0,0,1,0,0,0,0,0
1866,4,0,0,0,0,0,0,0,1,0
1367,2,0,0,0,0,0,0,1,0,0
1686,3,0,0,0,0,0,1,0,0,0
104,1,0,0,0,0,0,0,0,0,1
2124,4,0,0,0,0,0,0,0,1,0
1865,4,0,0,0,0,0,0,0,1,0
3584,8,0,1,0,0,0,0,0,0,0
250,1,0,0,0,0,0,0,0,0,1
2574,5,0,0,0,0,1,0,0,0,0
197,1,0,0,0,0,0,0,0,0,1
4155,9,0,0,0,1,0,0,0,0,0
2975,6,0,0,1,0,0,0,0,0,0
2882,6,0,0,1,0,0,0,0,0,0
819,4,0,0,0,0,0,0,0,1,0
1022,5,0,0,0,0,1,0,0,0,0
1354,2,0,0,0,0,0,0,1,0,0
1178,2,0,0,0,0,0,0,1,0,0
3160,7,1,0,0,0,0,0,0,0,0
3338,7,1,0,0,0,0,0,0,0,0
415,1,0,0,0,0,0,0,0,0,1
1630,3,0,0,0,0,0,1,0,0,0
3820,8,0,1,0,0,0,0,0,0,0
4175,9,0,0,0,1,0,0,0,0,0
1992,4,0,0,0,0,0,0,0,1,0
158,1,0,0,0,0,0,0,0,0,1
1810,3,0,0,0,0,0,1,0,0,0
3603,8,0,1,0,0,0,0,0,0,0
230,1,0,0,0,0,0,0,0,0,1
241,1,0,0,0,0,0,0,0,0,1
3745,8,0,1,0,0,0,0,0,0,0
4420,9,0,0,0,1,0,0,0,0,0
4389,9,0,0,0,1,0,0,0,0,0
1959,4,0,0,0,0,0,0,0,1,0
2446,5,0,0,0,0,1,0,0,0,0
808,4,0,0,0,0,0,0,0,1,0
3077,7,1,0,0,0,0,0,0,0,0
3476,7,1,0,0,0,0,0,0,0,0
2615,6,0,0,1,0,0,0,0,0,0
2890,6,0,0,1,0,0,0,0,0,0
1290,2,0,0,0,0,0,0,1,0,0
222,1,0,0,0,0,0,0,0,0,1
1246,2,0,0,0,0,0,0,1,0,0
1365,2,0,0,0,0,0,0,1,0,0
1025,6,0,0,1,0,0,0,0,0,0
2931,6,0,0,1,0,0,0,0,0,0
1265,2,0,0,0,0,0,0,1,0,0
180,1,0,0,0,0,0,0,0,0,1
1807,3,0,0,0,0,0,1,0,0,0
2389,5,0,0,0,0,1,0,0,0,0
2369,5,0,0,0,0,1,0,0,0,0
1275,2,0,0,0,0,0,0,1,0,0
1112,8,0,1,0,0,0,0,0,0,0
3672,8,0,1,0,0,0,0,0,0,0
2236,5,0,0,0,0,1,0,0,0,0
443,1,0,0,0,0,0,0,0,0,1
3887,8,0,1,0,0,0,0,0,0,0
2284,5,0,0,0,0,1,0,0,0,0
2860,6,0,0,1,0,0,0,0,0,0
3626,8,0,1,0,0,0,0,0,0,0
4371,9,0,0,0,1,0,0,0,0,0
1730,3,0,0,0,0,0,1,0,0,0
1905,4,0,0,0,0,0,0,0,1,0
3795,8,0,1,0,0,0,0,0,0,0
503,2,0,0,0,0,0,0,1,0,0
4283,9,0,0,0,1,0,0,0,0,0
2861,6,0,0,1,0,0,0,0,0,0
2598,6,0,0,1,0,0,0,0,0,0
2734,6,0,0,1,0,0,0,0,0,0
1493,3,0,0,0,0,0,1,0,0,0
898,4,0,0,0,0,0,0,0,1,0
3084,7,1,0,0,0,0,0,0,0,0
1654,3,0,0,0,0,0,1,0,0,0
4317,9,0,0,0,1,0,0,0,0,0
4210,9,0,0,0,1,0,0,0,0,0
106,1,0,0,0,0,0,0,0,0,1
2656,6,0,0,1,0,0,0,0,0,0
4377,9,0,0,0,1,0,0,0,0,0
85,1,0,0,0,0,0,0,0,0,1
4356,9,0,0,0,1,0,0,0,0,0
1521,3,0,0,0,0,0,1,0,0,0
292,1,0,0,0,0,0,0,0,0,1
2539,5,0,0,0,0,1,0,0,0,0
2083,4,0,0,0,0,0,0,0,1,0
1467,2,0,0,0,0,0,0,1,0,0
2683,6,0,0,1,0,0,0,0,0,0
2836,6,0,0,1,0,0,0,0,0,0
2727,6,0,0,1,0,0,0,0,0,0
2761,6,0,0,1,0,0,0,0,0,0
1110,8,0,1,0,0,0,0,0,0,0
874,4,0,0,0,0,0,0,0,1,0
580,2,0,0,0,0,0,0,1,0,0
2123,4,0,0,0,0,0,0,0,1,0
345,1,0,0,0,0,0,0,0,0,1
732,3,0,0,0,0,0,1,0,0,0
2557,5,0,0,0,0,1,0,0,0,0
3203,7,1,0,0,0,0,0,0,0,0
3373,7,1,0,0,0,0,0,0,0,0
3277,7,1,0,0,0,0,0,0,0,0
2700,6,0,0,1,0,0,0,0,0,0
3396,7,1,0,0,0,0,0,0,0,0
1512,3,0,0,0,0,0,1,0,0,0
3380,7,1,0,0,0,0,0,0,0,0
4303,9,0,0,0,1,0,0,0,0,0
1646,3,0,0,0,0,0,1,0,0,0
1314,2,0,0,0,0,0,0,1,0,0
3332,7,1,0,0,0,0,0,0,0,0
1298,2,0,0,0,0,0,0,1,0,0
2321,5,0,0,0,0,1,0,0,0,0
1362,2,0,0,0,0,0,0,1,0,0
1287,2,0,0,0,0,0,0,1,0,0
2351,5,0,0,0,0,1,0,0,0,0
3181,7,1,0,0,0,0,0,0,0,0
1165,2,0,0,0,0,0,0,1,0,0
1988,4,0,0,0,0,0,0,0,1,0
746,3,0,0,0,0,0,1,0,0,0
737,3,0,0,0,0,0,1,0,0,0
3958,8,0,1,0,0,0,0,0,0,0
3031,6,0,0,1,0,0,0,0,0,0
1377,2,0,0,0,0,0,0,1,0,0
289,1,0,0,0,0,0,0,0,0,1
2478,5,0,0,0,0,1,0,0,0,0
2885,6,0,0,1,0,0,0,0,0,0
2767,6,0,0,1,0,0,0,0,0,0
739,3,0,0,0,0,0,1,0,0,0
2470,5,0,0,0,0,1,0,0,0,0
4284,9,0,0,0,1,0,0,0,0,0
238,1,0,0,0,0,0,0,0,0,1
1161,2,0,0,0,0,0,0,1,0,0
3445,7,1,0,0,0,0,0,0,0,0
2878,6,0,0,1,0,0,0,0,0,0
3986,8,0,1,0,0,0,0,0,0,0
2935,6,0,0,1,0,0,0,0,0,0
1652,3,0,0,0,0,0,1,0,0,0
722,3,0,0,0,0,0,1,0,0,0
1714,3,0,0,0,0,0,1,0,0,0
1076,7,1,0,0,0,0,0,0,0,0
2657,6,0,0,1,0,0,0,0,0,0
2080,4,0,0,0,0,0,0,0,1,0
154,1,0,0,0,0,0,0,0,0,1
3882,8,0,1,0,0,0,0,0,0,0
2821,6,0,0,1,0,0,0,0,0,0
3262,7,1,0,0,0,0,0,0,0,0
4454,9,0,0,0,1,0,0,0,0,0
325,1,0,0,0,0,0,0,0,0,1
3436,7,1,0,0,0,0,0,0,0,0
3995,9,0,0,0,1,0,0,0,0,0
2456,5,0,0,0,0,1,0,0,0,0
4392,9,0,0,0,1,0,0,0,0,0
2248,5,0,0,0,0,1,0,0,0,0
619,2,0,0,0,0,0,0,1,0,0
3936,8,0,1,0,0,0,0,0,0,0
777,4,0,0,0,0,0,0,0,1,0
2645,6,0,0,1,0,0,0,0,0,0
2686,6,0,0,1,0,0,0,0,0,0
2457,5,0,0,0,0,1,0,0,0,0
1128,9,0,0,0,1,0,0,0,0,0
3488,7,1,0,0,0,0,0,0,0,0
3210,7,1,0,0,0,0,0,0,0,0
4071,9,0,0,0,1,0,0,0,0,0
493,2,0,0,0,0,0,0,1,0,0
1984,4,0,0,0,0,0,0,0,1,0
1759,3,0,0,0,0,0,1,0,0,0
2072,4,0,0,0,0,0,0,0,1,0
1198,2,0,0,0,0,0,0,1,0,0
4443,9,0,0,0,1,0,0,0,0,0
3960,8,0,1,0,0,0,0,0,0,0
2561,5,0,0,0,0,1,0,0,0,0
3535,8,0,1,0,0,0,0,0,0,0
4082,9,0,0,0,1,0,0,0,0,0
3883,8,0,1,0,0,0,0,0,0,0
1217,2,0,0,0,0,0,0,1,0,0
2572,5,0,0,0,0,1,0,0,0,0
3091,7,1,0,0,0,0,0,0,0,0
980,5,0,0,0,0,1,0,0,0,0
2886,6,0,0,1,0,0,0,0,0,0
3830,8,0,1,0,0,0,0,0,0,0
175,1,0,0,0,0,0,0,0,0,1
3019,6,0,0,1,0,0,0,0,0,0
2531,5,0,0,0,0,1,0,0,0,0
433,1,0,0,0,0,0,0,0,0,1
2758,6,0,0,1,0,0,0,0,0,0
3183,7,1,0,0,0,0,0,0,0,0
2781,6,0,0,1,0,0,0,0,0,0
2090,4,0,0,0,0,0,0,0,1,0
2609,6,0,0,1,0,0,0,0,0,0
280,1,0,0,0,0,0,0,0,0,1
2844,6,0,0,1,0,0,0,0,0,0
282,1,0,0,0,0,0,0,0,0,1
1611,3,0,0,0,0,0,1,0,0,0
2811,6,0,0,1,0,0,0,0,0,0
4171,9,0,0,0,1,0,0,0,0,0
4298,9,0,0,0,1,0,0,0,0,0
1402,2,0,0,0,0,0,0,1,0,0
658,3,0,0,0,0,0,1,0,0,0
2782,6,0,0,1,0,0,0,0,0,0
4410,9,0,0,0,1,0,0,0,0,0
3274,7,1,0,0,0,0,0,0,0,0
2339,5,0,0,0,0,1,0,0,0,0
2298,5,0,0,0,0,1,0,0,0,0
3743,8,0,1,0,0,0,0,0,0,0
1390,2,0,0,0,0,0,0,1,0,0
27,1,0,0,0,0,0,0,0,0,1
1879,4,0,0,0,0,0,0,0,1,0
3176,7,1,0,0,0,0,0,0,0,0
996,5,0,0,0,0,1,0,0,0,0
2853,6,0,0,1,0,0,0,0,0,0
931,5,0,0,0,0,1,0,0,0,0
2816,6,0,0,1,0,0,0,0,0,0
1066,7,1,0,0,0,0,0,0,0,0
1902,4,0,0,0,0,0,0,0,1,0
1790,3,0,0,0,0,0,1,0,0,0
3580,8,0,1,0,0,0,0,0,0,0
613,2,0,0,0,0,0,0,1,0,0
1009,5,0,0,0,0,1,0,0,0,0
2674,6,0,0,1,0,0,0,0,0,0
3073,7,1,0,0,0,0,0,0,0,0
1642,3,0,0,0,0,0,1,0,0,0
853,4,0,0,0,0,0,0,0,1,0
145,1,0,0,0,0,0,0,0,0,1
1046,6,0,0,1,0,0,0,0,0,0
863,4,0,0,0,0,0,0,0,1,0
1160,2,0,0,0,0,0,0,1,0,0
3420,7,1,0,0,0,0,0,0,0,0
3101,7,1,0,0,0,0,0,0,0,0
3717,8,0,1,0,0,0,0,0,0,0
3065,7,1,0,0,0,0,0,0,0,0
3112,7,1,0,0,0,0,0,0,0,0
1685,3,0,0,0,0,0,1,0,0,0
2162,4,0,0,0,0,0,0,0,1,0
1536,3,0,0,0,0,0,1,0,0,0
1052,6,0,0,1,0,0,0,0,0,0
146,1,0,0,0,0,0,0,0,0,1
3294,7,1,0,0,0,0,0,0,0,0
2639,6,0,0,1,0,0,0,0,0,0
2845,6,0,0,1,0,0,0,0,0,0
3102,7,1,0,0,0,0,0,0,0,0
399,1,0,0,0,0,0,0,0,0,1
2028,4,0,0,0,0,0,0,0,1,0
383,1,0,0,0,0,0,0,0,0,1
1669,3,0,0,0,0,0,1,0,0,0
1092,8,0,1,0,0,0,0,0,0,0
2694,6,0,0,1,0,0,0,0,0,0
2584,5,0,0,0,0,1,0,0,0,0
2815,6,0,0,1,0,0,0,0,0,0
2357,5,0,0,0,0,1,0,0,0,0
3982,8,0,1,0,0,0,0,0,0,0
368,1,0,0,0,0,0,0,0,0,1
3116,7,1,0,0,0,0,0,0,0,0
3583,8,0,1,0,0,0,0,0,0,0
628,2,0,0,0,0,0,0,1,0,0
2568,5,0,0,0,0,1,0,0,0,0
4230,9,0,0,0,1,0,0,0,0,0
1555,3,0,0,0,0,0,1,0,0,0
1816,3,0,0,0,0,0,1,0,0,0
4132,9,0,0,0,1,0,0,0,0,0
301,1,0,0,0,0,0,0,0,0,1
1915,4,0,0,0,0,0,0,0,1,0
2143,4,0,0,0,0,0,0,0,1,0
3843,8,0,1,0,0,0,0,0,0,0
897,4,0,0,0,0,0,0,0,1,0
1610,3,0,0,0,0,0,1,0,0,0
4117,9,0,0,0,1,0,0,0,0,0
1329,2,0,0,0,0,0,0,1,0,0
2103,4,0,0,0,0,0,0,0,1,0
3159,7,1,0,0,0,0,0,0,0,0
560,2,0,0,0,0,0,0,1,0,0
2494,5,0,0,0,0,1,0,0,0,0
568,2,0,0,0,0,0,0,1,0,0
548,2,0,0,0,0,0,0,1,0,0
801,4,0,0,0,0,0,0,0,1,0
3303,7,1,0,0,0,0,0,0,0,0
405,1,0,0,0,0,0,0,0,0,1
1304,2,0,0,0,0,0,0,1,0,0
3921,8,0,1,0,0,0,0,0,0,0
3261,7,1,0,0,0,0,0,0,0,0
223,1,0,0,0,0,0,0,0,0,1
2560,5,0,0,0,0,1,0,0,0,0
3523,7,1,0,0,0,0,0,0,0,0
348,1,0,0,0,0,0,0,0,0,1
4412,9,0,0,0,1,0,0,0,0,0
1,1,0,0,0,0,0,0,0,0,1
1205,2,0,0,0,0,0,0,1,0,0
1971,4,0,0,0,0,0,0,0,1,0
1069,7,1,0,0,0,0,0,0,0,0
2936,6,0,0,1,0,0,0,0,0,0
3437,7,1,0,0,0,0,0,0,0,0
94,1,0,0,0,0,0,0,0,0,1
55,1,0,0,0,0,0,0,0,0,1
4266,9,0,0,0,1,0,0,0,0,0
1062,7,1,0,0,0,0,0,0,0,0
4237,9,0,0,0,1,0,0,0,0,0
1962,4,0,0,0,0,0,0,0,1,0
900,4,0,0,0,0,0,0,0,1,0
3095,7,1,0,0,0,0,0,0,0,0
4258,9,0,0,0,1,0,0,0,0,0
2984,6,0,0,1,0,0,0,0,0,0
129,1,0,0,0,0,0,0,0,0,1
2043,4,0,0,0,0,0,0,0,1,0
4051,9,0,0,0,1,0,0,0,0,0
1904,4,0,0,0,0,0,0,0,1,0
2480,5,0,0,0,0,1,0,0,0,0
1494,3,0,0,0,0,0,1,0,0,0
3663,8,0,1,0,0,0,0,0,0,0
1197,2,0,0,0,0,0,0,1,0,0
4056,9,0,0,0,1,0,0,0,0,0
978,5,0,0,0,0,1,0,0,0,0
2789,6,0,0,1,0,0,0,0,0,0
2138,4,0,0,0,0,0,0,0,1,0
2842,6,0,0,1,0,0,0,0,0,0
3378,7,1,0,0,0,0,0,0,0,0
331,1,0,0,0,0,0,0,0,0,1
795,4,0,0,0,0,0,0,0,1,0
2819,6,0,0,1,0,0,0,0,0,0
1026,6,0,0,1,0,0,0,0,0,0
3973,8,0,1,0,0,0,0,0,0,0
4344,9,0,0,0,1,0,0,0,0,0
3765,8,0,1,0,0,0,0,0,0,0
1965,4,0,0,0,0,0,0,0,1,0
1523,3,0,0,0,0,0,1,0,0,0
3803,8,0,1,0,0,0,0,0,0,0
244,1,0,0,0,0,0,0,0,0,1
1142,2,0,0,0,0,0,0,1,0,0
48,1,0,0,0,0,0,0,0,0,1
880,4,0,0,0,0,0,0,0,1,0
3304,7,1,0,0,0,0,0,0,0,0
4010,9,0,0,0,1,0,0,0,0,0
3581,8,0,1,0,0,0,0,0,0,0
1943,4,0,0,0,0,0,0,0,1,0
3245,7,1,0,0,0,0,0,0,0,0
2673,6,0,0,1,0,0,0,0,0,0
3464,7,1,0,0,0,0,0,0,0,0
4193,9,0,0,0,1,0,0,0,0,0
3676,8,0,1,0,0,0,0,0,0,0
3308,7,1,0,0,0,0,0,0,0,0
2702,6,0,0,1,0,0,0,0,0,0
2094,4,0,0,0,0,0,0,0,1,0
1590,3,0,0,0,0,0,1,0,0,0
3634,8,0,1,0,0,0,0,0,0,0
4154,9,0,0,0,1,0,0,0,0,0
4163,9,0,0,0,1,0,0,0,0,0
3030,6,0,0,1,0,0,0,0,0,0
3151,7,1,0,0,0,0,0,0,0,0
3074,7,1,0,0,0,0,0,0,0,0
571,2,0,0,0,0,0,0,1,0,0
3199,7,1,0,0,0,0,0,0,0,0
843,4,0,0,0,0,0,0,0,1,0
3347,7,1,0,0,0,0,0,0,0,0
549,2,0,0,0,0,0,0,1,0,0
3150,7,1,0,0,0,0,0,0,0,0
2640,6,0,0,1,0,0,0,0,0,0
1088,8,0,1,0,0,0,0,0,0,0
2620,6,0,0,1,0,0,0,0,0,0
2288,5,0,0,0,0,1,0,0,0,0
3366,7,1,0,0,0,0,0,0,0,0
1302,2,0,0,0,0,0,0,1,0,0
924,4,0,0,0,0,0,0,0,1,0
1029,6,0,0,1,0,0,0,0,0,0
1153,2,0,0,0,0,0,0,1,0,0
1024,6,0,0,1,0,0,0,0,0,0
3055,6,0,0,1,0,0,0,0,0,0
201,1,0,0,0,0,0,0,0,0,1
3895,8,0,1,0,0,0,0,0,0,0
1130,9,0,0,0,1,0,0,0,0,0
1403,2,0,0,0,0,0,0,1,0,0
1990,4,0,0,0,0,0,0,0,1,0
648,2,0,0,0,0,0,0,1,0,0
2983,6,0,0,1,0,0,0,0,0,0
2834,6,0,0,1,0,0,0,0,0,0
3081,7,1,0,0,0,0,0,0,0,0
950,5,0,0,0,0,1,0,0,0,0
2698,6,0,0,1,0,0,0,0,0,0
2416,5,0,0,0,0,1,0,0,0,0
2989,6,0,0,1,0,0,0,0,0,0
2850,6,0,0,1,0,0,0,0,0,0
3617,8,0,1,0,0,0,0,0,0,0
2132,4,0,0,0,0,0,0,0,1,0
2981,6,0,0,1,0,0,0,0,0,0
3479,7,1,0,0,0,0,0,0,0,0
214,1,0,0,0,0,0,0,0,0,1
1017,5,0,0,0,0,1,0,0,0,0
861,4,0,0,0,0,0,0,0,1,0
899,4,0,0,0,0,0,0,0,1,0
2108,4,0,0,0,0,0,0,0,1,0
2221,5,0,0,0,0,1,0,0,0,0
2140,4,0,0,0,0,0,0,0,1,0
878,4,0,0,0,0,0,0,0,1,0
2120,4,0,0,0,0,0,0,0,1,0
740,3,0,0,0,0,0,1,0,0,0
2654,6,0,0,1,0,0,0,0,0,0
624,2,0,0,0,0,0,0,1,0,0
3611,8,0,1,0,0,0,0,0,0,0
1086,8,0,1,0,0,0,0,0,0,0
4204,9,0,0,0,1,0,0,0,0,0
2419,5,0,0,0,0,1,0,0,0,0
40,1,0,0,0,0,0,0,0,0,1
1511,3,0,0,0,0,0,1,0,0,0
164,1,0,0,0,0,0,0,0,0,1
3227,7,1,0,0,0,0,0,0,0,0
2899,6,0,0,1,0,0,0,0,0,0
4183,9,0,0,0,1,0,0,0,0,0
2511,5,0,0,0,0,1,0,0,0,0
3730,8,0,1,0,0,0,0,0,0,0
3279,7,1,0,0,0,0,0,0,0,0
1113,8,0,1,0,0,0,0,0,0,0
929,5,0,0,0,0,1,0,0,0,0
3242,7,1,0,0,0,0,0,0,0,0
3071,7,1,0,0,0,0,0,0,0,0
1978,4,0,0,0,0,0,0,0,1,0
2078,4,0,0,0,0,0,0,0,1,0
3134,7,1,0,0,0,0,0,0,0,0
3829,8,0,1,0,0,0,0,0,0,0
1073,7,1,0,0,0,0,0,0,0,0
1215,2,0,0,0,0,0,0,1,0,0
1462,2,0,0,0,0,0,0,1,0,0
374,1,0,0,0,0,0,0,0,0,1
3169,7,1,0,0,0,0,0,0,0,0
3177,7,1,0,0,0,0,0,0,0,0
3831,8,0,1,0,0,0,0,0,0,0
2409,5,0,0,0,0,1,0,0,0,0
2912,6,0,0,1,0,0,0,0,0,0
391,1,0,0,0,0,0,0,0,0,1
1888,4,0,0,0,0,0,0,0,1,0
2647,6,0,0,1,0,0,0,0,0,0
3838,8,0,1,0,0,0,0,0,0,0
3018,6,0,0,1,0,0,0,0,0,0
2990,6,0,0,1,0,0,0,0,0,0
341,1,0,0,0,0,0,0,0,0,1
2543,5,0,0,0,0,1,0,0,0,0
4072,9,0,0,0,1,0,0,0,0,0
2325,5,0,0,0,0,1,0,0,0,0
711,3,0,0,0,0,0,1,0,0,0
3432,7,1,0,0,0,0,0,0,0,0
1050,6,0,0,1,0,0,0,0,0,0
557,2,0,0,0,0,0,0,1,0,0
3787,8,0,1,0,0,0,0,0,0,0
3189,7,1,0,0,0,0,0,0,0,0
958,5,0,0,0,0,1,0,0,0,0
701,3,0,0,0,0,0,1,0,0,0
4444,9,0,0,0,1,0,0,0,0,0
3282,7,1,0,0,0,0,0,0,0,0
462,1,0,0,0,0,0,0,0,0,1
4455,9,0,0,0,1,0,0,0,0,0
4228,9,0,0,0,1,0,0,0,0,0
3038,6,0,0,1,0,0,0,0,0,0
2980,6,0,0,1,0,0,0,0,0,0
2197,5,0,0,0,0,1,0,0,0,0
1818,3,0,0,0,0,0,1,0,0,0
2765,6,0,0,1,0,0,0,0,0,0
2054,4,0,0,0,0,0,0,0,1,0
2974,6,0,0,1,0,0,0,0,0,0
2590,5,0,0,0,0,1,0,0,0,0
2709,6,0,0,1,0,0,0,0,0,0
73,1,0,0,0,0,0,0,0,0,1
3417,7,1,0,0,0,0,0,0,0,0
2191,4,0,0,0,0,0,0,0,1,0
920,4,0,0,0,0,0,0,0,1,0
1484,3,0,0,0,0,0,1,0,0,0
4296,9,0,0,0,1,0,0,0,0,0
1414,2,0,0,0,0,0,0,1,0,0
1121,9,0,0,0,1,0,0,0,0,0
3903,8,0,1,0,0,0,0,0,0,0
3426,7,1,0,0,0,0,0,0,0,0
1804,3,0,0,0,0,0,1,0,0,0
398,1,0,0,0,0,0,0,0,0,1
3674,8,0,1,0,0,0,0,0,0,0
3440,7,1,0,0,0,0,0,0,0,0
2207,5,0,0,0,0,1,0,0,0,0
3285,7,1,0,0,0,0,0,0,0,0
468,1,0,0,0,0,0,0,0,0,1
3106,7,1,0,0,0,0,0,0,0,0
3811,8,0,1,0,0,0,0,0,0,0
2051,4,0,0,0,0,0,0,0,1,0
2067,4,0,0,0,0,0,0,0,1,0
741,3,0,0,0,0,0,1,0,0,0
2402,5,0,0,0,0,1,0,0,0,0
3879,8,0,1,0,0,0,0,0,0,0
2501,5,0,0,0,0,1,0,0,0,0
3266,7,1,0,0,0,0,0,0,0,0
365,1,0,0,0,0,0,0,0,0,1
4243,9,0,0,0,1,0,0,0,0,0
3686,8,0,1,0,0,0,0,0,0,0
267,1,0,0,0,0,0,0,0,0,1
822,4,0,0,0,0,0,0,0,1,0
119,1,0,0,0,0,0,0,0,0,1
3068,7,1,0,0,0,0,0,0,0,0
1357,2,0,0,0,0,0,0,1,0,0
2104,4,0,0,0,0,0,0,0,1,0
4066,9,0,0,0,1,0,0,0,0,0
4036,9,0,0,0,1,0,0,0,0,0
2588,5,0,0,0,0,1,0,0,0,0
3985,8,0,1,0,0,0,0,0,0,0
1809,3,0,0,0,0,0,1,0,0,0
123,1,0,0,0,0,0,0,0,0,1
4448,9,0,0,0,1,0,0,0,0,0
3990,8,0,1,0,0,0,0,0,0,0
2255,5,0,0,0,0,1,0,0,0,0
830,4,0,0,0,0,0,0,0,1,0
2951,6,0,0,1,0,0,0,0,0,0
2375,5,0,0,0,0,1,0,0,0,0
847,4,0,0,0,0,0,0,0,1,0
3096,7,1,0,0,0,0,0,0,0,0
3409,7,1,0,0,0,0,0,0,0,0
3381,7,1,0,0,0,0,0,0,0,0
644,2,0,0,0,0,0,0,1,0,0
113,1,0,0,0,0,0,0,0,0,1
592,2,0,0,0,0,0,0,1,0,0
1149,2,0,0,0,0,0,0,1,0,0
3070,7,1,0,0,0,0,0,0,0,0
540,2,0,0,0,0,0,0,1,0,0
2805,6,0,0,1,0,0,0,0,0,0
4128,9,0,0,0,1,0,0,0,0,0
3042,6,0,0,1,0,0,0,0,0,0
2145,4,0,0,0,0,0,0,0,1,0
1180,2,0,0,0,0,0,0,1,0,0
326,1,0,0,0,0,0,0,0,0,1
439,1,0,0,0,0,0,0,0,0,1
170,1,0,0,0,0,0,0,0,0,1
3878,8,0,1,0,0,0,0,0,0,0
1404,2,0,0,0,0,0,0,1,0,0
1569,3,0,0,0,0,0,1,0,0,0
1831,3,0,0,0,0,0,1,0,0,0
1538,3,0,0,0,0,0,1,0,0,0
2542,5,0,0,0,0,1,0,0,0,0
4432,9,0,0,0,1,0,0,0,0,0
2902,6,0,0,1,0,0,0,0,0,0
3870,8,0,1,0,0,0,0,0,0,0
1083,7,1,0,0,0,0,0,0,0,0
1912,4,0,0,0,0,0,0,0,1,0
1134,9,0,0,0,1,0,0,0,0,0
248,1,0,0,0,0,0,0,0,0,1
1909,4,0,0,0,0,0,0,0,1,0
3704,8,0,1,0,0,0,0,0,0,0
2771,6,0,0,1,0,0,0,0,0,0
1901,4,0,0,0,0,0,0,0,1,0
1582,3,0,0,0,0,0,1,0,0,0
1471,2,0,0,0,0,0,0,1,0,0
3594,8,0,1,0,0,0,0,0,0,0
625,2,0,0,0,0,0,0,1,0,0
4242,9,0,0,0,1,0,0,0,0,0
2593,5,0,0,0,0,1,0,0,0,0
1117,8,0,1,0,0,0,0,0,0,0
1391,2,0,0,0,0,0,0,1,0,0
354,1,0,0,0,0,0,0,0,0,1
928,5,0,0,0,0,1,0,0,0,0
2378,5,0,0,0,0,1,0,0,0,0
4256,9,0,0,0,1,0,0,0,0,0
51,1,0,0,0,0,0,0,0,0,1
2129,4,0,0,0,0,0,0,0,1,0
2664,6,0,0,1,0,0,0,0,0,0
3684,8,0,1,0,0,0,0,0,0,0
3043,6,0,0,1,0,0,0,0,0,0
2187,4,0,0,0,0,0,0,0,1,0
4355,9,0,0,0,1,0,0,0,0,0
825,4,0,0,0,0,0,0,0,1,0
3614,8,0,1,0,0,0,0,0,0,0
4089,9,0,0,0,1,0,0,0,0,0
4406,9,0,0,0,1,0,0,0,0,0
3635,8,0,1,0,0,0,0,0,0,0
1348,2,0,0,0,0,0,0,1,0,0
3132,7,1,0,0,0,0,0,0,0,0
165,1,0,0,0,0,0,0,0,0,1
1506,3,0,0,0,0,0,1,0,0,0
684,3,0,0,0,0,0,1,0,0,0
4135,9,0,0,0,1,0,0,0,0,0
287,1,0,0,0,0,0,0,0,0,1
3149,7,1,0,0,0,0,0,0,0,0
2579,5,0,0,0,0,1,0,0,0,0
4312,9,0,0,0,1,0,0,0,0,0
335,1,0,0,0,0,0,0,0,0,1
2475,5,0,0,0,0,1,0,0,0,0
2233,5,0,0,0,0,1,0,0,0,0
2019,4,0,0,0,0,0,0,0,1,0
954,5,0,0,0,0,1,0,0,0,0
4287,9,0,0,0,1,0,0,0,0,0
298,1,0,0,0,0,0,0,0,0,1
4099,9,0,0,0,1,0,0,0,0,0
932,5,0,0,0,0,1,0,0,0,0
2150,4,0,0,0,0,0,0,0,1,0
2114,4,0,0,0,0,0,0,0,1,0
3923,8,0,1,0,0,0,0,0,0,0
2697,6,0,0,1,0,0,0,0,0,0
1542,3,0,0,0,0,0,1,0,0,0
555,2,0,0,0,0,0,0,1,0,0
2776,6,0,0,1,0,0,0,0,0,0
3675,8,0,1,0,0,0,0,0,0,0
2729,6,0,0,1,0,0,0,0,0,0
1097,8,0,1,0,0,0,0,0,0,0
4211,9,0,0,0,1,0,0,0,0,0
3021,6,0,0,1,0,0,0,0,0,0
3452,7,1,0,0,0,0,0,0,0,0
372,1,0,0,0,0,0,0,0,0,1
516,2,0,0,0,0,0,0,1,0,0
4177,9,0,0,0,1,0,0,0,0,0
2089,4,0,0,0,0,0,0,0,1,0
816,4,0,0,0,0,0,0,0,1,0
1114,8,0,1,0,0,0,0,0,0,0
268,1,0,0,0,0,0,0,0,0,1
2035,4,0,0,0,0,0,0,0,1,0
2891,6,0,0,1,0,0,0,0,0,0
212,1,0,0,0,0,0,0,0,0,1
3392,7,1,0,0,0,0,0,0,0,0
2586,5,0,0,0,0,1,0,0,0,0
3762,8,0,1,0,0,0,0,0,0,0
4203,9,0,0,0,1,0,0,0,0,0
389,1,0,0,0,0,0,0,0,0,1
2052,4,0,0,0,0,0,0,0,1,0
3609,8,0,1,0,0,0,0,0,0,0
3211,7,1,0,0,0,0,0,0,0,0
1997,4,0,0,0,0,0,0,0,1,0
3206,7,1,0,0,0,0,0,0,0,0
3711,8,0,1,0,0,0,0,0,0,0
3778,8,0,1,0,0,0,0,0,0,0
725,3,0,0,0,0,0,1,0,0,0
3633,8,0,1,0,0,0,0,0,0,0
2450,5,0,0,0,0,1,0,0,0,0
3701,8,0,1,0,0,0,0,0,0,0
1699,3,0,0,0,0,0,1,0,0,0
1737,3,0,0,0,0,0,1,0,0,0
3859,8,0,1,0,0,0,0,0,0,0
1896,4,0,0,0,0,0,0,0,1,0
3268,7,1,0,0,0,0,0,0,0,0
657,3,0,0,0,0,0,1,0,0,0
692,3,0,0,0,0,0,1,0,0,0
4315,9,0,0,0,1,0,0,0,0,0
670,3,0,0,0,0,0,1,0,0,0
2512,5,0,0,0,0,1,0,0,0,0
630,2,0,0,0,0,0,0,1,0,0
4181,9,0,0,0,1,0,0,0,0,0
2991,6,0,0,1,0,0,0,0,0,0
286,1,0,0,0,0,0,0,0,0,1
3677,8,0,1,0,0,0,0,0,0,0
102,1,0,0,0,0,0,0,0,0,1
2046,4,0,0,0,0,0,0,0,1,0
3545,8,0,1,0,0,0,0,0,0,0
1036,6,0,0,1,0,0,0,0,0,0
256,1,0,0,0,0,0,0,0,0,1
2218,5,0,0,0,0,1,0,0,0,0
4434,9,0,0,0,1,0,0,0,0,0
1401,2,0,0,0,0,0,0,1,0,0
2394,5,0,0,0,0,1,0,0,0,0
906,4,0,0,0,0,0,0,0,1,0
3593,8,0,1,0,0,0,0,0,0,0
885,4,0,0,0,0,0,0,0,1,0
747,3,0,0,0,0,0,1,0,0,0
2157,4,0,0,0,0,0,0,0,1,0
2458,5,0,0,0,0,1,0,0,0,0
137,1,0,0,0,0,0,0,0,0,1
1584,3,0,0,0,0,0,1,0,0,0
860,4,0,0,0,0,0,0,0,1,0
1309,2,0,0,0,0,0,0,1,0,0
1177,2,0,0,0,0,0,0,1,0,0
193,1,0,0,0,0,0,0,0,0,1
2227,5,0,0,0,0,1,0,0,0,0
2479,5,0,0,0,0,1,0,0,0,0
64,1,0,0,0,0,0,0,0,0,1
3997,9,0,0,0,1,0,0,0,0,0
4373,9,0,0,0,1,0,0,0,0,0
111,1,0,0,0,0,0,0,0,0,1
2739,6,0,0,1,0,0,0,0,0,0
4362,9,0,0,0,1,0,0,0,0,0
1836,3,0,0,0,0,0,1,0,0,0
3234,7,1,0,0,0,0,0,0,0,0
1140,2,0,0,0,0,0,0,1,0,0
3272,7,1,0,0,0,0,0,0,0,0
1431,2,0,0,0,0,0,0,1,0,0
3196,7,1,0,0,0,0,0,0,0,0
3041,6,0,0,1,0,0,0,0,0,0
2710,6,0,0,1,0,0,0,0,0,0
2041,4,0,0,0,0,0,0,0,1,0
2875,6,0,0,1,0,0,0,0,0,0
2289,5,0,0,0,0,1,0,0,0,0
3983,8,0,1,0,0,0,0,0,0,0
1729,3,0,0,0,0,0,1,0,0,0
2518,5,0,0,0,0,1,0,0,0,0
2355,5,0,0,0,0,1,0,0,0,0
4106,9,0,0,0,1,0,0,0,0,0
204,1,0,0,0,0,0,0,0,0,1
2613,6,0,0,1,0,0,0,0,0,0
700,3,0,0,0,0,0,1,0,0,0
3017,6,0,0,1,0,0,0,0,0,0
2934,6,0,0,1,0,0,0,0,0,0
2907,6,0,0,1,0,0,0,0,0,0
143,1,0,0,0,0,0,0,0,0,1
3733,8,0,1,0,0,0,0,0,0,0
2722,6,0,0,1,0,0,0,0,0,0
89,1,0,0,0,0,0,0,0,0,1
4345,9,0,0,0,1,0,0,0,0,0
2978,6,0,0,1,0,0,0,0,0,0
1503,3,0,0,0,0,0,1,0,0,0
2784,6,0,0,1,0,0,0,0,0,0
1744,3,0,0,0,0,0,1,0,0,0
2022,4,0,0,0,0,0,0,0,1,0
4332,9,0,0,0,1,0,0,0,0,0
447,1,0,0,0,0,0,0,0,0,1
3539,8,0,1,0,0,0,0,0,0,0
3447,7,1,0,0,0,0,0,0,0,0
1045,6,0,0,1,0,0,0,0,0,0
1786,3,0,0,0,0,0,1,0,0,0
1703,3,0,0,0,0,0,1,0,0,0
454,1,0,0,0,0,0,0,0,0,1
1798,3,0,0,0,0,0,1,0,0,0
2435,5,0,0,0,0,1,0,0,0,0
988,5,0,0,0,0,1,0,0,0,0
49,1,0,0,0,0,0,0,0,0,1
2999,6,0,0,1,0,0,0,0,0,0
671,3,0,0,0,0,0,1,0,0,0
1492,3,0,0,0,0,0,1,0,0,0
3045,6,0,0,1,0,0,0,0,0,0
3907,8,0,1,0,0,0,0,0,0,0
2173,4,0,0,0,0,0,0,0,1,0
1442,2,0,0,0,0,0,0,1,0,0
3952,8,0,1,0,0,0,0,0,0,0
4385,9,0,0,0,1,0,0,0,0,0
755,3,0,0,0,0,0,1,0,0,0
4338,9,0,0,0,1,0,0,0,0,0
2759,6,0,0,1,0,0,0,0,0,0
3828,8,0,1,0,0,0,0,0,0,0
2484,5,0,0,0,0,1,0,0,0,0
1417,2,0,0,0,0,0,0,1,0,0
586,2,0,0,0,0,0,0,1,0,0
3377,7,1,0,0,0,0,0,0,0,0
1382,2,0,0,0,0,0,0,1,0,0
1085,8,0,1,0,0,0,0,0,0,0
1545,3,0,0,0,0,0,1,0,0,0
3806,8,0,1,0,0,0,0,0,0,0
1674,3,0,0,0,0,0,1,0,0,0
4111,9,0,0,0,1,0,0,0,0,0
101,1,0,0,0,0,0,0,0,0,1
2346,5,0,0,0,0,1,0,0,0,0
2020,4,0,0,0,0,0,0,0,1,0
199,1,0,0,0,0,0,0,0,0,1
3668,8,0,1,0,0,0,0,0,0,0
1608,3,0,0,0,0,0,1,0,0,0
479,1,0,0,0,0,0,0,0,0,1
4391,9,0,0,0,1,0,0,0,0,0
2650,6,0,0,1,0,0,0,0,0,0
265,1,0,0,0,0,0,0,0,0,1
4100,9,0,0,0,1,0,0,0,0,0
2444,5,0,0,0,0,1,0,0,0,0
4239,9,0,0,0,1,0,0,0,0,0
4118,9,0,0,0,1,0,0,0,0,0
2540,5,0,0,0,0,1,0,0,0,0
330,1,0,0,0,0,0,0,0,0,1
2315,5,0,0,0,0,1,0,0,0,0
1306,2,0,0,0,0,0,0,1,0,0
573,2,0,0,0,0,0,0,1,0,0
2097,4,0,0,0,0,0,0,0,1,0
4425,9,0,0,0,1,0,0,0,0,0
2112,4,0,0,0,0,0,0,0,1,0
3352,7,1,0,0,0,0,0,0,0,0
3079,7,1,0,0,0,0,0,0,0,0
2088,4,0,0,0,0,0,0,0,1,0
2013,4,0,0,0,0,0,0,0,1,0
943,5,0,0,0,0,1,0,0,0,0
1688,3,0,0,0,0,0,1,0,0,0
2793,6,0,0,1,0,0,0,0,0,0
1242,2,0,0,0,0,0,0,1,0,0
2014,4,0,0,0,0,0,0,0,1,0
9,1,0,0,0,0,0,0,0,0,1
4065,9,0,0,0,1,0,0,0,0,0
566,2,0,0,0,0,0,0,1,0,0
2056,4,0,0,0,0,0,0,0,1,0
380,1,0,0,0,0,0,0,0,0,1
1541,3,0,0,0,0,0,1,0,0,0
2136,4,0,0,0,0,0,0,0,1,0
3540,8,0,1,0,0,0,0,0,0,0
1885,4,0,0,0,0,0,0,0,1,0
2117,4,0,0,0,0,0,0,0,1,0
873,4,0,0,0,0,0,0,0,1,0
2939,6,0,0,1,0,0,0,0,0,0
3948,8,0,1,0,0,0,0,0,0,0
623,2,0,0,0,0,0,0,1,0,0
1566,3,0,0,0,0,0,1,0,0,0
4281,9,0,0,0,1,0,0,0,0,0
181,1,0,0,0,0,0,0,0,0,1
1895,4,0,0,0,0,0,0,0,1,0
1383,2,0,0,0,0,0,0,1,0,0
1556,3,0,0,0,0,0,1,0,0,0
420,1,0,0,0,0,0,0,0,0,1
1908,4,0,0,0,0,0,0,0,1,0
3667,8,0,1,0,0,0,0,0,0,0
47,1,0,0,0,0,0,0,0,0,1
1154,2,0,0,0,0,0,0,1,0,0
1005,5,0,0,0,0,1,0,0,0,0
2814,6,0,0,1,0,0,0,0,0,0
666,3,0,0,0,0,0,1,0,0,0
1861,4,0,0,0,0,0,0,0,1,0
1961,4,0,0,0,0,0,0,0,1,0
4357,9,0,0,0,1,0,0,0,0,0
1125,9,0,0,0,1,0,0,0,0,0
2868,6,0,0,1,0,0,0,0,0,0
1389,2,0,0,0,0,0,0,1,0,0
2509,5,0,0,0,0,1,0,0,0,0
2760,6,0,0,1,0,0,0,0,0,0
2202,5,0,0,0,0,1,0,0,0,0
3044,6,0,0,1,0,0,0,0,0,0
3925,8,0,1,0,0,0,0,0,0,0
3721,8,0,1,0,0,0,0,0,0,0
253,1,0,0,0,0,0,0,0,0,1
4178,9,0,0,0,1,0,0,0,0,0
261,1,0,0,0,0,0,0,0,0,1
2838,6,0,0,1,0,0,0,0,0,0
559,2,0,0,0,0,0,0,1,0,0
216,1,0,0,0,0,0,0,0,0,1
3174,7,1,0,0,0,0,0,0,0,0
1164,2,0,0,0,0,0,0,1,0,0
2017,4,0,0,0,0,0,0,0,1,0
527,2,0,0,0,0,0,0,1,0,0
872,4,0,0,0,0,0,0,0,1,0
3047,6,0,0,1,0,0,0,0,0,0
1478,3,0,0,0,0,0,1,0,0,0
4424,9,0,0,0,1,0,0,0,0,0
4048,9,0,0,0,1,0,0,0,0,0
67,1,0,0,0,0,0,0,0,0,1
3192,7,1,0,0,0,0,0,0,0,0
546,2,0,0,0,0,0,0,1,0,0
1704,3,0,0,0,0,0,1,0,0,0
4323,9,0,0,0,1,0,0,0,0,0
1829,3,0,0,0,0,0,1,0,0,0
4333,9,0,0,0,1,0,0,0,0,0
1495,3,0,0,0,0,0,1,0,0,0
697,3,0,0,0,0,0,1,0,0,0
4423,9,0,0,0,1,0,0,0,0,0
842,4,0,0,0,0,0,0,0,1,0
4205,9,0,0,0,1,0,0,0,0,0
3137,7,1,0,0,0,0,0,0,0,0
3321,7,1,0,0,0,0,0,0,0,0
2937,6,0,0,1,0,0,0,0,0,0
96,1,0,0,0,0,0,0,0,0,1
3222,7,1,0,0,0,0,0,0,0,0
1151,2,0,0,0,0,0,0,1,0,0
3356,7,1,0,0,0,0,0,0,0,0
3311,7,1,0,0,0,0,0,0,0,0
1897,4,0,0,0,0,0,0,0,1,0
1715,3,0,0,0,0,0,1,0,0,0
968,5,0,0,0,0,1,0,0,0,0
3690,8,0,1,0,0,0,0,0,0,0
347,1,0,0,0,0,0,0,0,0,1
3577,8,0,1,0,0,0,0,0,0,0
1119,9,0,0,0,1,0,0,0,0,0
1695,3,0,0,0,0,0,1,0,0,0
4267,9,0,0,0,1,0,0,0,0,0
3727,8,0,1,0,0,0,0,0,0,0
3240,7,1,0,0,0,0,0,0,0,0
3477,7,1,0,0,0,0,0,0,0,0
1591,3,0,0,0,0,0,1,0,0,0
2356,5,0,0,0,0,1,0,0,0,0
1612,3,0,0,0,0,0,1,0,0,0
2678,6,0,0,1,0,0,0,0,0,0
11,1,0,0,0,0,0,0,0,0,1
1133,9,0,0,0,1,0,0,0,0,0
45,1,0,0,0,0,0,0,0,0,1
2644,6,0,0,1,0,0,0,0,0,0
4402,9,0,0,0,1,0,0,0,0,0
1430,2,0,0,0,0,0,0,1,0,0
2648,6,0,0,1,0,0,0,0,0,0
2961,6,0,0,1,0,0,0,0,0,0
4383,9,0,0,0,1,0,0,0,0,0
1477,3,0,0,0,0,0,1,0,0,0
1799,3,0,0,0,0,0,1,0,0,0
3482,7,1,0,0,0,0,0,0,0,0
2332,5,0,0,0,0,1,0,0,0,0
1387,2,0,0,0,0,0,0,1,0,0
4023,9,0,0,0,1,0,0,0,0,0
2034,4,0,0,0,0,0,0,0,1,0
1665,3,0,0,0,0,0,1,0,0,0
2864,6,0,0,1,0,0,0,0,0,0
1586,3,0,0,0,0,0,1,0,0,0
2066,4,0,0,0,0,0,0,0,1,0
639,2,0,0,0,0,0,0,1,0,0
2098,4,0,0,0,0,0,0,0,1,0
161,1,0,0,0,0,0,0,0,0,1
4447,9,0,0,0,1,0,0,0,0,0
3185,7,1,0,0,0,0,0,0,0,0
3819,8,0,1,0,0,0,0,0,0,0
3198,7,1,0,0,0,0,0,0,0,0
3872,8,0,1,0,0,0,0,0,0,0
2212,5,0,0,0,0,1,0,0,0,0
188,1,0,0,0,0,0,0,0,0,1
482,1,0,0,0,0,0,0,0,0,1
3474,7,1,0,0,0,0,0,0,0,0
3836,8,0,1,0,0,0,0,0,0,0
3834,8,0,1,0,0,0,0,0,0,0
3955,8,0,1,0,0,0,0,0,0,0
2194,5,0,0,0,0,1,0,0,0,0
2021,4,0,0,0,0,0,0,0,1,0
581,2,0,0,0,0,0,0,1,0,0
1752,3,0,0,0,0,0,1,0,0,0
1942,4,0,0,0,0,0,0,0,1,0
2532,5,0,0,0,0,1,0,0,0,0
3956,8,0,1,0,0,0,0,0,0,0
3487,7,1,0,0,0,0,0,0,0,0
1533,3,0,0,0,0,0,1,0,0,0
2428,5,0,0,0,0,1,0,0,0,0
2798,6,0,0,1,0,0,0,0,0,0
4309,9,0,0,0,1,0,0,0,0,0
169,1,0,0,0,0,0,0,0,0,1
22,1,0,0,0,0,0,0,0,0,1
1100,8,0,1,0,0,0,0,0,0,0
4234,9,0,0,0,1,0,0,0,0,0
3662,8,0,1,0,0,0,0,0,0,0
3123,7,1,0,0,0,0,0,0,0,0
3750,8,0,1,0,0,0,0,0,0,0
395,1,0,0,0,0,0,0,0,0,1
2093,4,0,0,0,0,0,0,0,1,0
767,4,0,0,0,0,0,0,0,1,0
2257,5,0,0,0,0,1,0,0,0,0
4413,9,0,0,0,1,0,0,0,0,0
285,1,0,0,0,0,0,0,0,0,1
246,1,0,0,0,0,0,0,0,0,1
2313,5,0,0,0,0,1,0,0,0,0
1577,3,0,0,0,0,0,1,0,0,0
3922,8,0,1,0,0,0,0,0,0,0
142,1,0,0,0,0,0,0,0,0,1
507,2,0,0,0,0,0,0,1,0,0
172,1,0,0,0,0,0,0,0,0,1
4043,9,0,0,0,1,0,0,0,0,0
1342,2,0,0,0,0,0,0,1,0,0
1620,3,0,0,0,0,0,1,0,0,0
306,1,0,0,0,0,0,0,0,0,1
390,1,0,0,0,0,0,0,0,0,1
3249,7,1,0,0,0,0,0,0,0,0
2573,5,0,0,0,0,1,0,0,0,0
3877,8,0,1,0,0,0,0,0,0,0
2570,5,0,0,0,0,1,0,0,0,0
761,3,0,0,0,0,0,1,0,0,0
1718,3,0,0,0,0,0,1,0,0,0
4024,9,0,0,0,1,0,0,0,0,0
1172,2,0,0,0,0,0,0,1,0,0
1914,4,0,0,0,0,0,0,0,1,0
1898,4,0,0,0,0,0,0,0,1,0
3237,7,1,0,0,0,0,0,0,0,0
738,3,0,0,0,0,0,1,0,0,0
4198,9,0,0,0,1,0,0,0,0,0
1870,4,0,0,0,0,0,0,0,1,0
2715,6,0,0,1,0,0,0,0,0,0
2126,4,0,0,0,0,0,0,0,1,0
3670,8,0,1,0,0,0,0,0,0,0
1873,4,0,0,0,0,0,0,0,1,0
2663,6,0,0,1,0,0,0,0,0,0
2006,4,0,0,0,0,0,0,0,1,0
3619,8,0,1,0,0,0,0,0,0,0
1143,2,0,0,0,0,0,0,1,0,0
3898,8,0,1,0,0,0,0,0,0,0
4021,9,0,0,0,1,0,0,0,0,0
162,1,0,0,0,0,0,0,0,0,1
2310,5,0,0,0,0,1,0,0,0,0
3941,8,0,1,0,0,0,0,0,0,0
2986,6,0,0,1,0,0,0,0,0,0
178,1,0,0,0,0,0,0,0,0,1
4302,9,0,0,0,1,0,0,0,0,0
4067,9,0,0,0,1,0,0,0,0,0
3450,7,1,0,0,0,0,0,0,0,0
4007,9,0,0,0,1,0,0,0,0,0
1633,3,0,0,0,0,0,1,0,0,0
3433,7,1,0,0,0,0,0,0,0,0
1743,3,0,0,0,0,0,1,0,0,0
2916,6,0,0,1,0,0,0,0,0,0
4044,9,0,0,0,1,0,0,0,0,0
1375,2,0,0,0,0,0,0,1,0,0
2205,5,0,0,0,0,1,0,0,0,0
993,5,0,0,0,0,1,0,0,0,0
2156,4,0,0,0,0,0,0,0,1,0
2270,5,0,0,0,0,1,0,0,0,0
3615,8,0,1,0,0,0,0,0,0,0
41,1,0,0,0,0,0,0,0,0,1
1778,3,0,0,0,0,0,1,0,0,0
2922,6,0,0,1,0,0,0,0,0,0
3173,7,1,0,0,0,0,0,0,0,0
1060,7,1,0,0,0,0,0,0,0,0
4013,9,0,0,0,1,0,0,0,0,0
1856,4,0,0,0,0,0,0,0,1,0
3741,8,0,1,0,0,0,0,0,0,0
1554,3,0,0,0,0,0,1,0,0,0
2638,6,0,0,1,0,0,0,0,0,0
608,2,0,0,0,0,0,0,1,0,0
868,4,0,0,0,0,0,0,0,1,0
1230,2,0,0,0,0,0,0,1,0,0
2913,6,0,0,1,0,0,0,0,0,0
4022,9,0,0,0,1,0,0,0,0,0
1702,3,0,0,0,0,0,1,0,0,0
1452,2,0,0,0,0,0,0,1,0,0
2565,5,0,0,0,0,1,0,0,0,0
200,1,0,0,0,0,0,0,0,0,1
1783,3,0,0,0,0,0,1,0,0,0
3950,8,0,1,0,0,0,0,0,0,0
1393,2,0,0,0,0,0,0,1,0,0
431,1,0,0,0,0,0,0,0,0,1
1748,3,0,0,0,0,0,1,0,0,0
2025,4,0,0,0,0,0,0,0,1,0
3653,8,0,1,0,0,0,0,0,0,0
2160,4,0,0,0,0,0,0,0,1,0
2091,4,0,0,0,0,0,0,0,1,0
419,1,0,0,0,0,0,0,0,0,1
3214,7,1,0,0,0,0,0,0,0,0
1732,3,0,0,0,0,0,1,0,0,0
1449,2,0,0,0,0,0,0,1,0,0
1460,2,0,0,0,0,0,0,1,0,0
2265,5,0,0,0,0,1,0,0,0,0
471,1,0,0,0,0,0,0,0,0,1
210,1,0,0,0,0,0,0,0,0,1
1400,2,0,0,0,0,0,0,1,0,0
4316,9,0,0,0,1,0,0,0,0,0
1770,3,0,0,0,0,0,1,0,0,0
4469,9,0,0,0,1,0,0,0,0,0
2423,5,0,0,0,0,1,0,0,0,0
464,1,0,0,0,0,0,0,0,0,1
78,1,0,0,0,0,0,0,0,0,1
1325,2,0,0,0,0,0,0,1,0,0
2468,5,0,0,0,0,1,0,0,0,0
3233,7,1,0,0,0,0,0,0,0,0
3902,8,0,1,0,0,0,0,0,0,0
1785,3,0,0,0,0,0,1,0,0,0
1003,5,0,0,0,0,1,0,0,0,0
1581,3,0,0,0,0,0,1,0,0,0
933,5,0,0,0,0,1,0,0,0,0
3255,7,1,0,0,0,0,0,0,0,0
379,1,0,0,0,0,0,0,0,0,1
835,4,0,0,0,0,0,0,0,1,0
824,4,0,0,0,0,0,0,0,1,0
1018,5,0,0,0,0,1,0,0,0,0
3491,7,1,0,0,0,0,0,0,0,0
2971,6,0,0,1,0,0,0,0,0,0
4084,9,0,0,0,1,0,0,0,0,0
3557,8,0,1,0,0,0,0,0,0,0
202,1,0,0,0,0,0,0,0,0,1
2964,6,0,0,1,0,0,0,0,0,0
3103,7,1,0,0,0,0,0,0,0,0
4235,9,0,0,0,1,0,0,0,0,0
4028,9,0,0,0,1,0,0,0,0,0
4461,9,0,0,0,1,0,0,0,0,0
377,1,0,0,0,0,0,0,0,0,1
3382,7,1,0,0,0,0,0,0,0,0
1482,3,0,0,0,0,0,1,0,0,0
2243,5,0,0,0,0,1,0,0,0,0
88,1,0,0,0,0,0,0,0,0,1
948,5,0,0,0,0,1,0,0,0,0
3708,8,0,1,0,0,0,0,0,0,0
2348,5,0,0,0,0,1,0,0,0,0
1935,4,0,0,0,0,0,0,0,1,0
717,3,0,0,0,0,0,1,0,0,0
2662,6,0,0,1,0,0,0,0,0,0
611,2,0,0,0,0,0,0,1,0,0
4421,9,0,0,0,1,0,0,0,0,0
2418,5,0,0,0,0,1,0,0,0,0
1550,3,0,0,0,0,0,1,0,0,0
4127,9,0,0,0,1,0,0,0,0,0
4214,9,0,0,0,1,0,0,0,0,0
1843,3,0,0,0,0,0,1,0,0,0
1001,5,0,0,0,0,1,0,0,0,0
3326,7,1,0,0,0,0,0,0,0,0
2769,6,0,0,1,0,0,0,0,0,0
4353,9,0,0,0,1,0,0,0,0,0
1561,3,0,0,0,0,0,1,0,0,0
1927,4,0,0,0,0,0,0,0,1,0
466,1,0,0,0,0,0,0,0,0,1
4092,9,0,0,0,1,0,0,0,0,0
1115,8,0,1,0,0,0,0,0,0,0
3376,7,1,0,0,0,0,0,0,0,0
1124,9,0,0,0,1,0,0,0,0,0
2997,6,0,0,1,0,0,0,0,0,0
2505,5,0,0,0,0,1,0,0,0,0
976,5,0,0,0,0,1,0,0,0,0
2421,5,0,0,0,0,1,0,0,0,0
2862,6,0,0,1,0,0,0,0,0,0
92,1,0,0,0,0,0,0,0,0,1
3209,7,1,0,0,0,0,0,0,0,0
3810,8,0,1,0,0,0,0,0,0,0
3046,6,0,0,1,0,0,0,0,0,0
972,5,0,0,0,0,1,0,0,0,0
2311,5,0,0,0,0,1,0,0,0,0
3202,7,1,0,0,0,0,0,0,0,0
184,1,0,0,0,0,0,0,0,0,1
1880,4,0,0,0,0,0,0,0,1,0
944,5,0,0,0,0,1,0,0,0,0
554,2,0,0,0,0,0,0,1,0,0
677,3,0,0,0,0,0,1,0,0,0
4403,9,0,0,0,1,0,0,0,0,0
3945,8,0,1,0,0,0,0,0,0,0
921,4,0,0,0,0,0,0,0,1,0
4368,9,0,0,0,1,0,0,0,0,0
315,1,0,0,0,0,0,0,0,0,1
4017,9,0,0,0,1,0,0,0,0,0
3854,8,0,1,0,0,0,0,0,0,0
2585,5,0,0,0,0,1,0,0,0,0
3643,8,0,1,0,0,0,0,0,0,0
2880,6,0,0,1,0,0,0,0,0,0
1970,4,0,0,0,0,0,0,0,1,0
3706,8,0,1,0,0,0,0,0,0,0
1987,4,0,0,0,0,0,0,0,1,0
508,2,0,0,0,0,0,0,1,0,0
3798,8,0,1,0,0,0,0,0,0,0
1772,3,0,0,0,0,0,1,0,0,0
3052,6,0,0,1,0,0,0,0,0,0
3822,8,0,1,0,0,0,0,0,0,0
3322,7,1,0,0,0,0,0,0,0,0
1973,4,0,0,0,0,0,0,0,1,0
675,3,0,0,0,0,0,1,0,0,0
1021,5,0,0,0,0,1,0,0,0,0
2523,5,0,0,0,0,1,0,0,0,0
2235,5,0,0,0,0,1,0,0,0,0
3786,8,0,1,0,0,0,0,0,0,0
1034,6,0,0,1,0,0,0,0,0,0
1068,7,1,0,0,0,0,0,0,0,0
3413,7,1,0,0,0,0,0,0,0,0
1126,9,0,0,0,1,0,0,0,0,0
3393,7,1,0,0,0,0,0,0,0,0
1795,3,0,0,0,0,0,1,0,0,0
1713,3,0,0,0,0,0,1,0,0,0
2750,6,0,0,1,0,0,0,0,0,0
3913,8,0,1,0,0,0,0,0,0,0
4334,9,0,0,0,1,0,0,0,0,0
2211,5,0,0,0,0,1,0,0,0,0
3333,7,1,0,0,0,0,0,0,0,0
691,3,0,0,0,0,0,1,0,0,0
1174,2,0,0,0,0,0,0,1,0,0
2607,6,0,0,1,0,0,0,0,0,0
4250,9,0,0,0,1,0,0,0,0,0
1456,2,0,0,0,0,0,0,1,0,0
4306,9,0,0,0,1,0,0,0,0,0
4080,9,0,0,0,1,0,0,0,0,0
133,1,0,0,0,0,0,0,0,0,1
1858,4,0,0,0,0,0,0,0,1,0
1485,3,0,0,0,0,0,1,0,0,0
3200,7,1,0,0,0,0,0,0,0,0
24,1,0,0,0,0,0,0,0,0,1
3386,7,1,0,0,0,0,0,0,0,0
4460,9,0,0,0,1,0,0,0,0,0
1634,3,0,0,0,0,0,1,0,0,0
1842,3,0,0,0,0,0,1,0,0,0
2618,6,0,0,1,0,0,0,0,0,0
501,2,0,0,0,0,0,0,1,0,0
140,1,0,0,0,0,0,0,0,0,1
1650,3,0,0,0,0,0,1,0,0,0
1853,3,0,0,0,0,0,1,0,0,0
1300,2,0,0,0,0,0,0,1,0,0
1819,3,0,0,0,0,0,1,0,0,0
77,1,0,0,0,0,0,0,0,0,1
4191,9,0,0,0,1,0,0,0,0,0
1277,2,0,0,0,0,0,0,1,0,0
82,1,0,0,0,0,0,0,0,0,1
833,4,0,0,0,0,0,0,0,1,0
3881,8,0,1,0,0,0,0,0,0,0
1279,2,0,0,0,0,0,0,1,0,0
3542,8,0,1,0,0,0,0,0,0,0
2516,5,0,0,0,0,1,0,0,0,0
1072,7,1,0,0,0,0,0,0,0,0
4192,9,0,0,0,1,0,0,0,0,0
3401,7,1,0,0,0,0,0,0,0,0
3425,7,1,0,0,0,0,0,0,0,0
2670,6,0,0,1,0,0,0,0,0,0
1473,3,0,0,0,0,0,1,0,0,0
1734,3,0,0,0,0,0,1,0,0,0
1603,3,0,0,0,0,0,1,0,0,0
905,4,0,0,0,0,0,0,0,1,0
4238,9,0,0,0,1,0,0,0,0,0
1644,3,0,0,0,0,0,1,0,0,0
1118,9,0,0,0,1,0,0,0,0,0
1922,4,0,0,0,0,0,0,0,1,0
4046,9,0,0,0,1,0,0,0,0,0
1116,8,0,1,0,0,0,0,0,0,0
3652,8,0,1,0,0,0,0,0,0,0
734,3,0,0,0,0,0,1,0,0,0
4456,9,0,0,0,1,0,0,0,0,0
890,4,0,0,0,0,0,0,0,1,0
312,1,0,0,0,0,0,0,0,0,1
2923,6,0,0,1,0,0,0,0,0,0
3763,8,0,1,0,0,0,0,0,0,0
358,1,0,0,0,0,0,0,0,0,1
3621,8,0,1,0,0,0,0,0,0,0
2514,5,0,0,0,0,1,0,0,0,0
535,2,0,0,0,0,0,0,1,0,0
436,1,0,0,0,0,0,0,0,0,1
1867,4,0,0,0,0,0,0,0,1,0
590,2,0,0,0,0,0,0,1,0,0
827,4,0,0,0,0,0,0,0,1,0
714,3,0,0,0,0,0,1,0,0,0
373,1,0,0,0,0,0,0,0,0,1
3133,7,1,0,0,0,0,0,0,0,0
1508,3,0,0,0,0,0,1,0,0,0
4375,9,0,0,0,1,0,0,0,0,0
1840,3,0,0,0,0,0,1,0,0,0
1663,3,0,0,0,0,0,1,0,0,0
3618,8,0,1,0,0,0,0,0,0,0
1910,4,0,0,0,0,0,0,0,1,0
2870,6,0,0,1,0,0,0,0,0,0
2827,6,0,0,1,0,0,0,0,0,0
1513,3,0,0,0,0,0,1,0,0,0
1673,3,0,0,0,0,0,1,0,0,0
4305,9,0,0,0,1,0,0,0,0,0
4291,9,0,0,0,1,0,0,0,0,0
1627,3,0,0,0,0,0,1,0,0,0
1570,3,0,0,0,0,0,1,0,0,0
764,3,0,0,0,0,0,1,0,0,0
4453,9,0,0,0,1,0,0,0,0,0
3126,7,1,0,0,0,0,0,0,0,0
4075,9,0,0,0,1,0,0,0,0,0
4172,9,0,0,0,1,0,0,0,0,0
3587,8,0,1,0,0,0,0,0,0,0
2669,6,0,0,1,0,0,0,0,0,0
1690,3,0,0,0,0,0,1,0,0,0
1189,2,0,0,0,0,0,0,1,0,0
4002,9,0,0,0,1,0,0,0,0,0
2261,5,0,0,0,0,1,0,0,0,0
3588,8,0,1,0,0,0,0,0,0,0
1475,3,0,0,0,0,0,1,0,0,0
2740,6,0,0,1,0,0,0,0,0,0
982,5,0,0,0,0,1,0,0,0,0
1539,3,0,0,0,0,0,1,0,0,0
1628,3,0,0,0,0,0,1,0,0,0
360,1,0,0,0,0,0,0,0,0,1
430,1,0,0,0,0,0,0,0,0,1
3473,7,1,0,0,0,0,0,0,0,0
2691,6,0,0,1,0,0,0,0,0,0
2564,5,0,0,0,0,1,0,0,0,0
3739,8,0,1,0,0,0,0,0,0,0
3570,8,0,1,0,0,0,0,0,0,0
3527,7,1,0,0,0,0,0,0,0,0
2037,4,0,0,0,0,0,0,0,1,0
1424,2,0,0,0,0,0,0,1,0,0
3772,8,0,1,0,0,0,0,0,0,0
4464,9,0,0,0,1,0,0,0,0,0
3808,8,0,1,0,0,0,0,0,0,0
865,4,0,0,0,0,0,0,0,1,0
3713,8,0,1,0,0,0,0,0,0,0
1245,2,0,0,0,0,0,0,1,0,0
3368,7,1,0,0,0,0,0,0,0,0
1186,2,0,0,0,0,0,0,1,0,0
3612,8,0,1,0,0,0,0,0,0,0
3138,7,1,0,0,0,0,0,0,0,0
461,1,0,0,0,0,0,0,0,0,1
575,2,0,0,0,0,0,0,1,0,0
1660,3,0,0,0,0,0,1,0,0,0
3448,7,1,0,0,0,0,0,0,0,0
4404,9,0,0,0,1,0,0,0,0,0
953,5,0,0,0,0,1,0,0,0,0
713,3,0,0,0,0,0,1,0,0,0
991,5,0,0,0,0,1,0,0,0,0
4160,9,0,0,0,1,0,0,0,0,0
4265,9,0,0,0,1,0,0,0,0,0
4289,9,0,0,0,1,0,0,0,0,0
2504,5,0,0,0,0,1,0,0,0,0
2903,6,0,0,1,0,0,0,0,0,0
3111,7,1,0,0,0,0,0,0,0,0
1655,3,0,0,0,0,0,1,0,0,0
3207,7,1,0,0,0,0,0,0,0,0
1351,2,0,0,0,0,0,0,1,0,0
3141,7,1,0,0,0,0,0,0,0,0
1455,2,0,0,0,0,0,0,1,0,0
2373,5,0,0,0,0,1,0,0,0,0
3720,8,0,1,0,0,0,0,0,0,0
3930,8,0,1,0,0,0,0,0,0,0
194,1,0,0,0,0,0,0,0,0,1
3679,8,0,1,0,0,0,0,0,0,0
4101,9,0,0,0,1,0,0,0,0,0
3230,7,1,0,0,0,0,0,0,0,0
2959,6,0,0,1,0,0,0,0,0,0
796,4,0,0,0,0,0,0,0,1,0
122,1,0,0,0,0,0,0,0,0,1
1272,2,0,0,0,0,0,0,1,0,0
4386,9,0,0,0,1,0,0,0,0,0
1576,3,0,0,0,0,0,1,0,0,0
4378,9,0,0,0,1,0,0,0,0,0
3673,8,0,1,0,0,0,0,0,0,0
2905,6,0,0,1,0,0,0,0,0,0
3329,7,1,0,0,0,0,0,0,0,0
2354,5,0,0,0,0,1,0,0,0,0
520,2,0,0,0,0,0,0,1,0,0
3521,7,1,0,0,0,0,0,0,0,0
4054,9,0,0,0,1,0,0,0,0,0
2073,4,0,0,0,0,0,0,0,1,0
224,1,0,0,0,0,0,0,0,0,1
3889,8,0,1,0,0,0,0,0,0,0
2940,6,0,0,1,0,0,0,0,0,0
136,1,0,0,0,0,0,0,0,0,1
3595,8,0,1,0,0,0,0,0,0,0
1000,5,0,0,0,0,1,0,0,0,0
1202,2,0,0,0,0,0,0,1,0,0
4000,9,0,0,0,1,0,0,0,0,0
1220,2,0,0,0,0,0,0,1,0,0
1850,3,0,0,0,0,0,1,0,0,0
911,4,0,0,0,0,0,0,0,1,0
2554,5,0,0,0,0,1,0,0,0,0
155,1,0,0,0,0,0,0,0,0,1
2314,5,0,0,0,0,1,0,0,0,0
2770,6,0,0,1,0,0,0,0,0,0
1854,3,0,0,0,0,0,1,0,0,0
239,1,0,0,0,0,0,0,0,0,1
4030,9,0,0,0,1,0,0,0,0,0
192,1,0,0,0,0,0,0,0,0,1
2950,6,0,0,1,0,0,0,0,0,0
2272,5,0,0,0,0,1,0,0,0,0
2956,6,0,0,1,0,0,0,0,0,0
998,5,0,0,0,0,1,0,0,0,0
2515,5,0,0,0,0,1,0,0,0,0
1366,2,0,0,0,0,0,0,1,0,0
1138,2,0,0,0,0,0,0,1,0,0
1096,8,0,1,0,0,0,0,0,0,0
877,4,0,0,0,0,0,0,0,1,0
820,4,0,0,0,0,0,0,0,1,0
72,1,0,0,0,0,0,0,0,0,1
3289,7,1,0,0,0,0,0,0,0,0
3894,8,0,1,0,0,0,0,0,0,0
457,1,0,0,0,0,0,0,0,0,1
1624,3,0,0,0,0,0,1,0,0,0
1707,3,0,0,0,0,0,1,0,0,0
4273,9,0,0,0,1,0,0,0,0,0
3840,8,0,1,0,0,0,0,0,0,0
2924,6,0,0,1,0,0,0,0,0,0
3083,7,1,0,0,0,0,0,0,0,0
4382,9,0,0,0,1,0,0,0,0,0
964,5,0,0,0,0,1,0,0,0,0
2797,6,0,0,1,0,0,0,0,0,0
3402,7,1,0,0,0,0,0,0,0,0
979,5,0,0,0,0,1,0,0,0,0
1170,2,0,0,0,0,0,0,1,0,0
2550,5,0,0,0,0,1,0,0,0,0
2492,5,0,0,0,0,1,0,0,0,0
2168,4,0,0,0,0,0,0,0,1,0
2605,6,0,0,1,0,0,0,0,0,0
1911,4,0,0,0,0,0,0,0,1,0
2524,5,0,0,0,0,1,0,0,0,0
3801,8,0,1,0,0,0,0,0,0,0
1155,2,0,0,0,0,0,0,1,0,0
2502,5,0,0,0,0,1,0,0,0,0
2208,5,0,0,0,0,1,0,0,0,0
3399,7,1,0,0,0,0,0,0,0,0
3178,7,1,0,0,0,0,0,0,0,0
2193,5,0,0,0,0,1,0,0,0,0
3506,7,1,0,0,0,0,0,0,0,0
4170,9,0,0,0,1,0,0,0,0,0
1343,2,0,0,0,0,0,0,1,0,0
1408,2,0,0,0,0,0,0,1,0,0
3305,7,1,0,0,0,0,0,0,0,0
2575,5,0,0,0,0,1,0,0,0,0
218,1,0,0,0,0,0,0,0,0,1
125,1,0,0,0,0,0,0,0,0,1
2007,4,0,0,0,0,0,0,0,1,0
1192,2,0,0,0,0,0,0,1,0,0
3219,7,1,0,0,0,0,0,0,0,0
4342,9,0,0,0,1,0,0,0,0,0
3271,7,1,0,0,0,0,0,0,0,0
3309,7,1,0,0,0,0,0,0,0,0
2622,6,0,0,1,0,0,0,0,0,0
2499,5,0,0,0,0,1,0,0,0,0
1075,7,1,0,0,0,0,0,0,0,0
997,5,0,0,0,0,1,0,0,0,0
32,1,0,0,0,0,0,0,0,0,1
3654,8,0,1,0,0,0,0,0,0,0
4061,9,0,0,0,1,0,0,0,0,0
3773,8,0,1,0,0,0,0,0,0,0
757,3,0,0,0,0,0,1,0,0,0
2244,5,0,0,0,0,1,0,0,0,0
3735,8,0,1,0,0,0,0,0,0,0
4261,9,0,0,0,1,0,0,0,0,0
392,1,0,0,0,0,0,0,0,0,1
3531,8,0,1,0,0,0,0,0,0,0
156,1,0,0,0,0,0,0,0,0,1
2344,5,0,0,0,0,1,0,0,0,0
3078,7,1,0,0,0,0,0,0,0,0
1763,3,0,0,0,0,0,1,0,0,0
3695,8,0,1,0,0,0,0,0,0,0
3075,7,1,0,0,0,0,0,0,0,0
1281,2,0,0,0,0,0,0,1,0,0
1575,3,0,0,0,0,0,1,0,0,0
869,4,0,0,0,0,0,0,0,1,0
1796,3,0,0,0,0,0,1,0,0,0
1975,4,0,0,0,0,0,0,0,1,0
451,1,0,0,0,0,0,0,0,0,1
3724,8,0,1,0,0,0,0,0,0,0
387,1,0,0,0,0,0,0,0,0,1
3999,9,0,0,0,1,0,0,0,0,0
4275,9,0,0,0,1,0,0,0,0,0
1721,3,0,0,0,0,0,1,0,0,0
1760,3,0,0,0,0,0,1,0,0,0
1497,3,0,0,0,0,0,1,0,0,0
3072,7,1,0,0,0,0,0,0,0,0
3108,7,1,0,0,0,0,0,0,0,0
1998,4,0,0,0,0,0,0,0,1,0
3453,7,1,0,0,0,0,0,0,0,0
1700,3,0,0,0,0,0,1,0,0,0
206,1,0,0,0,0,0,0,0,0,1
3471,7,1,0,0,0,0,0,0,0,0
4220,9,0,0,0,1,0,0,0,0,0
1948,4,0,0,0,0,0,0,0,1,0
1251,2,0,0,0,0,0,0,1,0,0
1349,2,0,0,0,0,0,0,1,0,0
3514,7,1,0,0,0,0,0,0,0,0
1874,4,0,0,0,0,0,0,0,1,0
695,3,0,0,0,0,0,1,0,0,0
2655,6,0,0,1,0,0,0,0,0,0
404,1,0,0,0,0,0,0,0,0,1
1488,3,0,0,0,0,0,1,0,0,0
4426,9,0,0,0,1,0,0,0,0,0
1615,3,0,0,0,0,0,1,0,0,0
3562,8,0,1,0,0,0,0,0,0,0
3622,8,0,1,0,0,0,0,0,0,0
1464,2,0,0,0,0,0,0,1,0,0
3089,7,1,0,0,0,0,0,0,0,0
1580,3,0,0,0,0,0,1,0,0,0
1938,4,0,0,0,0,0,0,0,1,0
2179,4,0,0,0,0,0,0,0,1,0
1201,2,0,0,0,0,0,0,1,0,0
1837,3,0,0,0,0,0,1,0,0,0
558,2,0,0,0,0,0,0,1,0,0
3461,7,1,0,0,0,0,0,0,0,0
3080,7,1,0,0,0,0,0,0,0,0
2086,4,0,0,0,0,0,0,0,1,0
50,1,0,0,0,0,0,0,0,0,1
2327,5,0,0,0,0,1,0,0,0,0
1179,2,0,0,0,0,0,0,1,0,0
4078,9,0,0,0,1,0,0,0,0,0
3537,8,0,1,0,0,0,0,0,0,0
3156,7,1,0,0,0,0,0,0,0,0
1363,2,0,0,0,0,0,0,1,0,0
2830,6,0,0,1,0,0,0,0,0,0
4233,9,0,0,0,1,0,0,0,0,0
3051,6,0,0,1,0,0,0,0,0,0
769,4,0,0,0,0,0,0,0,1,0
1957,4,0,0,0,0,0,0,0,1,0
460,1,0,0,0,0,0,0,0,0,1
715,3,0,0,0,0,0,1,0,0,0
2872,6,0,0,1,0,0,0,0,0,0
4097,9,0,0,0,1,0,0,0,0,0
680,3,0,0,0,0,0,1,0,0,0
2938,6,0,0,1,0,0,0,0,0,0
1213,2,0,0,0,0,0,0,1,0,0
2465,5,0,0,0,0,1,0,0,0,0
2362,5,0,0,0,0,1,0,0,0,0
856,4,0,0,0,0,0,0,0,1,0
196,1,0,0,0,0,0,0,0,0,1
1168,2,0,0,0,0,0,0,1,0,0
3841,8,0,1,0,0,0,0,0,0,0
4073,9,0,0,0,1,0,0,0,0,0
3632,8,0,1,0,0,0,0,0,0,0
163,1,0,0,0,0,0,0,0,0,1
2214,5,0,0,0,0,1,0,0,0,0
4390,9,0,0,0,1,0,0,0,0,0
522,2,0,0,0,0,0,0,1,0,0
3661,8,0,1,0,0,0,0,0,0,0
61,1,0,0,0,0,0,0,0,0,1
2184,4,0,0,0,0,0,0,0,1,0
3221,7,1,0,0,0,0,0,0,0,0
3130,7,1,0,0,0,0,0,0,0,0
1420,2,0,0,0,0,0,0,1,0,0
1968,4,0,0,0,0,0,0,0,1,0
254,1,0,0,0,0,0,0,0,0,1
2001,4,0,0,0,0,0,0,0,1,0
81,1,0,0,0,0,0,0,0,0,1
2116,4,0,0,0,0,0,0,0,1,0
3467,7,1,0,0,0,0,0,0,0,0
3104,7,1,0,0,0,0,0,0,0,0
645,2,0,0,0,0,0,0,1,0,0
2263,5,0,0,0,0,1,0,0,0,0
2624,6,0,0,1,0,0,0,0,0,0
4145,9,0,0,0,1,0,0,0,0,0
4380,9,0,0,0,1,0,0,0,0,0
2802,6,0,0,1,0,0,0,0,0,0
3258,7,1,0,0,0,0,0,0,0,0
1500,3,0,0,0,0,0,1,0,0,0
3770,8,0,1,0,0,0,0,0,0,0
4063,9,0,0,0,1,0,0,0,0,0
3962,8,0,1,0,0,0,0,0,0,0
4253,9,0,0,0,1,0,0,0,0,0
4252,9,0,0,0,1,0,0,0,0,0
3435,7,1,0,0,0,0,0,0,0,0
3193,7,1,0,0,0,0,0,0,0,0
2818,6,0,0,1,0,0,0,0,0,0
3610,8,0,1,0,0,0,0,0,0,0
2493,5,0,0,0,0,1,0,0,0,0
1891,4,0,0,0,0,0,0,0,1,0
1826,3,0,0,0,0,0,1,0,0,0
1972,4,0,0,0,0,0,0,0,1,0
3771,8,0,1,0,0,0,0,0,0,0
2977,6,0,0,1,0,0,0,0,0,0
3624,8,0,1,0,0,0,0,0,0,0
2267,5,0,0,0,0,1,0,0,0,0
2215,5,0,0,0,0,1,0,0,0,0
3696,8,0,1,0,0,0,0,0,0,0
2525,5,0,0,0,0,1,0,0,0,0
4003,9,0,0,0,1,0,0,0,0,0
2930,6,0,0,1,0,0,0,0,0,0
2328,5,0,0,0,0,1,0,0,0,0
4161,9,0,0,0,1,0,0,0,0,0
1109,8,0,1,0,0,0,0,0,0,0
975,5,0,0,0,0,1,0,0,0,0
2879,6,0,0,1,0,0,0,0,0,0
1320,2,0,0,0,0,0,0,1,0,0
896,4,0,0,0,0,0,0,0,1,0
1284,2,0,0,0,0,0,0,1,0,0
4068,9,0,0,0,1,0,0,0,0,0
2667,6,0,0,1,0,0,0,0,0,0
1776,3,0,0,0,0,0,1,0,0,0
179,1,0,0,0,0,0,0,0,0,1
736,3,0,0,0,0,0,1,0,0,0
1317,2,0,0,0,0,0,0,1,0,0
3590,8,0,1,0,0,0,0,0,0,0
637,2,0,0,0,0,0,0,1,0,0
2780,6,0,0,1,0,0,0,0,0,0
424,1,0,0,0,0,0,0,0,0,1
2958,6,0,0,1,0,0,0,0,0,0
1832,3,0,0,0,0,0,1,0,0,0
577,2,0,0,0,0,0,0,1,0,0
60,1,0,0,0,0,0,0,0,0,1
2941,6,0,0,1,0,0,0,0,0,0
2628,6,0,0,1,0,0,0,0,0,0
844,4,0,0,0,0,0,0,0,1,0
2121,4,0,0,0,0,0,0,0,1,0
2148,4,0,0,0,0,0,0,0,1,0
2510,5,0,0,0,0,1,0,0,0,0
245,1,0,0,0,0,0,0,0,0,1
46,1,0,0,0,0,0,0,0,0,1
2388,5,0,0,0,0,1,0,0,0,0
2848,6,0,0,1,0,0,0,0,0,0
634,2,0,0,0,0,0,0,1,0,0
3011,6,0,0,1,0,0,0,0,0,0
2146,4,0,0,0,0,0,0,0,1,0
1788,3,0,0,0,0,0,1,0,0,0
1144,2,0,0,0,0,0,0,1,0,0
3290,7,1,0,0,0,0,0,0,0,0
4184,9,0,0,0,1,0,0,0,0,0
867,4,0,0,0,0,0,0,0,1,0
3681,8,0,1,0,0,0,0,0,0,0
3508,7,1,0,0,0,0,0,0,0,0
2942,6,0,0,1,0,0,0,0,0,0
1733,3,0,0,0,0,0,1,0,0,0
3251,7,1,0,0,0,0,0,0,0,0
3351,7,1,0,0,0,0,0,0,0,0
2713,6,0,0,1,0,0,0,0,0,0
4131,9,0,0,0,1,0,0,0,0,0
674,3,0,0,0,0,0,1,0,0,0
1728,3,0,0,0,0,0,1,0,0,0
3348,7,1,0,0,0,0,0,0,0,0
34,1,0,0,0,0,0,0,0,0,1
240,1,0,0,0,0,0,0,0,0,1
922,4,0,0,0,0,0,0,0,1,0
1757,3,0,0,0,0,0,1,0,0,0
2804,6,0,0,1,0,0,0,0,0,0
33,1,0,0,0,0,0,0,0,0,1
850,4,0,0,0,0,0,0,0,1,0
1305,2,0,0,0,0,0,0,1,0,0
3755,8,0,1,0,0,0,0,0,0,0
484,1,0,0,0,0,0,0,0,0,1
4045,9,0,0,0,1,0,0,0,0,0
3307,7,1,0,0,0,0,0,0,0,0
2635,6,0,0,1,0,0,0,0,0,0
39,1,0,0,0,0,0,0,0,0,1
52,1,0,0,0,0,0,0,0,0,1
2245,5,0,0,0,0,1,0,0,0,0
2303,5,0,0,0,0,1,0,0,0,0
2601,6,0,0,1,0,0,0,0,0,0
2380,5,0,0,0,0,1,0,0,0,0
1862,4,0,0,0,0,0,0,0,1,0
2301,5,0,0,0,0,1,0,0,0,0
3871,8,0,1,0,0,0,0,0,0,0
2407,5,0,0,0,0,1,0,0,0,0
3943,8,0,1,0,0,0,0,0,0,0
3385,7,1,0,0,0,0,0,0,0,0
4093,9,0,0,0,1,0,0,0,0,0
3343,7,1,0,0,0,0,0,0,0,0
1632,3,0,0,0,0,0,1,0,0,0
1851,3,0,0,0,0,0,1,0,0,0
3344,7,1,0,0,0,0,0,0,0,0
2649,6,0,0,1,0,0,0,0,0,0
1774,3,0,0,0,0,0,1,0,0,0
2045,4,0,0,0,0,0,0,0,1,0
1141,2,0,0,0,0,0,0,1,0,0
3336,7,1,0,0,0,0,0,0,0,0
2223,5,0,0,0,0,1,0,0,0,0
3037,6,0,0,1,0,0,0,0,0,0
2764,6,0,0,1,0,0,0,0,0,0
1255,2,0,0,0,0,0,0,1,0,0
2910,6,0,0,1,0,0,0,0,0,0
1846,3,0,0,0,0,0,1,0,0,0
689,3,0,0,0,0,0,1,0,0,0
3269,7,1,0,0,0,0,0,0,0,0
2003,4,0,0,0,0,0,0,0,1,0
3093,7,1,0,0,0,0,0,0,0,0
4026,9,0,0,0,1,0,0,0,0,0
4297,9,0,0,0,1,0,0,0,0,0
2909,6,0,0,1,0,0,0,0,0,0
4232,9,0,0,0,1,0,0,0,0,0
2342,5,0,0,0,0,1,0,0,0,0
3817,8,0,1,0,0,0,0,0,0,0
4387,9,0,0,0,1,0,0,0,0,0
3582,8,0,1,0,0,0,0,0,0,0
3243,7,1,0,0,0,0,0,0,0,0
3033,6,0,0,1,0,0,0,0,0,0
707,3,0,0,0,0,0,1,0,0,0
4104,9,0,0,0,1,0,0,0,0,0
2807,6,0,0,1,0,0,0,0,0,0
2383,5,0,0,0,0,1,0,0,0,0
276,1,0,0,0,0,0,0,0,0,1
3144,7,1,0,0,0,0,0,0,0,0
3434,7,1,0,0,0,0,0,0,0,0
4102,9,0,0,0,1,0,0,0,0,0
1504,3,0,0,0,0,0,1,0,0,0
1559,3,0,0,0,0,0,1,0,0,0
3158,7,1,0,0,0,0,0,0,0,0
3867,8,0,1,0,0,0,0,0,0,0
4221,9,0,0,0,1,0,0,0,0,0
58,1,0,0,0,0,0,0,0,0,1
4108,9,0,0,0,1,0,0,0,0,0
3337,7,1,0,0,0,0,0,0,0,0
3613,8,0,1,0,0,0,0,0,0,0
3463,7,1,0,0,0,0,0,0,0,0
2976,6,0,0,1,0,0,0,0,0,0
2969,6,0,0,1,0,0,0,0,0,0
1437,2,0,0,0,0,0,0,1,0,0
227,1,0,0,0,0,0,0,0,0,1
759,3,0,0,0,0,0,1,0,0,0
512,2,0,0,0,0,0,0,1,0,0
1250,2,0,0,0,0,0,0,1,0,0
3486,7,1,0,0,0,0,0,0,0,0
1405,2,0,0,0,0,0,0,1,0,0
603,2,0,0,0,0,0,0,1,0,0
4050,9,0,0,0,1,0,0,0,0,0
810,4,0,0,0,0,0,0,0,1,0
3779,8,0,1,0,0,0,0,0,0,0
13,1,0,0,0,0,0,0,0,0,1
441,1,0,0,0,0,0,0,0,0,1
311,1,0,0,0,0,0,0,0,0,1
100,1,0,0,0,0,0,0,0,0,1
2763,6,0,0,1,0,0,0,0,0,0
2247,5,0,0,0,0,1,0,0,0,0
2687,6,0,0,1,0,0,0,0,0,0
756,3,0,0,0,0,0,1,0,0,0
3757,8,0,1,0,0,0,0,0,0,0
448,1,0,0,0,0,0,0,0,0,1
3760,8,0,1,0,0,0,0,0,0,0
3554,8,0,1,0,0,0,0,0,0,0
1781,3,0,0,0,0,0,1,0,0,0
2229,5,0,0,0,0,1,0,0,0,0
1190,2,0,0,0,0,0,0,1,0,0
609,2,0,0,0,0,0,0,1,0,0
2135,4,0,0,0,0,0,0,0,1,0
4011,9,0,0,0,1,0,0,0,0,0
422,1,0,0,0,0,0,0,0,0,1
907,4,0,0,0,0,0,0,0,1,0
4115,9,0,0,0,1,0,0,0,0,0
703,3,0,0,0,0,0,1,0,0,0
1574,3,0,0,0,0,0,1,0,0,0
3515,7,1,0,0,0,0,0,0,0,0
2955,6,0,0,1,0,0,0,0,0,0
378,1,0,0,0,0,0,0,0,0,1
1226,2,0,0,0,0,0,0,1,0,0
217,1,0,0,0,0,0,0,0,0,1
513,2,0,0,0,0,0,0,1,0,0
1708,3,0,0,0,0,0,1,0,0,0
1258,2,0,0,0,0,0,0,1,0,0
3671,8,0,1,0,0,0,0,0,0,0
2914,6,0,0,1,0,0,0,0,0,0
2712,6,0,0,1,0,0,0,0,0,0
1353,2,0,0,0,0,0,0,1,0,0
3832,8,0,1,0,0,0,0,0,0,0
412,1,0,0,0,0,0,0,0,0,1
3687,8,0,1,0,0,0,0,0,0,0
776,4,0,0,0,0,0,0,0,1,0
3146,7,1,0,0,0,0,0,0,0,0
1416,2,0,0,0,0,0,0,1,0,0
3856,8,0,1,0,0,0,0,0,0,0
3301,7,1,0,0,0,0,0,0,0,0
2228,5,0,0,0,0,1,0,0,0,0
2232,5,0,0,0,0,1,0,0,0,0
2414,5,0,0,0,0,1,0,0,0,0
1820,3,0,0,0,0,0,1,0,0,0
1448,2,0,0,0,0,0,0,1,0,0
1032,6,0,0,1,0,0,0,0,0,0
2898,6,0,0,1,0,0,0,0,0,0
3284,7,1,0,0,0,0,0,0,0,0
1183,2,0,0,0,0,0,0,1,0,0
3166,7,1,0,0,0,0,0,0,0,0
3403,7,1,0,0,0,0,0,0,0,0
1015,5,0,0,0,0,1,0,0,0,0
281,1,0,0,0,0,0,0,0,0,1
4411,9,0,0,0,1,0,0,0,0,0
2127,4,0,0,0,0,0,0,0,1,0
4326,9,0,0,0,1,0,0,0,0,0
2881,6,0,0,1,0,0,0,0,0,0
541,2,0,0,0,0,0,0,1,0,0
1720,3,0,0,0,0,0,1,0,0,0
615,2,0,0,0,0,0,0,1,0,0
3172,7,1,0,0,0,0,0,0,0,0
1031,6,0,0,1,0,0,0,0,0,0
4055,9,0,0,0,1,0,0,0,0,0
3082,7,1,0,0,0,0,0,0,0,0
449,1,0,0,0,0,0,0,0,0,1
3928,8,0,1,0,0,0,0,0,0,0
393,1,0,0,0,0,0,0,0,0,1
2508,5,0,0,0,0,1,0,0,0,0
797,4,0,0,0,0,0,0,0,1,0
1981,4,0,0,0,0,0,0,0,1,0
4364,9,0,0,0,1,0,0,0,0,0
406,1,0,0,0,0,0,0,0,0,1
3561,8,0,1,0,0,0,0,0,0,0
3558,8,0,1,0,0,0,0,0,0,0
3335,7,1,0,0,0,0,0,0,0,0
3225,7,1,0,0,0,0,0,0,0,0
665,3,0,0,0,0,0,1,0,0,0
271,1,0,0,0,0,0,0,0,0,1
3807,8,0,1,0,0,0,0,0,0,0
2828,6,0,0,1,0,0,0,0,0,0
1848,3,0,0,0,0,0,1,0,0,0
3004,6,0,0,1,0,0,0,0,0,0
1041,6,0,0,1,0,0,0,0,0,0
1095,8,0,1,0,0,0,0,0,0,0
760,3,0,0,0,0,0,1,0,0,0
3439,7,1,0,0,0,0,0,0,0,0
673,3,0,0,0,0,0,1,0,0,0
1510,3,0,0,0,0,0,1,0,0,0
1486,3,0,0,0,0,0,1,0,0,0
1388,2,0,0,0,0,0,0,1,0,0
4280,9,0,0,0,1,0,0,0,0,0
3162,7,1,0,0,0,0,0,0,0,0
1647,3,0,0,0,0,0,1,0,0,0
76,1,0,0,0,0,0,0,0,0,1
3658,8,0,1,0,0,0,0,0,0,0
1944,4,0,0,0,0,0,0,0,1,0
2732,6,0,0,1,0,0,0,0,0,0
1687,3,0,0,0,0,0,1,0,0,0
3891,8,0,1,0,0,0,0,0,0,0
3034,6,0,0,1,0,0,0,0,0,0
1635,3,0,0,0,0,0,1,0,0,0
3003,6,0,0,1,0,0,0,0,0,0
572,2,0,0,0,0,0,0,1,0,0
3050,6,0,0,1,0,0,0,0,0,0
2330,5,0,0,0,0,1,0,0,0,0
3460,7,1,0,0,0,0,0,0,0,0
132,1,0,0,0,0,0,0,0,0,1
848,4,0,0,0,0,0,0,0,1,0
620,2,0,0,0,0,0,0,1,0,0
1326,2,0,0,0,0,0,0,1,0,0
4288,9,0,0,0,1,0,0,0,0,0
3845,8,0,1,0,0,0,0,0,0,0
1731,3,0,0,0,0,0,1,0,0,0
3893,8,0,1,0,0,0,0,0,0,0
2768,6,0,0,1,0,0,0,0,0,0
1507,3,0,0,0,0,0,1,0,0,0
2614,6,0,0,1,0,0,0,0,0,0
596,2,0,0,0,0,0,0,1,0,0
3919,8,0,1,0,0,0,0,0,0,0
1989,4,0,0,0,0,0,0,0,1,0
3363,7,1,0,0,0,0,0,0,0,0
233,1,0,0,0,0,0,0,0,0,1
99,1,0,0,0,0,0,0,0,0,1
2081,4,0,0,0,0,0,0,0,1,0
2583,5,0,0,0,0,1,0,0,0,0
1037,6,0,0,1,0,0,0,0,0,0
109,1,0,0,0,0,0,0,0,0,1
2945,6,0,0,1,0,0,0,0,0,0
2919,6,0,0,1,0,0,0,0,0,0
4313,9,0,0,0,1,0,0,0,0,0
3901,8,0,1,0,0,0,0,0,0,0
1945,4,0,0,0,0,0,0,0,1,0
305,1,0,0,0,0,0,0,0,0,1
3359,7,1,0,0,0,0,0,0,0,0
2436,5,0,0,0,0,1,0,0,0,0
255,1,0,0,0,0,0,0,0,0,1
3938,8,0,1,0,0,0,0,0,0,0
4325,9,0,0,0,1,0,0,0,0,0
2283,5,0,0,0,0,1,0,0,0,0
2865,6,0,0,1,0,0,0,0,0,0
1937,4,0,0,0,0,0,0,0,1,0
2894,6,0,0,1,0,0,0,0,0,0
3910,8,0,1,0,0,0,0,0,0,0
3280,7,1,0,0,0,0,0,0,0,0
2720,6,0,0,1,0,0,0,0,0,0
4209,9,0,0,0,1,0,0,0,0,0
727,3,0,0,0,0,0,1,0,0,0
3846,8,0,1,0,0,0,0,0,0,0
2562,5,0,0,0,0,1,0,0,0,0
2171,4,0,0,0,0,0,0,0,1,0
2254,5,0,0,0,0,1,0,0,0,0
1002,5,0,0,0,0,1,0,0,0,0
4125,9,0,0,0,1,0,0,0,0,0
307,1,0,0,0,0,0,0,0,0,1
3576,8,0,1,0,0,0,0,0,0,0
1976,4,0,0,0,0,0,0,0,1,0
2595,6,0,0,1,0,0,0,0,0,0
854,4,0,0,0,0,0,0,0,1,0
524,2,0,0,0,0,0,0,1,0,0
1397,2,0,0,0,0,0,0,1,0,0
2847,6,0,0,1,0,0,0,0,0,0
3566,8,0,1,0,0,0,0,0,0,0
3655,8,0,1,0,0,0,0,0,0,0
4006,9,0,0,0,1,0,0,0,0,0
491,1,0,0,0,0,0,0,0,0,1
364,1,0,0,0,0,0,0,0,0,1
794,4,0,0,0,0,0,0,0,1,0
4174,9,0,0,0,1,0,0,0,0,0
252,1,0,0,0,0,0,0,0,0,1
2042,4,0,0,0,0,0,0,0,1,0
3573,8,0,1,0,0,0,0,0,0,0
3265,7,1,0,0,0,0,0,0,0,0
1150,2,0,0,0,0,0,0,1,0,0
1955,4,0,0,0,0,0,0,0,1,0
3449,7,1,0,0,0,0,0,0,0,0
793,4,0,0,0,0,0,0,0,1,0
959,5,0,0,0,0,1,0,0,0,0
2406,5,0,0,0,0,1,0,0,0,0
1334,2,0,0,0,0,0,0,1,0,0
1227,2,0,0,0,0,0,0,1,0,0
4042,9,0,0,0,1,0,0,0,0,0
4370,9,0,0,0,1,0,0,0,0,0
2385,5,0,0,0,0,1,0,0,0,0
3505,7,1,0,0,0,0,0,0,0,0
4034,9,0,0,0,1,0,0,0,0,0
3384,7,1,0,0,0,0,0,0,0,0
4152,9,0,0,0,1,0,0,0,0,0
1946,4,0,0,0,0,0,0,0,1,0
278,1,0,0,0,0,0,0,0,0,1
1887,4,0,0,0,0,0,0,0,1,0
1754,3,0,0,0,0,0,1,0,0,0
2627,6,0,0,1,0,0,0,0,0,0
1723,3,0,0,0,0,0,1,0,0,0
2671,6,0,0,1,0,0,0,0,0,0
59,1,0,0,0,0,0,0,0,0,1
319,1,0,0,0,0,0,0,0,0,1
3689,8,0,1,0,0,0,0,0,0,0
1537,3,0,0,0,0,0,1,0,0,0
3951,8,0,1,0,0,0,0,0,0,0
3406,7,1,0,0,0,0,0,0,0,0
1602,3,0,0,0,0,0,1,0,0,0
4293,9,0,0,0,1,0,0,0,0,0
923,4,0,0,0,0,0,0,0,1,0
476,1,0,0,0,0,0,0,0,0,1
884,4,0,0,0,0,0,0,0,1,0
3991,9,0,0,0,1,0,0,0,0,0
1605,3,0,0,0,0,0,1,0,0,0
1621,3,0,0,0,0,0,1,0,0,0
607,2,0,0,0,0,0,0,1,0,0
2209,5,0,0,0,0,1,0,0,0,0
4277,9,0,0,0,1,0,0,0,0,0
3637,8,0,1,0,0,0,0,0,0,0
3099,7,1,0,0,0,0,0,0,0,0
2198,5,0,0,0,0,1,0,0,0,0
1232,2,0,0,0,0,0,0,1,0,0
2107,4,0,0,0,0,0,0,0,1,0
578,2,0,0,0,0,0,0,1,0,0
3114,7,1,0,0,0,0,0,0,0,0
4381,9,0,0,0,1,0,0,0,0,0
1771,3,0,0,0,0,0,1,0,0,0
1341,2,0,0,0,0,0,0,1,0,0
2038,4,0,0,0,0,0,0,0,1,0
1278,2,0,0,0,0,0,0,1,0,0
2503,5,0,0,0,0,1,0,0,0,0
2192,4,0,0,0,0,0,0,0,1,0
4039,9,0,0,0,1,0,0,0,0,0
3688,8,0,1,0,0,0,0,0,0,0
640,2,0,0,0,0,0,0,1,0,0
966,5,0,0,0,0,1,0,0,0,0
1600,3,0,0,0,0,0,1,0,0,0
3,1,0,0,0,0,0,0,0,0,1
831,4,0,0,0,0,0,0,0,1,0
1489,3,0,0,0,0,0,1,0,0,0
2725,6,0,0,1,0,0,0,0,0,0
3296,7,1,0,0,0,0,0,0,0,0
1940,4,0,0,0,0,0,0,0,1,0
3642,8,0,1,0,0,0,0,0,0,0
1571,3,0,0,0,0,0,1,0,0,0
3959,8,0,1,0,0,0,0,0,0,0
2296,5,0,0,0,0,1,0,0,0,0
812,4,0,0,0,0,0,0,0,1,0
2534,5,0,0,0,0,1,0,0,0,0
4136,9,0,0,0,1,0,0,0,0,0
2353,5,0,0,0,0,1,0,0,0,0
2982,6,0,0,1,0,0,0,0,0,0
543,2,0,0,0,0,0,0,1,0,0
1803,3,0,0,0,0,0,1,0,0,0
4327,9,0,0,0,1,0,0,0,0,0
3915,8,0,1,0,0,0,0,0,0,0
4319,9,0,0,0,1,0,0,0,0,0
3799,8,0,1,0,0,0,0,0,0,0
2791,6,0,0,1,0,0,0,0,0,0
745,3,0,0,0,0,0,1,0,0,0
662,3,0,0,0,0,0,1,0,0,0
2544,5,0,0,0,0,1,0,0,0,0
1884,4,0,0,0,0,0,0,0,1,0
1395,2,0,0,0,0,0,0,1,0,0
2612,6,0,0,1,0,0,0,0,0,0
2018,4,0,0,0,0,0,0,0,1,0
1838,3,0,0,0,0,0,1,0,0,0
351,1,0,0,0,0,0,0,0,0,1
2177,4,0,0,0,0,0,0,0,1,0
1443,2,0,0,0,0,0,0,1,0,0
3110,7,1,0,0,0,0,0,0,0,0
3035,6,0,0,1,0,0,0,0,0,0
1683,3,0,0,0,0,0,1,0,0,0
1894,4,0,0,0,0,0,0,0,1,0
3518,7,1,0,0,0,0,0,0,0,0
3119,7,1,0,0,0,0,0,0,0,0
3364,7,1,0,0,0,0,0,0,0,0
327,1,0,0,0,0,0,0,0,0,1
651,3,0,0,0,0,0,1,0,0,0
2843,6,0,0,1,0,0,0,0,0,0
4217,9,0,0,0,1,0,0,0,0,0
1960,4,0,0,0,0,0,0,0,1,0
4126,9,0,0,0,1,0,0,0,0,0
3220,7,1,0,0,0,0,0,0,0,0
2399,5,0,0,0,0,1,0,0,0,0
2427,5,0,0,0,0,1,0,0,0,0
3468,7,1,0,0,0,0,0,0,0,0
1123,9,0,0,0,1,0,0,0,0,0
2440,5,0,0,0,0,1,0,0,0,0
579,2,0,0,0,0,0,0,1,0,0
846,4,0,0,0,0,0,0,0,1,0
2324,5,0,0,0,0,1,0,0,0,0
1218,2,0,0,0,0,0,0,1,0,0
4085,9,0,0,0,1,0,0,0,0,0
128,1,0,0,0,0,0,0,0,0,1
1084,8,0,1,0,0,0,0,0,0,0
7,1,0,0,0,0,0,0,0,0,1
2106,4,0,0,0,0,0,0,0,1,0
1454,2,0,0,0,0,0,0,1,0,0
2431,5,0,0,0,0,1,0,0,0,0
2068,4,0,0,0,0,0,0,0,1,0
2927,6,0,0,1,0,0,0,0,0,0
2178,4,0,0,0,0,0,0,0,1,0
3127,7,1,0,0,0,0,0,0,0,0
1947,4,0,0,0,0,0,0,0,1,0
3734,8,0,1,0,0,0,0,0,0,0
1102,8,0,1,0,0,0,0,0,0,0
1033,6,0,0,1,0,0,0,0,0,0
3726,8,0,1,0,0,0,0,0,0,0
2015,4,0,0,0,0,0,0,0,1,0
1350,2,0,0,0,0,0,0,1,0,0
3147,7,1,0,0,0,0,0,0,0,0
3837,8,0,1,0,0,0,0,0,0,0
2589,5,0,0,0,0,1,0,0,0,0
681,3,0,0,0,0,0,1,0,0,0
1106,8,0,1,0,0,0,0,0,0,0
3507,7,1,0,0,0,0,0,0,0,0
1892,4,0,0,0,0,0,0,0,1,0
1415,2,0,0,0,0,0,0,1,0,0
2259,5,0,0,0,0,1,0,0,0,0
3254,7,1,0,0,0,0,0,0,0,0
1196,2,0,0,0,0,0,0,1,0,0
2188,4,0,0,0,0,0,0,0,1,0
4247,9,0,0,0,1,0,0,0,0,0
458,1,0,0,0,0,0,0,0,0,1
1082,7,1,0,0,0,0,0,0,0,0
3323,7,1,0,0,0,0,0,0,0,0
2199,5,0,0,0,0,1,0,0,0,0
418,1,0,0,0,0,0,0,0,0,1
744,3,0,0,0,0,0,1,0,0,0
600,2,0,0,0,0,0,0,1,0,0
4142,9,0,0,0,1,0,0,0,0,0
4218,9,0,0,0,1,0,0,0,0,0
2714,6,0,0,1,0,0,0,0,0,0
127,1,0,0,0,0,0,0,0,0,1
3547,8,0,1,0,0,0,0,0,0,0
4320,9,0,0,0,1,0,0,0,0,0
840,4,0,0,0,0,0,0,0,1,0
3647,8,0,1,0,0,0,0,0,0,0
2441,5,0,0,0,0,1,0,0,0,0
1103,8,0,1,0,0,0,0,0,0,0
2876,6,0,0,1,0,0,0,0,0,0
879,4,0,0,0,0,0,0,0,1,0
2371,5,0,0,0,0,1,0,0,0,0
3223,7,1,0,0,0,0,0,0,0,0
1877,4,0,0,0,0,0,0,0,1,0
3980,8,0,1,0,0,0,0,0,0,0
3026,6,0,0,1,0,0,0,0,0,0
2831,6,0,0,1,0,0,0,0,0,0
992,5,0,0,0,0,1,0,0,0,0
1659,3,0,0,0,0,0,1,0,0,0
2653,6,0,0,1,0,0,0,0,0,0
4466,9,0,0,0,1,0,0,0,0,0
4008,9,0,0,0,1,0,0,0,0,0
3212,7,1,0,0,0,0,0,0,0,0
2308,5,0,0,0,0,1,0,0,0,0
2210,5,0,0,0,0,1,0,0,0,0
3815,8,0,1,0,0,0,0,0,0,0
4032,9,0,0,0,1,0,0,0,0,0
3620,8,0,1,0,0,0,0,0,0,0
693,3,0,0,0,0,0,1,0,0,0
135,1,0,0,0,0,0,0,0,0,1
2141,4,0,0,0,0,0,0,0,1,0
1672,3,0,0,0,0,0,1,0,0,0
2476,5,0,0,0,0,1,0,0,0,0
1468,2,0,0,0,0,0,0,1,0,0
4196,9,0,0,0,1,0,0,0,0,0
3629,8,0,1,0,0,0,0,0,0,0
1137,2,0,0,0,0,0,0,1,0,0
86,1,0,0,0,0,0,0,0,0,1
303,1,0,0,0,0,0,0,0,0,1
4014,9,0,0,0,1,0,0,0,0,0
1333,2,0,0,0,0,0,0,1,0,0
2491,5,0,0,0,0,1,0,0,0,0
1261,2,0,0,0,0,0,0,1,0,0
2926,6,0,0,1,0,0,0,0,0,0
2074,4,0,0,0,0,0,0,0,1,0
1593,3,0,0,0,0,0,1,0,0,0
2469,5,0,0,0,0,1,0,0,0,0
4157,9,0,0,0,1,0,0,0,0,0
3353,7,1,0,0,0,0,0,0,0,0
4260,9,0,0,0,1,0,0,0,0,0
236,1,0,0,0,0,0,0,0,0,1
2063,4,0,0,0,0,0,0,0,1,0
3529,8,0,1,0,0,0,0,0,0,0
3924,8,0,1,0,0,0,0,0,0,0
4398,9,0,0,0,1,0,0,0,0,0
2142,4,0,0,0,0,0,0,0,1,0
895,4,0,0,0,0,0,0,0,1,0
4156,9,0,0,0,1,0,0,0,0,0
3346,7,1,0,0,0,0,0,0,0,0
894,4,0,0,0,0,0,0,0,1,0
3086,7,1,0,0,0,0,0,0,0,0
112,1,0,0,0,0,0,0,0,0,1
518,2,0,0,0,0,0,0,1,0,0
1077,7,1,0,0,0,0,0,0,0,0
297,1,0,0,0,0,0,0,0,0,1
4337,9,0,0,0,1,0,0,0,0,0
4207,9,0,0,0,1,0,0,0,0,0
3459,7,1,0,0,0,0,0,0,0,0
2386,5,0,0,0,0,1,0,0,0,0
2343,5,0,0,0,0,1,0,0,0,0
2852,6,0,0,1,0,0,0,0,0,0
473,1,0,0,0,0,0,0,0,0,1
3824,8,0,1,0,0,0,0,0,0,0
2293,5,0,0,0,0,1,0,0,0,0
1061,7,1,0,0,0,0,0,0,0,0
2163,4,0,0,0,0,0,0,0,1,0
4445,9,0,0,0,1,0,0,0,0,0
3226,7,1,0,0,0,0,0,0,0,0
1331,2,0,0,0,0,0,0,1,0,0
961,5,0,0,0,0,1,0,0,0,0
453,1,0,0,0,0,0,0,0,0,1
1310,2,0,0,0,0,0,0,1,0,0
523,2,0,0,0,0,0,0,1,0,0
1777,3,0,0,0,0,0,1,0,0,0
4147,9,0,0,0,1,0,0,0,0,0
3451,7,1,0,0,0,0,0,0,0,0
4219,9,0,0,0,1,0,0,0,0,0
293,1,0,0,0,0,0,0,0,0,1
1675,3,0,0,0,0,0,1,0,0,0
3148,7,1,0,0,0,0,0,0,0,0
1875,4,0,0,0,0,0,0,0,1,0
4408,9,0,0,0,1,0,0,0,0,0
866,4,0,0,0,0,0,0,0,1,0
1878,4,0,0,0,0,0,0,0,1,0
787,4,0,0,0,0,0,0,0,1,0
4018,9,0,0,0,1,0,0,0,0,0
3869,8,0,1,0,0,0,0,0,0,0
1916,4,0,0,0,0,0,0,0,1,0
4311,9,0,0,0,1,0,0,0,0,0
1269,2,0,0,0,0,0,0,1,0,0
604,2,0,0,0,0,0,0,1,0,0
3498,7,1,0,0,0,0,0,0,0,0
4114,9,0,0,0,1,0,0,0,0,0
1374,2,0,0,0,0,0,0,1,0,0
539,2,0,0,0,0,0,0,1,0,0
3000,6,0,0,1,0,0,0,0,0,0
735,3,0,0,0,0,0,1,0,0,0
1120,9,0,0,0,1,0,0,0,0,0
782,4,0,0,0,0,0,0,0,1,0
3457,7,1,0,0,0,0,0,0,0,0
2134,4,0,0,0,0,0,0,0,1,0
4435,9,0,0,0,1,0,0,0,0,0
2024,4,0,0,0,0,0,0,0,1,0
544,2,0,0,0,0,0,0,1,0,0
421,1,0,0,0,0,0,0,0,0,1
3369,7,1,0,0,0,0,0,0,0,0
3365,7,1,0,0,0,0,0,0,0,0
3532,8,0,1,0,0,0,0,0,0,0
720,3,0,0,0,0,0,1,0,0,0
1108,8,0,1,0,0,0,0,0,0,0
37,1,0,0,0,0,0,0,0,0,1
6,1,0,0,0,0,0,0,0,0,1
826,4,0,0,0,0,0,0,0,1,0
1152,2,0,0,0,0,0,0,1,0,0
1519,3,0,0,0,0,0,1,0,0,0
3751,8,0,1,0,0,0,0,0,0,0
3524,7,1,0,0,0,0,0,0,0,0
3415,7,1,0,0,0,0,0,0,0,0
4176,9,0,0,0,1,0,0,0,0,0
563,2,0,0,0,0,0,0,1,0,0
2448,5,0,0,0,0,1,0,0,0,0
505,2,0,0,0,0,0,0,1,0,0
2546,5,0,0,0,0,1,0,0,0,0
369,1,0,0,0,0,0,0,0,0,1
120,1,0,0,0,0,0,0,0,0,1
2049,4,0,0,0,0,0,0,0,1,0
4110,9,0,0,0,1,0,0,0,0,0
817,4,0,0,0,0,0,0,0,1,0
1991,4,0,0,0,0,0,0,0,1,0
62,1,0,0,0,0,0,0,0,0,1
1074,7,1,0,0,0,0,0,0,0,0
1929,4,0,0,0,0,0,0,0,1,0
187,1,0,0,0,0,0,0,0,0,1
3161,7,1,0,0,0,0,0,0,0,0
1712,3,0,0,0,0,0,1,0,0,0
809,4,0,0,0,0,0,0,0,1,0
2012,4,0,0,0,0,0,0,0,1,0
478,1,0,0,0,0,0,0,0,0,1
2299,5,0,0,0,0,1,0,0,0,0
3627,8,0,1,0,0,0,0,0,0,0
3858,8,0,1,0,0,0,0,0,0,0
3631,8,0,1,0,0,0,0,0,0,0
3405,7,1,0,0,0,0,0,0,0,0
3847,8,0,1,0,0,0,0,0,0,0
938,5,0,0,0,0,1,0,0,0,0
2467,5,0,0,0,0,1,0,0,0,0
20,1,0,0,0,0,0,0,0,0,1
1376,2,0,0,0,0,0,0,1,0,0
1680,3,0,0,0,0,0,1,0,0,0
2396,5,0,0,0,0,1,0,0,0,0
926,5,0,0,0,0,1,0,0,0,0
1209,2,0,0,0,0,0,0,1,0,0
1214,2,0,0,0,0,0,0,1,0,0
1008,5,0,0,0,0,1,0,0,0,0
3940,8,0,1,0,0,0,0,0,0,0
4300,9,0,0,0,1,0,0,0,0,0
4299,9,0,0,0,1,0,0,0,0,0
748,3,0,0,0,0,0,1,0,0,0
18,1,0,0,0,0,0,0,0,0,1
990,5,0,0,0,0,1,0,0,0,0
4188,9,0,0,0,1,0,0,0,0,0
698,3,0,0,0,0,0,1,0,0,0
3512,7,1,0,0,0,0,0,0,0,0
2783,6,0,0,1,0,0,0,0,0,0
3966,8,0,1,0,0,0,0,0,0,0
2118,4,0,0,0,0,0,0,0,1,0
4347,9,0,0,0,1,0,0,0,0,0
3970,8,0,1,0,0,0,0,0,0,0
35,1,0,0,0,0,0,0,0,0,1
2706,6,0,0,1,0,0,0,0,0,0
1852,3,0,0,0,0,0,1,0,0,0
1597,3,0,0,0,0,0,1,0,0,0
2027,4,0,0,0,0,0,0,0,1,0
3705,8,0,1,0,0,0,0,0,0,0
4442,9,0,0,0,1,0,0,0,0,0
2915,6,0,0,1,0,0,0,0,0,0
1868,4,0,0,0,0,0,0,0,1,0
4173,9,0,0,0,1,0,0,0,0,0
1256,2,0,0,0,0,0,0,1,0,0
3890,8,0,1,0,0,0,0,0,0,0
3022,6,0,0,1,0,0,0,0,0,0
2290,5,0,0,0,0,1,0,0,0,0
2835,6,0,0,1,0,0,0,0,0,0
1951,4,0,0,0,0,0,0,0,1,0
3971,8,0,1,0,0,0,0,0,0,0
1502,3,0,0,0,0,0,1,0,0,0
3718,8,0,1,0,0,0,0,0,0,0
2646,6,0,0,1,0,0,0,0,0,0
410,1,0,0,0,0,0,0,0,0,1
2809,6,0,0,1,0,0,0,0,0,0
2400,5,0,0,0,0,1,0,0,0,0
1057,6,0,0,1,0,0,0,0,0,0
1203,2,0,0,0,0,0,0,1,0,0
21,1,0,0,0,0,0,0,0,0,1
1445,2,0,0,0,0,0,0,1,0,0
2854,6,0,0,1,0,0,0,0,0,0
2260,5,0,0,0,0,1,0,0,0,0
1765,3,0,0,0,0,0,1,0,0,0
1368,2,0,0,0,0,0,0,1,0,0
2379,5,0,0,0,0,1,0,0,0,0
1933,4,0,0,0,0,0,0,0,1,0
3666,8,0,1,0,0,0,0,0,0,0
2294,5,0,0,0,0,1,0,0,0,0
2895,6,0,0,1,0,0,0,0,0,0
2174,4,0,0,0,0,0,0,0,1,0
1347,2,0,0,0,0,0,0,1,0,0
397,1,0,0,0,0,0,0,0,0,1
1979,4,0,0,0,0,0,0,0,1,0
3117,7,1,0,0,0,0,0,0,0,0
3136,7,1,0,0,0,0,0,0,0,0
2754,6,0,0,1,0,0,0,0,0,0
2777,6,0,0,1,0,0,0,0,0,0
375,1,0,0,0,0,0,0,0,0,1
2943,6,0,0,1,0,0,0,0,0,0
3600,8,0,1,0,0,0,0,0,0,0
470,1,0,0,0,0,0,0,0,0,1
1233,2,0,0,0,0,0,0,1,0,0
4130,9,0,0,0,1,0,0,0,0,0
633,2,0,0,0,0,0,0,1,0,0
2128,4,0,0,0,0,0,0,0,1,0
1458,2,0,0,0,0,0,0,1,0,0
1319,2,0,0,0,0,0,0,1,0,0
4064,9,0,0,0,1,0,0,0,0,0
3685,8,0,1,0,0,0,0,0,0,0
2036,4,0,0,0,0,0,0,0,1,0
437,1,0,0,0,0,0,0,0,0,1
2374,5,0,0,0,0,1,0,0,0,0
3818,8,0,1,0,0,0,0,0,0,0
1234,2,0,0,0,0,0,0,1,0,0
2483,5,0,0,0,0,1,0,0,0,0
4366,9,0,0,0,1,0,0,0,0,0
1787,3,0,0,0,0,0,1,0,0,0
2705,6,0,0,1,0,0,0,0,0,0
1926,4,0,0,0,0,0,0,0,1,0
4107,9,0,0,0,1,0,0,0,0,0
2405,5,0,0,0,0,1,0,0,0,0
3062,7,1,0,0,0,0,0,0,0,0
660,3,0,0,0,0,0,1,0,0,0
2451,5,0,0,0,0,1,0,0,0,0
783,4,0,0,0,0,0,0,0,1,0
357,1,0,0,0,0,0,0,0,0,1
215,1,0,0,0,0,0,0,0,0,1
1392,2,0,0,0,0,0,0,1,0,0
1817,3,0,0,0,0,0,1,0,0,0
1613,3,0,0,0,0,0,1,0,0,0
2552,5,0,0,0,0,1,0,0,0,0
1595,3,0,0,0,0,0,1,0,0,0
234,1,0,0,0,0,0,0,0,0,1
2711,6,0,0,1,0,0,0,0,0,0
2721,6,0,0,1,0,0,0,0,0,0
909,4,0,0,0,0,0,0,0,1,0
3892,8,0,1,0,0,0,0,0,0,0
3548,8,0,1,0,0,0,0,0,0,0
4047,9,0,0,0,1,0,0,0,0,0
659,3,0,0,0,0,0,1,0,0,0
3098,7,1,0,0,0,0,0,0,0,0
1315,2,0,0,0,0,0,0,1,0,0
1316,2,0,0,0,0,0,0,1,0,0
3276,7,1,0,0,0,0,0,0,0,0
2826,6,0,0,1,0,0,0,0,0,0
1619,3,0,0,0,0,0,1,0,0,0
324,1,0,0,0,0,0,0,0,0,1
2113,4,0,0,0,0,0,0,0,1,0
2189,4,0,0,0,0,0,0,0,1,0
3394,7,1,0,0,0,0,0,0,0,0
3987,8,0,1,0,0,0,0,0,0,0
3429,7,1,0,0,0,0,0,0,0,0
3944,8,0,1,0,0,0,0,0,0,0
2176,4,0,0,0,0,0,0,0,1,0
38,1,0,0,0,0,0,0,0,0,1
1422,2,0,0,0,0,0,0,1,0,0
2545,5,0,0,0,0,1,0,0,0,0
2592,5,0,0,0,0,1,0,0,0,0
304,1,0,0,0,0,0,0,0,0,1
2829,6,0,0,1,0,0,0,0,0,0
2602,6,0,0,1,0,0,0,0,0,0
3195,7,1,0,0,0,0,0,0,0,0
804,4,0,0,0,0,0,0,0,1,0
829,4,0,0,0,0,0,0,0,1,0
4215,9,0,0,0,1,0,0,0,0,0
1747,3,0,0,0,0,0,1,0,0,0
2372,5,0,0,0,0,1,0,0,0,0
3454,7,1,0,0,0,0,0,0,0,0
2724,6,0,0,1,0,0,0,0,0,0
3953,8,0,1,0,0,0,0,0,0,0
2970,6,0,0,1,0,0,0,0,0,0
3876,8,0,1,0,0,0,0,0,0,0
870,4,0,0,0,0,0,0,0,1,0
4397,9,0,0,0,1,0,0,0,0,0
3761,8,0,1,0,0,0,0,0,0,0
2953,6,0,0,1,0,0,0,0,0,0
4015,9,0,0,0,1,0,0,0,0,0
1094,8,0,1,0,0,0,0,0,0,0
3939,8,0,1,0,0,0,0,0,0,0
3390,7,1,0,0,0,0,0,0,0,0
2161,4,0,0,0,0,0,0,0,1,0
4372,9,0,0,0,1,0,0,0,0,0
3792,8,0,1,0,0,0,0,0,0,0
1648,3,0,0,0,0,0,1,0,0,0
2806,6,0,0,1,0,0,0,0,0,0
1578,3,0,0,0,0,0,1,0,0,0
3428,7,1,0,0,0,0,0,0,0,0
502,2,0,0,0,0,0,0,1,0,0
83,1,0,0,0,0,0,0,0,0,1
144,1,0,0,0,0,0,0,0,0,1
4095,9,0,0,0,1,0,0,0,0,0
4268,9,0,0,0,1,0,0,0,0,0
3933,8,0,1,0,0,0,0,0,0,0
3370,7,1,0,0,0,0,0,0,0,0
1681,3,0,0,0,0,0,1,0,0,0
506,2,0,0,0,0,0,0,1,0,0
754,3,0,0,0,0,0,1,0,0,0
87,1,0,0,0,0,0,0,0,0,1
313,1,0,0,0,0,0,0,0,0,1
2059,4,0,0,0,0,0,0,0,1,0
655,3,0,0,0,0,0,1,0,0,0
2841,6,0,0,1,0,0,0,0,0,0
2933,6,0,0,1,0,0,0,0,0,0
2641,6,0,0,1,0,0,0,0,0,0
653,3,0,0,0,0,0,1,0,0,0
1930,4,0,0,0,0,0,0,0,1,0
4005,9,0,0,0,1,0,0,0,0,0
668,3,0,0,0,0,0,1,0,0,0
3139,7,1,0,0,0,0,0,0,0,0
1822,3,0,0,0,0,0,1,0,0,0
3509,7,1,0,0,0,0,0,0,0,0
2122,4,0,0,0,0,0,0,0,1,0
477,1,0,0,0,0,0,0,0,0,1
1274,2,0,0,0,0,0,0,1,0,0
3802,8,0,1,0,0,0,0,0,0,0
4241,9,0,0,0,1,0,0,0,0,0
2623,6,0,0,1,0,0,0,0,0,0
514,2,0,0,0,0,0,0,1,0,0
3550,8,0,1,0,0,0,0,0,0,0
3719,8,0,1,0,0,0,0,0,0,0
2490,5,0,0,0,0,1,0,0,0,0
3608,8,0,1,0,0,0,0,0,0,0
148,1,0,0,0,0,0,0,0,0,1
3361,7,1,0,0,0,0,0,0,0,0
1038,6,0,0,1,0,0,0,0,0,0
2433,5,0,0,0,0,1,0,0,0,0
4308,9,0,0,0,1,0,0,0,0,0
2742,6,0,0,1,0,0,0,0,0,0
862,4,0,0,0,0,0,0,0,1,0
2082,4,0,0,0,0,0,0,0,1,0
346,1,0,0,0,0,0,0,0,0,1
1413,2,0,0,0,0,0,0,1,0,0
3036,6,0,0,1,0,0,0,0,0,0
694,3,0,0,0,0,0,1,0,0,0
1768,3,0,0,0,0,0,1,0,0,0
768,4,0,0,0,0,0,0,0,1,0
1081,7,1,0,0,0,0,0,0,0,0
3317,7,1,0,0,0,0,0,0,0,0
556,2,0,0,0,0,0,0,1,0,0
1373,2,0,0,0,0,0,0,1,0,0
1682,3,0,0,0,0,0,1,0,0,0
3061,7,1,0,0,0,0,0,0,0,0
1932,4,0,0,0,0,0,0,0,1,0
788,4,0,0,0,0,0,0,0,1,0
3295,7,1,0,0,0,0,0,0,0,0
2268,5,0,0,0,0,1,0,0,0,0
3538,8,0,1,0,0,0,0,0,0,0
1040,6,0,0,1,0,0,0,0,0,0
803,4,0,0,0,0,0,0,0,1,0
429,1,0,0,0,0,0,0,0,0,1
2137,4,0,0,0,0,0,0,0,1,0
1509,3,0,0,0,0,0,1,0,0,0
2968,6,0,0,1,0,0,0,0,0,0
4339,9,0,0,0,1,0,0,0,0,0
2626,6,0,0,1,0,0,0,0,0,0
2334,5,0,0,0,0,1,0,0,0,0
1758,3,0,0,0,0,0,1,0,0,0
3691,8,0,1,0,0,0,0,0,0,0
3367,7,1,0,0,0,0,0,0,0,0
1701,3,0,0,0,0,0,1,0,0,0
262,1,0,0,0,0,0,0,0,0,1
3510,7,1,0,0,0,0,0,0,0,0
409,1,0,0,0,0,0,0,0,0,1
1813,3,0,0,0,0,0,1,0,0,0
3568,8,0,1,0,0,0,0,0,0,0
1476,3,0,0,0,0,0,1,0,0,0
1845,3,0,0,0,0,0,1,0,0,0
915,4,0,0,0,0,0,0,0,1,0
226,1,0,0,0,0,0,0,0,0,1
1719,3,0,0,0,0,0,1,0,0,0
2810,6,0,0,1,0,0,0,0,0,0
3703,8,0,1,0,0,0,0,0,0,0
2900,6,0,0,1,0,0,0,0,0,0
3286,7,1,0,0,0,0,0,0,0,0
839,4,0,0,0,0,0,0,0,1,0
1797,3,0,0,0,0,0,1,0,0,0
2084,4,0,0,0,0,0,0,0,1,0
3252,7,1,0,0,0,0,0,0,0,0
2921,6,0,0,1,0,0,0,0,0,0
643,2,0,0,0,0,0,0,1,0,0
3574,8,0,1,0,0,0,0,0,0,0
394,1,0,0,0,0,0,0,0,0,1
1236,2,0,0,0,0,0,0,1,0,0
1667,3,0,0,0,0,0,1,0,0,0
2630,6,0,0,1,0,0,0,0,0,0
4227,9,0,0,0,1,0,0,0,0,0
2410,5,0,0,0,0,1,0,0,0,0
4109,9,0,0,0,1,0,0,0,0,0
2741,6,0,0,1,0,0,0,0,0,0
3419,7,1,0,0,0,0,0,0,0,0
488,1,0,0,0,0,0,0,0,0,1
17,1,0,0,0,0,0,0,0,0,1
618,2,0,0,0,0,0,0,1,0,0
1549,3,0,0,0,0,0,1,0,0,0
4369,9,0,0,0,1,0,0,0,0,0
1738,3,0,0,0,0,0,1,0,0,0
2240,5,0,0,0,0,1,0,0,0,0
274,1,0,0,0,0,0,0,0,0,1
2220,5,0,0,0,0,1,0,0,0,0
806,4,0,0,0,0,0,0,0,1,0
3949,8,0,1,0,0,0,0,0,0,0
3375,7,1,0,0,0,0,0,0,0,0
2992,6,0,0,1,0,0,0,0,0,0
3998,9,0,0,0,1,0,0,0,0,0
3896,8,0,1,0,0,0,0,0,0,0
4379,9,0,0,0,1,0,0,0,0,0
3253,7,1,0,0,0,0,0,0,0,0
2111,4,0,0,0,0,0,0,0,1,0
1427,2,0,0,0,0,0,0,1,0,0
2526,5,0,0,0,0,1,0,0,0,0
889,4,0,0,0,0,0,0,0,1,0
2,1,0,0,0,0,0,0,0,0,1
3408,7,1,0,0,0,0,0,0,0,0
3015,6,0,0,1,0,0,0,0,0,0
3767,8,0,1,0,0,0,0,0,0,0
2365,5,0,0,0,0,1,0,0,0,0
3777,8,0,1,0,0,0,0,0,0,0
3503,7,1,0,0,0,0,0,0,0,0
4231,9,0,0,0,1,0,0,0,0,0
2883,6,0,0,1,0,0,0,0,0,0
4027,9,0,0,0,1,0,0,0,0,0
2651,6,0,0,1,0,0,0,0,0,0
1028,6,0,0,1,0,0,0,0,0,0
3213,7,1,0,0,0,0,0,0,0,0
2463,5,0,0,0,0,1,0,0,0,0
1900,4,0,0,0,0,0,0,0,1,0
2434,5,0,0,0,0,1,0,0,0,0
1531,3,0,0,0,0,0,1,0,0,0
2960,6,0,0,1,0,0,0,0,0,0
1340,2,0,0,0,0,0,0,1,0,0
1899,4,0,0,0,0,0,0,0,1,0
3300,7,1,0,0,0,0,0,0,0,0
1679,3,0,0,0,0,0,1,0,0,0
4376,9,0,0,0,1,0,0,0,0,0
2800,6,0,0,1,0,0,0,0,0,0
802,4,0,0,0,0,0,0,0,1,0
4149,9,0,0,0,1,0,0,0,0,0
1890,4,0,0,0,0,0,0,0,1,0
350,1,0,0,0,0,0,0,0,0,1
79,1,0,0,0,0,0,0,0,0,1
3927,8,0,1,0,0,0,0,0,0,0
